
> backend@1.0.0 dev
> ts-node --transpile-only src/index.ts

[dotenv@17.3.1] injecting env (0) from .env -- tip: 🤖 agentic secret storage: https://dotenvx.com/as2
🚀 API Superior V2 corriendo en http://localhost:3001
🤖 Bot de Telegram activo.
✅ Conexión a Base de Datos de Producción estable.
[2026-03-06T22:57:22.675Z] GET /api/dependencies
[2026-03-06T22:57:22.681Z] GET /api/dependencies - User: undefined Roles: [ 'SuperAdministrador' ]
[2026-03-06T22:57:22.693Z] Found 86 dependencies
[2026-03-06T22:58:20.599Z] GET /api/dependencies
[2026-03-06T22:58:20.601Z] GET /api/dependencies - User: undefined Roles: [ 'SuperAdministrador' ]
[2026-03-06T22:58:20.608Z] Found 86 dependencies
[2026-03-06T23:00:24.661Z] OPTIONS /api/dependencies
[2026-03-06T23:00:24.665Z] OPTIONS /api/dependencies
[2026-03-06T23:00:26.874Z] OPTIONS /api/entities?periodo=2026
[2026-03-06T23:00:26.890Z] GET /api/entities?periodo=2026
[2026-03-06T23:00:27.000Z] GET /api/entities?periodo=2026
[2026-03-06T23:00:27.080Z] OPTIONS /api/entries/2?periodo=2026
[2026-03-06T23:00:27.081Z] OPTIONS /api/entries/3?periodo=2026
[2026-03-06T23:00:27.082Z] OPTIONS /api/entries/4?periodo=2026
[2026-03-06T23:00:27.083Z] OPTIONS /api/entries/7?periodo=2026
[2026-03-06T23:00:27.083Z] OPTIONS /api/entries/5?periodo=2026
[2026-03-06T23:00:27.083Z] OPTIONS /api/entries/8?periodo=2026
[2026-03-06T23:00:27.084Z] OPTIONS /api/entries/6?periodo=2026
[2026-03-06T23:00:27.084Z] OPTIONS /api/entries/10?periodo=2026
[2026-03-06T23:00:27.084Z] OPTIONS /api/entries/9?periodo=2026
[2026-03-06T23:00:27.086Z] OPTIONS /api/entries/11?periodo=2026
[2026-03-06T23:00:27.088Z] OPTIONS /api/entries/12?periodo=2026
[2026-03-06T23:00:27.089Z] OPTIONS /api/entries/15?periodo=2026
[2026-03-06T23:00:27.089Z] OPTIONS /api/entries/13?periodo=2026
[2026-03-06T23:00:27.089Z] OPTIONS /api/entries/14?periodo=2026
[2026-03-06T23:00:27.090Z] OPTIONS /api/entries/17?periodo=2026
[2026-03-06T23:00:27.090Z] OPTIONS /api/entries/16?periodo=2026
[2026-03-06T23:00:27.090Z] OPTIONS /api/entries/18?periodo=2026
[2026-03-06T23:00:27.091Z] OPTIONS /api/entries/19?periodo=2026
[2026-03-06T23:00:27.091Z] OPTIONS /api/entries/21?periodo=2026
[2026-03-06T23:00:27.091Z] OPTIONS /api/entries/22?periodo=2026
[2026-03-06T23:00:27.091Z] OPTIONS /api/entries/23?periodo=2026
[2026-03-06T23:00:27.091Z] OPTIONS /api/entries/24?periodo=2026
[2026-03-06T23:00:27.092Z] OPTIONS /api/entries/25?periodo=2026
[2026-03-06T23:00:27.093Z] OPTIONS /api/entries/26?periodo=2026
[2026-03-06T23:00:27.093Z] OPTIONS /api/entries/28?periodo=2026
[2026-03-06T23:00:27.093Z] OPTIONS /api/entries/30?periodo=2026
[2026-03-06T23:00:27.093Z] OPTIONS /api/entries/31?periodo=2026
[2026-03-06T23:00:27.094Z] OPTIONS /api/entries/29?periodo=2026
[2026-03-06T23:00:27.094Z] OPTIONS /api/entries/32?periodo=2026
[2026-03-06T23:00:27.094Z] OPTIONS /api/entries/33?periodo=2026
[2026-03-06T23:00:27.095Z] OPTIONS /api/entries/34?periodo=2026
[2026-03-06T23:00:27.095Z] OPTIONS /api/entries/35?periodo=2026
[2026-03-06T23:00:27.096Z] OPTIONS /api/entries/36?periodo=2026
[2026-03-06T23:00:27.097Z] OPTIONS /api/entries/37?periodo=2026
[2026-03-06T23:00:27.097Z] OPTIONS /api/entries/39?periodo=2026
[2026-03-06T23:00:27.098Z] OPTIONS /api/entries/40?periodo=2026
[2026-03-06T23:00:27.098Z] OPTIONS /api/entries/41?periodo=2026
[2026-03-06T23:00:27.098Z] OPTIONS /api/entries/42?periodo=2026
[2026-03-06T23:00:27.098Z] OPTIONS /api/entries/43?periodo=2026
[2026-03-06T23:00:27.098Z] OPTIONS /api/entries/45?periodo=2026
[2026-03-06T23:00:27.099Z] OPTIONS /api/entries/46?periodo=2026
[2026-03-06T23:00:27.099Z] OPTIONS /api/entries/47?periodo=2026
[2026-03-06T23:00:27.100Z] OPTIONS /api/entries/48?periodo=2026
[2026-03-06T23:00:27.100Z] OPTIONS /api/entries/49?periodo=2026
[2026-03-06T23:00:27.101Z] OPTIONS /api/entries/50?periodo=2026
[2026-03-06T23:00:27.101Z] OPTIONS /api/entries/51?periodo=2026
[2026-03-06T23:00:27.101Z] OPTIONS /api/entries/53?periodo=2026
[2026-03-06T23:00:27.102Z] OPTIONS /api/entries/52?periodo=2026
[2026-03-06T23:00:27.104Z] OPTIONS /api/entries/54?periodo=2026
[2026-03-06T23:00:27.106Z] OPTIONS /api/entries/56?periodo=2026
[2026-03-06T23:00:27.107Z] OPTIONS /api/entries/57?periodo=2026
[2026-03-06T23:00:27.107Z] OPTIONS /api/entries/58?periodo=2026
[2026-03-06T23:00:27.108Z] GET /api/entries/2?periodo=2026
[2026-03-06T23:00:27.109Z] OPTIONS /api/entries/60?periodo=2026
[2026-03-06T23:00:27.109Z] OPTIONS /api/entries/61?periodo=2026
[2026-03-06T23:00:27.109Z] OPTIONS /api/entries/59?periodo=2026
[2026-03-06T23:00:27.110Z] GET /api/entries/3?periodo=2026
[2026-03-06T23:00:27.110Z] OPTIONS /api/entries/66?periodo=2026
[2026-03-06T23:00:27.110Z] OPTIONS /api/entries/62?periodo=2026
[2026-03-06T23:00:27.111Z] OPTIONS /api/entries/67?periodo=2026
[2026-03-06T23:00:27.111Z] OPTIONS /api/entries/63?periodo=2026
[2026-03-06T23:00:27.111Z] OPTIONS /api/entries/65?periodo=2026
[2026-03-06T23:00:27.111Z] GET /api/entries/7?periodo=2026
[2026-03-06T23:00:27.112Z] OPTIONS /api/entries/69?periodo=2026
[2026-03-06T23:00:27.112Z] GET /api/entries/4?periodo=2026
[2026-03-06T23:00:27.112Z] OPTIONS /api/entries/70?periodo=2026
[2026-03-06T23:00:27.112Z] GET /api/entries/5?periodo=2026
[2026-03-06T23:00:27.113Z] GET /api/entries/8?periodo=2026
[2026-03-06T23:00:27.116Z] OPTIONS /api/entries/71?periodo=2026
[2026-03-06T23:00:27.116Z] OPTIONS /api/entries/72?periodo=2026
[2026-03-06T23:00:27.117Z] GET /api/entries/6?periodo=2026
[2026-03-06T23:00:27.118Z] OPTIONS /api/entries/73?periodo=2026
[2026-03-06T23:00:27.118Z] GET /api/entries/10?periodo=2026
[2026-03-06T23:00:27.121Z] OPTIONS /api/entries/74?periodo=2026
[2026-03-06T23:00:27.121Z] OPTIONS /api/entries/75?periodo=2026
[2026-03-06T23:00:27.122Z] OPTIONS /api/entries/76?periodo=2026
[2026-03-06T23:00:27.122Z] GET /api/entries/9?periodo=2026
[2026-03-06T23:00:27.122Z] OPTIONS /api/entries/77?periodo=2026
[2026-03-06T23:00:27.123Z] OPTIONS /api/entries/78?periodo=2026
[2026-03-06T23:00:27.123Z] OPTIONS /api/entries/79?periodo=2026
[2026-03-06T23:00:27.123Z] GET /api/entries/11?periodo=2026
[2026-03-06T23:00:27.124Z] OPTIONS /api/entries/82?periodo=2026
[2026-03-06T23:00:27.124Z] OPTIONS /api/entries/81?periodo=2026
[2026-03-06T23:00:27.125Z] OPTIONS /api/entries/83?periodo=2026
[2026-03-06T23:00:27.125Z] OPTIONS /api/entries/84?periodo=2026
[2026-03-06T23:00:27.125Z] OPTIONS /api/entries/85?periodo=2026
[2026-03-06T23:00:27.125Z] OPTIONS /api/entries/86?periodo=2026
[2026-03-06T23:00:27.125Z] OPTIONS /api/entries/87?periodo=2026
[2026-03-06T23:00:27.126Z] OPTIONS /api/entries/91?periodo=2026
[2026-03-06T23:00:27.126Z] OPTIONS /api/entries/92?periodo=2026
[2026-03-06T23:00:27.126Z] OPTIONS /api/entries/89?periodo=2026
[2026-03-06T23:00:27.126Z] GET /api/entries/12?periodo=2026
[2026-03-06T23:00:27.127Z] OPTIONS /api/entries/93?periodo=2026
[2026-03-06T23:00:27.127Z] GET /api/entries/15?periodo=2026
[2026-03-06T23:00:27.127Z] GET /api/entries/13?periodo=2026
[2026-03-06T23:00:27.128Z] GET /api/entries/14?periodo=2026
[2026-03-06T23:00:27.128Z] OPTIONS /api/entries/95?periodo=2026
[2026-03-06T23:00:27.128Z] OPTIONS /api/entries/96?periodo=2026
[2026-03-06T23:00:27.128Z] OPTIONS /api/entries/97?periodo=2026
[2026-03-06T23:00:27.128Z] OPTIONS /api/entries/98?periodo=2026
[2026-03-06T23:00:27.128Z] OPTIONS /api/entries/99?periodo=2026
[2026-03-06T23:00:27.129Z] GET /api/entries/17?periodo=2026
[2026-03-06T23:00:27.129Z] OPTIONS /api/entries/100?periodo=2026
[2026-03-06T23:00:27.130Z] GET /api/entries/16?periodo=2026
[2026-03-06T23:00:27.132Z] GET /api/entries/18?periodo=2026
[2026-03-06T23:00:27.133Z] OPTIONS /api/entries/101?periodo=2026
[2026-03-06T23:00:27.133Z] GET /api/entries/19?periodo=2026
[2026-03-06T23:00:27.133Z] OPTIONS /api/entries/103?periodo=2026
[2026-03-06T23:00:27.134Z] GET /api/entries/21?periodo=2026
[2026-03-06T23:00:27.134Z] GET /api/entries/23?periodo=2026
[2026-03-06T23:00:27.134Z] GET /api/entries/22?periodo=2026
[2026-03-06T23:00:27.135Z] OPTIONS /api/entries/102?periodo=2026
[2026-03-06T23:00:27.135Z] OPTIONS /api/entries/104?periodo=2026
[2026-03-06T23:00:27.135Z] GET /api/entries/24?periodo=2026
[2026-03-06T23:00:27.137Z] OPTIONS /api/entries/108?periodo=2026
[2026-03-06T23:00:27.137Z] OPTIONS /api/entries/107?periodo=2026
[2026-03-06T23:00:27.137Z] OPTIONS /api/entries/110?periodo=2026
[2026-03-06T23:00:27.137Z] OPTIONS /api/entries/112?periodo=2026
[2026-03-06T23:00:27.137Z] OPTIONS /api/entries/111?periodo=2026
[2026-03-06T23:00:27.137Z] GET /api/entries/25?periodo=2026
[2026-03-06T23:00:27.137Z] GET /api/entries/26?periodo=2026
[2026-03-06T23:00:27.138Z] OPTIONS /api/entries/113?periodo=2026
[2026-03-06T23:00:27.138Z] GET /api/entries/28?periodo=2026
[2026-03-06T23:00:27.138Z] OPTIONS /api/entries/114?periodo=2026
[2026-03-06T23:00:27.139Z] GET /api/entries/30?periodo=2026
[2026-03-06T23:00:27.140Z] OPTIONS /api/entries/119?periodo=2026
[2026-03-06T23:00:27.140Z] GET /api/entries/31?periodo=2026
[2026-03-06T23:00:27.140Z] OPTIONS /api/entries/115?periodo=2026
[2026-03-06T23:00:27.141Z] GET /api/entries/29?periodo=2026
[2026-03-06T23:00:27.141Z] OPTIONS /api/entries/116?periodo=2026
[2026-03-06T23:00:27.142Z] OPTIONS /api/entries/118?periodo=2026
[2026-03-06T23:00:27.142Z] GET /api/entries/32?periodo=2026
[2026-03-06T23:00:27.143Z] OPTIONS /api/entries/117?periodo=2026
[2026-03-06T23:00:27.143Z] OPTIONS /api/entries/120?periodo=2026
[2026-03-06T23:00:27.143Z] OPTIONS /api/entries/121?periodo=2026
[2026-03-06T23:00:27.143Z] GET /api/entries/33?periodo=2026
[2026-03-06T23:00:27.144Z] GET /api/entries/34?periodo=2026
[2026-03-06T23:00:27.144Z] OPTIONS /api/entries/123?periodo=2026
[2026-03-06T23:00:27.145Z] OPTIONS /api/entries/122?periodo=2026
[2026-03-06T23:00:27.145Z] OPTIONS /api/entries/125?periodo=2026
[2026-03-06T23:00:27.145Z] GET /api/entries/35?periodo=2026
[2026-03-06T23:00:27.145Z] OPTIONS /api/entries/126?periodo=2026
[2026-03-06T23:00:27.146Z] OPTIONS /api/entries/124?periodo=2026
[2026-03-06T23:00:27.146Z] OPTIONS /api/entries/127?periodo=2026
[2026-03-06T23:00:27.147Z] GET /api/entries/37?periodo=2026
[2026-03-06T23:00:27.147Z] OPTIONS /api/entries/129?periodo=2026
[2026-03-06T23:00:27.148Z] GET /api/entries/36?periodo=2026
[2026-03-06T23:00:27.149Z] OPTIONS /api/entries/128?periodo=2026
[2026-03-06T23:00:27.149Z] GET /api/entries/39?periodo=2026
[2026-03-06T23:00:27.150Z] OPTIONS /api/entries/131?periodo=2026
[2026-03-06T23:00:27.150Z] OPTIONS /api/entries/130?periodo=2026
[2026-03-06T23:00:27.150Z] OPTIONS /api/entries/132?periodo=2026
[2026-03-06T23:00:27.150Z] GET /api/entries/40?periodo=2026
[2026-03-06T23:00:27.151Z] OPTIONS /api/entries/133?periodo=2026
[2026-03-06T23:00:27.151Z] OPTIONS /api/entries/134?periodo=2026
[2026-03-06T23:00:27.151Z] GET /api/entries/41?periodo=2026
[2026-03-06T23:00:27.152Z] GET /api/entries/42?periodo=2026
[2026-03-06T23:00:27.152Z] GET /api/entries/43?periodo=2026
[2026-03-06T23:00:27.152Z] OPTIONS /api/entries/135?periodo=2026
[2026-03-06T23:00:27.152Z] OPTIONS /api/entries/136?periodo=2026
[2026-03-06T23:00:27.153Z] GET /api/entries/45?periodo=2026
[2026-03-06T23:00:27.153Z] OPTIONS /api/entries/137?periodo=2026
[2026-03-06T23:00:27.153Z] GET /api/entries/46?periodo=2026
[2026-03-06T23:00:27.154Z] OPTIONS /api/entries/138?periodo=2026
[2026-03-06T23:00:27.155Z] OPTIONS /api/entries/139?periodo=2026
[2026-03-06T23:00:27.156Z] GET /api/entries/47?periodo=2026
[2026-03-06T23:00:27.158Z] OPTIONS /api/entries/140?periodo=2026
[2026-03-06T23:00:27.158Z] OPTIONS /api/entries/143?periodo=2026
[2026-03-06T23:00:27.158Z] OPTIONS /api/entries/141?periodo=2026
[2026-03-06T23:00:27.159Z] GET /api/entries/48?periodo=2026
[2026-03-06T23:00:27.159Z] OPTIONS /api/entries/142?periodo=2026
[2026-03-06T23:00:27.160Z] OPTIONS /api/entries/144?periodo=2026
[2026-03-06T23:00:27.160Z] GET /api/entries/50?periodo=2026
[2026-03-06T23:00:27.161Z] OPTIONS /api/entries/146?periodo=2026
[2026-03-06T23:00:27.161Z] OPTIONS /api/entries/145?periodo=2026
[2026-03-06T23:00:27.162Z] GET /api/entries/49?periodo=2026
[2026-03-06T23:00:27.163Z] GET /api/entries/51?periodo=2026
[2026-03-06T23:00:27.164Z] OPTIONS /api/entries/147?periodo=2026
[2026-03-06T23:00:27.164Z] GET /api/entries/53?periodo=2026
[2026-03-06T23:00:27.165Z] OPTIONS /api/entries/148?periodo=2026
[2026-03-06T23:00:27.165Z] OPTIONS /api/entries/150?periodo=2026
[2026-03-06T23:00:27.165Z] OPTIONS /api/entries/149?periodo=2026
[2026-03-06T23:00:27.166Z] OPTIONS /api/entries/151?periodo=2026
[2026-03-06T23:00:27.166Z] GET /api/entries/52?periodo=2026
[2026-03-06T23:00:27.167Z] OPTIONS /api/entries/152?periodo=2026
[2026-03-06T23:00:27.167Z] OPTIONS /api/entries/153?periodo=2026
[2026-03-06T23:00:27.168Z] OPTIONS /api/entries/155?periodo=2026
[2026-03-06T23:00:27.168Z] OPTIONS /api/entries/156?periodo=2026
[2026-03-06T23:00:27.168Z] OPTIONS /api/entries/154?periodo=2026
[2026-03-06T23:00:27.169Z] OPTIONS /api/entries/159?periodo=2026
[2026-03-06T23:00:27.169Z] OPTIONS /api/entries/160?periodo=2026
[2026-03-06T23:00:27.169Z] OPTIONS /api/entries/161?periodo=2026
[2026-03-06T23:00:27.169Z] OPTIONS /api/entries/158?periodo=2026
[2026-03-06T23:00:27.169Z] OPTIONS /api/entries/163?periodo=2026
[2026-03-06T23:00:27.169Z] GET /api/entries/54?periodo=2026
[2026-03-06T23:00:27.170Z] OPTIONS /api/entries/166?periodo=2026
[2026-03-06T23:00:27.171Z] OPTIONS /api/entries/162?periodo=2026
[2026-03-06T23:00:27.171Z] OPTIONS /api/entries/164?periodo=2026
[2026-03-06T23:00:27.171Z] OPTIONS /api/entries/167?periodo=2026
[2026-03-06T23:00:27.171Z] OPTIONS /api/entries/169?periodo=2026
[2026-03-06T23:00:27.171Z] OPTIONS /api/entries/168?periodo=2026
[2026-03-06T23:00:27.171Z] OPTIONS /api/entries/171?periodo=2026
[2026-03-06T23:00:27.171Z] OPTIONS /api/entries/170?periodo=2026
[2026-03-06T23:00:27.171Z] GET /api/entries/56?periodo=2026
[2026-03-06T23:00:27.172Z] OPTIONS /api/entries/172?periodo=2026
[2026-03-06T23:00:27.172Z] OPTIONS /api/entries/173?periodo=2026
[2026-03-06T23:00:27.173Z] OPTIONS /api/entries/174?periodo=2026
[2026-03-06T23:00:27.173Z] GET /api/entries/57?periodo=2026
[2026-03-06T23:00:27.173Z] OPTIONS /api/entries/175?periodo=2026
[2026-03-06T23:00:27.173Z] GET /api/entries/58?periodo=2026
[2026-03-06T23:00:27.174Z] OPTIONS /api/entries/176?periodo=2026
[2026-03-06T23:00:27.174Z] OPTIONS /api/entries/177?periodo=2026
[2026-03-06T23:00:27.174Z] OPTIONS /api/entries/178?periodo=2026
[2026-03-06T23:00:27.174Z] OPTIONS /api/entries/179?periodo=2026
[2026-03-06T23:00:27.174Z] OPTIONS /api/entries/180?periodo=2026
[2026-03-06T23:00:27.174Z] OPTIONS /api/entries/182?periodo=2026
[2026-03-06T23:00:27.174Z] OPTIONS /api/entries/181?periodo=2026
[2026-03-06T23:00:27.174Z] OPTIONS /api/entries/184?periodo=2026
[2026-03-06T23:00:27.174Z] OPTIONS /api/entries/183?periodo=2026
[2026-03-06T23:00:27.175Z] OPTIONS /api/entries/185?periodo=2026
[2026-03-06T23:00:27.176Z] GET /api/entries/60?periodo=2026
[2026-03-06T23:00:27.176Z] OPTIONS /api/entries/186?periodo=2026
[2026-03-06T23:00:27.176Z] GET /api/entries/61?periodo=2026
[2026-03-06T23:00:27.177Z] OPTIONS /api/entries/187?periodo=2026
[2026-03-06T23:00:27.177Z] GET /api/entries/59?periodo=2026
[2026-03-06T23:00:27.177Z] OPTIONS /api/entries/188?periodo=2026
[2026-03-06T23:00:27.177Z] OPTIONS /api/entries/189?periodo=2026
[2026-03-06T23:00:27.177Z] GET /api/entries/66?periodo=2026
[2026-03-06T23:00:27.178Z] OPTIONS /api/entries/190?periodo=2026
[2026-03-06T23:00:27.178Z] OPTIONS /api/entries/191?periodo=2026
[2026-03-06T23:00:27.178Z] GET /api/entries/62?periodo=2026
[2026-03-06T23:00:27.178Z] OPTIONS /api/entries/192?periodo=2026
[2026-03-06T23:00:27.179Z] GET /api/entries/67?periodo=2026
[2026-03-06T23:00:27.179Z] OPTIONS /api/entries/193?periodo=2026
[2026-03-06T23:00:27.179Z] GET /api/entries/63?periodo=2026
[2026-03-06T23:00:27.179Z] GET /api/entries/65?periodo=2026
[2026-03-06T23:00:27.180Z] OPTIONS /api/entries/194?periodo=2026
[2026-03-06T23:00:27.180Z] OPTIONS /api/entries/195?periodo=2026
[2026-03-06T23:00:27.180Z] OPTIONS /api/entries/196?periodo=2026
[2026-03-06T23:00:27.180Z] OPTIONS /api/entries/197?periodo=2026
[2026-03-06T23:00:27.180Z] GET /api/entries/69?periodo=2026
[2026-03-06T23:00:27.180Z] OPTIONS /api/entries/200?periodo=2026
[2026-03-06T23:00:27.180Z] OPTIONS /api/entries/199?periodo=2026
[2026-03-06T23:00:27.180Z] GET /api/entries/70?periodo=2026
[2026-03-06T23:00:27.182Z] OPTIONS /api/entries/201?periodo=2026
[2026-03-06T23:00:27.182Z] OPTIONS /api/entries/198?periodo=2026
[2026-03-06T23:00:27.183Z] OPTIONS /api/entries/202?periodo=2026
[2026-03-06T23:00:27.183Z] OPTIONS /api/entries/203?periodo=2026
[2026-03-06T23:00:27.183Z] OPTIONS /api/entries/204?periodo=2026
[2026-03-06T23:00:27.183Z] OPTIONS /api/entries/205?periodo=2026
[2026-03-06T23:00:27.183Z] OPTIONS /api/entries/206?periodo=2026
[2026-03-06T23:00:27.183Z] OPTIONS /api/entries/208?periodo=2026
[2026-03-06T23:00:27.183Z] OPTIONS /api/entries/209?periodo=2026
[2026-03-06T23:00:27.183Z] OPTIONS /api/entries/210?periodo=2026
[2026-03-06T23:00:27.183Z] OPTIONS /api/entries/207?periodo=2026
[2026-03-06T23:00:27.183Z] OPTIONS /api/entries/212?periodo=2026
[2026-03-06T23:00:27.184Z] GET /api/entries/72?periodo=2026
[2026-03-06T23:00:27.184Z] OPTIONS /api/entries/216?periodo=2026
[2026-03-06T23:00:27.184Z] GET /api/entries/71?periodo=2026
[2026-03-06T23:00:27.185Z] OPTIONS /api/entries/211?periodo=2026
[2026-03-06T23:00:27.185Z] OPTIONS /api/entries/215?periodo=2026
[2026-03-06T23:00:27.185Z] OPTIONS /api/entries/213?periodo=2026
[2026-03-06T23:00:27.185Z] OPTIONS /api/entries/214?periodo=2026
[2026-03-06T23:00:27.185Z] OPTIONS /api/entries/217?periodo=2026
[2026-03-06T23:00:27.185Z] OPTIONS /api/entries/218?periodo=2026
[2026-03-06T23:00:27.185Z] GET /api/entries/73?periodo=2026
[2026-03-06T23:00:27.186Z] OPTIONS /api/entries/220?periodo=2026
[2026-03-06T23:00:27.186Z] OPTIONS /api/entries/221?periodo=2026
[2026-03-06T23:00:27.186Z] OPTIONS /api/entries/219?periodo=2026
[2026-03-06T23:00:27.186Z] OPTIONS /api/entries/224?periodo=2026
[2026-03-06T23:00:27.187Z] OPTIONS /api/entries/225?periodo=2026
[2026-03-06T23:00:27.187Z] OPTIONS /api/entries/222?periodo=2026
[2026-03-06T23:00:27.187Z] OPTIONS /api/entries/223?periodo=2026
[2026-03-06T23:00:27.187Z] OPTIONS /api/entries/226?periodo=2026
[2026-03-06T23:00:27.187Z] GET /api/entries/75?periodo=2026
[2026-03-06T23:00:27.187Z] GET /api/entries/74?periodo=2026
[2026-03-06T23:00:27.188Z] GET /api/entries/76?periodo=2026
[2026-03-06T23:00:27.188Z] OPTIONS /api/entries/228?periodo=2026
[2026-03-06T23:00:27.188Z] OPTIONS /api/entries/229?periodo=2026
[2026-03-06T23:00:27.189Z] OPTIONS /api/entries/230?periodo=2026
[2026-03-06T23:00:27.189Z] OPTIONS /api/entries/233?periodo=2026
[2026-03-06T23:00:27.189Z] OPTIONS /api/entries/235?periodo=2026
[2026-03-06T23:00:27.189Z] OPTIONS /api/entries/236?periodo=2026
[2026-03-06T23:00:27.190Z] OPTIONS /api/entries/234?periodo=2026
[2026-03-06T23:00:27.191Z] GET /api/entries/77?periodo=2026
[2026-03-06T23:00:27.192Z] OPTIONS /api/entries/238?periodo=2026
[2026-03-06T23:00:27.192Z] OPTIONS /api/entries/237?periodo=2026
[2026-03-06T23:00:27.192Z] GET /api/entries/78?periodo=2026
[2026-03-06T23:00:27.192Z] OPTIONS /api/entries/239?periodo=2026
[2026-03-06T23:00:27.192Z] OPTIONS /api/entries/240?periodo=2026
[2026-03-06T23:00:27.192Z] GET /api/entries/79?periodo=2026
[2026-03-06T23:00:27.193Z] OPTIONS /api/entries/243?periodo=2026
[2026-03-06T23:00:27.193Z] OPTIONS /api/entries/242?periodo=2026
[2026-03-06T23:00:27.193Z] OPTIONS /api/entries/244?periodo=2026
[2026-03-06T23:00:27.193Z] OPTIONS /api/entries/245?periodo=2026
[2026-03-06T23:00:27.193Z] OPTIONS /api/entries/246?periodo=2026
[2026-03-06T23:00:27.193Z] OPTIONS /api/entries/247?periodo=2026
[2026-03-06T23:00:27.193Z] GET /api/entries/82?periodo=2026
[2026-03-06T23:00:27.194Z] GET /api/entries/81?periodo=2026
[2026-03-06T23:00:27.194Z] GET /api/entries/83?periodo=2026
[2026-03-06T23:00:27.194Z] OPTIONS /api/entries/248?periodo=2026
[2026-03-06T23:00:27.194Z] GET /api/entries/84?periodo=2026
[2026-03-06T23:00:27.195Z] OPTIONS /api/entries/249?periodo=2026
[2026-03-06T23:00:27.195Z] GET /api/entries/85?periodo=2026
[2026-03-06T23:00:27.195Z] GET /api/entries/86?periodo=2026
[2026-03-06T23:00:27.196Z] OPTIONS /api/entries/250?periodo=2026
[2026-03-06T23:00:27.196Z] GET /api/entries/87?periodo=2026
[2026-03-06T23:00:27.196Z] OPTIONS /api/entries/251?periodo=2026
[2026-03-06T23:00:27.196Z] OPTIONS /api/entries/252?periodo=2026
[2026-03-06T23:00:27.197Z] GET /api/entries/92?periodo=2026
[2026-03-06T23:00:27.197Z] OPTIONS /api/entries/254?periodo=2026
[2026-03-06T23:00:27.197Z] GET /api/entries/91?periodo=2026
[2026-03-06T23:00:27.198Z] GET /api/entries/89?periodo=2026
[2026-03-06T23:00:27.198Z] OPTIONS /api/entries/253?periodo=2026
[2026-03-06T23:00:27.199Z] OPTIONS /api/entries/255?periodo=2026
[2026-03-06T23:00:27.199Z] OPTIONS /api/entries/257?periodo=2026
[2026-03-06T23:00:27.200Z] OPTIONS /api/entries/258?periodo=2026
[2026-03-06T23:00:27.200Z] OPTIONS /api/entries/259?periodo=2026
[2026-03-06T23:00:27.200Z] GET /api/entries/93?periodo=2026
[2026-03-06T23:00:27.200Z] OPTIONS /api/entries/261?periodo=2026
[2026-03-06T23:00:27.200Z] OPTIONS /api/entries/262?periodo=2026
[2026-03-06T23:00:27.200Z] OPTIONS /api/entries/260?periodo=2026
[2026-03-06T23:00:27.201Z] OPTIONS /api/entries/263?periodo=2026
[2026-03-06T23:00:27.201Z] OPTIONS /api/entries/264?periodo=2026
[2026-03-06T23:00:27.201Z] OPTIONS /api/entries/265?periodo=2026
[2026-03-06T23:00:27.201Z] OPTIONS /api/entries/266?periodo=2026
[2026-03-06T23:00:27.202Z] OPTIONS /api/entries/267?periodo=2026
[2026-03-06T23:00:27.202Z] GET /api/entries/95?periodo=2026
[2026-03-06T23:00:27.202Z] OPTIONS /api/entries/268?periodo=2026
[2026-03-06T23:00:27.202Z] GET /api/entries/96?periodo=2026
[2026-03-06T23:00:27.203Z] GET /api/entries/97?periodo=2026
[2026-03-06T23:00:27.203Z] GET /api/entries/99?periodo=2026
[2026-03-06T23:00:27.203Z] OPTIONS /api/entries/269?periodo=2026
[2026-03-06T23:00:27.203Z] GET /api/entries/98?periodo=2026
[2026-03-06T23:00:27.204Z] OPTIONS /api/entries/270?periodo=2026
[2026-03-06T23:00:27.204Z] OPTIONS /api/entries/271?periodo=2026
[2026-03-06T23:00:27.204Z] GET /api/entries/100?periodo=2026
[2026-03-06T23:00:27.205Z] OPTIONS /api/entries/272?periodo=2026
[2026-03-06T23:00:27.206Z] OPTIONS /api/entries/273?periodo=2026
[2026-03-06T23:00:27.206Z] OPTIONS /api/entries/274?periodo=2026
[2026-03-06T23:00:27.207Z] OPTIONS /api/entries/275?periodo=2026
[2026-03-06T23:00:27.207Z] OPTIONS /api/entries/277?periodo=2026
[2026-03-06T23:00:27.207Z] OPTIONS /api/entries/278?periodo=2026
[2026-03-06T23:00:27.207Z] OPTIONS /api/entries/276?periodo=2026
[2026-03-06T23:00:27.207Z] OPTIONS /api/entries/280?periodo=2026
[2026-03-06T23:00:27.207Z] OPTIONS /api/entries/281?periodo=2026
[2026-03-06T23:00:27.208Z] OPTIONS /api/entries/279?periodo=2026
[2026-03-06T23:00:27.208Z] OPTIONS /api/entries/283?periodo=2026
[2026-03-06T23:00:27.208Z] OPTIONS /api/entries/284?periodo=2026
[2026-03-06T23:00:27.208Z] OPTIONS /api/entries/282?periodo=2026
[2026-03-06T23:00:27.208Z] OPTIONS /api/entries/285?periodo=2026
[2026-03-06T23:00:27.208Z] OPTIONS /api/entries/286?periodo=2026
[2026-03-06T23:00:27.208Z] OPTIONS /api/entries/288?periodo=2026
[2026-03-06T23:00:27.208Z] OPTIONS /api/entries/289?periodo=2026
[2026-03-06T23:00:27.209Z] OPTIONS /api/entries/290?periodo=2026
[2026-03-06T23:00:27.209Z] OPTIONS /api/entries/291?periodo=2026
[2026-03-06T23:00:27.209Z] OPTIONS /api/entries/292?periodo=2026
[2026-03-06T23:00:27.209Z] OPTIONS /api/entries/293?periodo=2026
[2026-03-06T23:00:27.209Z] GET /api/entries/101?periodo=2026
[2026-03-06T23:00:27.210Z] OPTIONS /api/entries/297?periodo=2026
[2026-03-06T23:00:27.210Z] OPTIONS /api/entries/294?periodo=2026
[2026-03-06T23:00:27.210Z] OPTIONS /api/entries/295?periodo=2026
[2026-03-06T23:00:27.210Z] OPTIONS /api/entries/296?periodo=2026
[2026-03-06T23:00:27.210Z] GET /api/entries/103?periodo=2026
[2026-03-06T23:00:27.210Z] OPTIONS /api/entries/298?periodo=2026
[2026-03-06T23:00:27.210Z] OPTIONS /api/entries/299?periodo=2026
[2026-03-06T23:00:27.211Z] OPTIONS /api/entries/300?periodo=2026
[2026-03-06T23:00:27.211Z] OPTIONS /api/entries/301?periodo=2026
[2026-03-06T23:00:27.211Z] OPTIONS /api/entries/302?periodo=2026
[2026-03-06T23:00:27.211Z] OPTIONS /api/entries/303?periodo=2026
[2026-03-06T23:00:27.211Z] GET /api/entries/102?periodo=2026
[2026-03-06T23:00:27.212Z] OPTIONS /api/entries/304?periodo=2026
[2026-03-06T23:00:27.212Z] OPTIONS /api/entries/305?periodo=2026
[2026-03-06T23:00:27.212Z] GET /api/entries/104?periodo=2026
[2026-03-06T23:00:27.212Z] GET /api/entries/107?periodo=2026
[2026-03-06T23:00:27.212Z] OPTIONS /api/entries/307?periodo=2026
[2026-03-06T23:00:27.212Z] OPTIONS /api/entries/306?periodo=2026
[2026-03-06T23:00:27.213Z] GET /api/entries/108?periodo=2026
[2026-03-06T23:00:27.213Z] GET /api/entries/110?periodo=2026
[2026-03-06T23:00:27.214Z] GET /api/entries/112?periodo=2026
[2026-03-06T23:00:27.214Z] GET /api/entries/111?periodo=2026
[2026-03-06T23:00:27.215Z] OPTIONS /api/entries/308?periodo=2026
[2026-03-06T23:00:27.216Z] OPTIONS /api/entries/309?periodo=2026
[2026-03-06T23:00:27.216Z] OPTIONS /api/entries/311?periodo=2026
[2026-03-06T23:00:27.216Z] GET /api/entries/113?periodo=2026
[2026-03-06T23:00:27.217Z] OPTIONS /api/entries/314?periodo=2026
[2026-03-06T23:00:27.217Z] OPTIONS /api/entries/312?periodo=2026
[2026-03-06T23:00:27.217Z] OPTIONS /api/entries/313?periodo=2026
[2026-03-06T23:00:27.217Z] OPTIONS /api/entries/315?periodo=2026
[2026-03-06T23:00:27.218Z] OPTIONS /api/entries/316?periodo=2026
[2026-03-06T23:00:27.218Z] GET /api/entries/114?periodo=2026
[2026-03-06T23:00:27.218Z] OPTIONS /api/entries/317?periodo=2026
[2026-03-06T23:00:27.218Z] OPTIONS /api/entries/324?periodo=2026
[2026-03-06T23:00:27.219Z] OPTIONS /api/entries/325?periodo=2026
[2026-03-06T23:00:27.219Z] OPTIONS /api/entries/318?periodo=2026
[2026-03-06T23:00:27.219Z] OPTIONS /api/entries/322?periodo=2026
[2026-03-06T23:00:27.219Z] GET /api/entries/119?periodo=2026
[2026-03-06T23:00:27.219Z] OPTIONS /api/entries/327?periodo=2026
[2026-03-06T23:00:27.219Z] OPTIONS /api/entries/326?periodo=2026
[2026-03-06T23:00:27.219Z] OPTIONS /api/entries/330?periodo=2026
[2026-03-06T23:00:27.219Z] OPTIONS /api/entries/328?periodo=2026
[2026-03-06T23:00:27.219Z] OPTIONS /api/entries/329?periodo=2026
[2026-03-06T23:00:27.219Z] OPTIONS /api/entries/332?periodo=2026
[2026-03-06T23:00:27.220Z] GET /api/entries/115?periodo=2026
[2026-03-06T23:00:27.220Z] OPTIONS /api/entries/331?periodo=2026
[2026-03-06T23:00:27.220Z] OPTIONS /api/entries/334?periodo=2026
[2026-03-06T23:00:27.220Z] OPTIONS /api/entries/333?periodo=2026
[2026-03-06T23:00:27.220Z] GET /api/entries/116?periodo=2026
[2026-03-06T23:00:27.220Z] GET /api/entries/118?periodo=2026
[2026-03-06T23:00:27.221Z] OPTIONS /api/entries/336?periodo=2026
[2026-03-06T23:00:27.221Z] OPTIONS /api/entries/335?periodo=2026
[2026-03-06T23:00:27.221Z] OPTIONS /api/entries/337?periodo=2026
[2026-03-06T23:00:27.221Z] OPTIONS /api/entries/341?periodo=2026
[2026-03-06T23:00:27.221Z] OPTIONS /api/entries/342?periodo=2026
[2026-03-06T23:00:27.221Z] OPTIONS /api/entries/343?periodo=2026
[2026-03-06T23:00:27.222Z] GET /api/entries/117?periodo=2026
[2026-03-06T23:00:27.222Z] GET /api/entries/120?periodo=2026
[2026-03-06T23:00:27.222Z] OPTIONS /api/entries/344?periodo=2026
[2026-03-06T23:00:27.223Z] GET /api/entries/121?periodo=2026
[2026-03-06T23:00:27.223Z] OPTIONS /api/entries/347?periodo=2026
[2026-03-06T23:00:27.224Z] OPTIONS /api/entries/348?periodo=2026
[2026-03-06T23:00:27.224Z] OPTIONS /api/entries/350?periodo=2026
[2026-03-06T23:00:27.224Z] OPTIONS /api/entries/349?periodo=2026
[2026-03-06T23:00:27.224Z] OPTIONS /api/entries/352?periodo=2026
[2026-03-06T23:00:27.224Z] OPTIONS /api/entries/351?periodo=2026
[2026-03-06T23:00:27.224Z] OPTIONS /api/entries/353?periodo=2026
[2026-03-06T23:00:27.224Z] OPTIONS /api/entries/354?periodo=2026
[2026-03-06T23:00:27.224Z] GET /api/entries/123?periodo=2026
[2026-03-06T23:00:27.224Z] GET /api/entries/122?periodo=2026
[2026-03-06T23:00:27.225Z] OPTIONS /api/entries/355?periodo=2026
[2026-03-06T23:00:27.225Z] GET /api/entries/125?periodo=2026
[2026-03-06T23:00:27.226Z] OPTIONS /api/entries/356?periodo=2026
[2026-03-06T23:00:27.226Z] OPTIONS /api/entries/357?periodo=2026
[2026-03-06T23:00:27.226Z] OPTIONS /api/entries/358?periodo=2026
[2026-03-06T23:00:27.227Z] GET /api/entries/126?periodo=2026
[2026-03-06T23:00:27.227Z] OPTIONS /api/entries/360?periodo=2026
[2026-03-06T23:00:27.227Z] OPTIONS /api/entries/359?periodo=2026
[2026-03-06T23:00:27.227Z] GET /api/entries/124?periodo=2026
[2026-03-06T23:00:27.227Z] OPTIONS /api/entries/362?periodo=2026
[2026-03-06T23:00:27.228Z] OPTIONS /api/entries/363?periodo=2026
[2026-03-06T23:00:27.228Z] OPTIONS /api/entries/361?periodo=2026
[2026-03-06T23:00:27.228Z] OPTIONS /api/entries/364?periodo=2026
[2026-03-06T23:00:27.228Z] GET /api/entries/127?periodo=2026
[2026-03-06T23:00:27.229Z] OPTIONS /api/entries/365?periodo=2026
[2026-03-06T23:00:27.229Z] OPTIONS /api/entries/367?periodo=2026
[2026-03-06T23:00:27.229Z] OPTIONS /api/entries/366?periodo=2026
[2026-03-06T23:00:27.229Z] OPTIONS /api/entries/368?periodo=2026
[2026-03-06T23:00:27.229Z] GET /api/entries/129?periodo=2026
[2026-03-06T23:00:27.230Z] OPTIONS /api/entries/369?periodo=2026
[2026-03-06T23:00:27.230Z] OPTIONS /api/entries/370?periodo=2026
[2026-03-06T23:00:27.230Z] OPTIONS /api/entries/372?periodo=2026
[2026-03-06T23:00:27.230Z] OPTIONS /api/entries/371?periodo=2026
[2026-03-06T23:00:27.230Z] OPTIONS /api/entries/373?periodo=2026
[2026-03-06T23:00:27.230Z] OPTIONS /api/entries/375?periodo=2026
[2026-03-06T23:00:27.231Z] OPTIONS /api/entries/374?periodo=2026
[2026-03-06T23:00:27.231Z] OPTIONS /api/entries/377?periodo=2026
[2026-03-06T23:00:27.231Z] OPTIONS /api/entries/376?periodo=2026
[2026-03-06T23:00:27.232Z] GET /api/entries/128?periodo=2026
[2026-03-06T23:00:27.232Z] OPTIONS /api/entries/379?periodo=2026
[2026-03-06T23:00:27.232Z] GET /api/entries/131?periodo=2026
[2026-03-06T23:00:27.232Z] OPTIONS /api/entries/378?periodo=2026
[2026-03-06T23:00:27.233Z] OPTIONS /api/entries/380?periodo=2026
[2026-03-06T23:00:27.233Z] GET /api/entries/130?periodo=2026
[2026-03-06T23:00:27.233Z] OPTIONS /api/entries/381?periodo=2026
[2026-03-06T23:00:27.233Z] GET /api/entries/132?periodo=2026
[2026-03-06T23:00:27.233Z] OPTIONS /api/entries/382?periodo=2026
[2026-03-06T23:00:27.233Z] OPTIONS /api/entries/383?periodo=2026
[2026-03-06T23:00:27.234Z] OPTIONS /api/entries/384?periodo=2026
[2026-03-06T23:00:27.234Z] OPTIONS /api/entries/385?periodo=2026
[2026-03-06T23:00:27.234Z] OPTIONS /api/entries/386?periodo=2026
[2026-03-06T23:00:27.234Z] GET /api/entries/133?periodo=2026
[2026-03-06T23:00:27.234Z] OPTIONS /api/entries/388?periodo=2026
[2026-03-06T23:00:27.234Z] OPTIONS /api/entries/387?periodo=2026
[2026-03-06T23:00:27.235Z] OPTIONS /api/entries/389?periodo=2026
[2026-03-06T23:00:27.235Z] OPTIONS /api/entries/390?periodo=2026
[2026-03-06T23:00:27.235Z] OPTIONS /api/entries/391?periodo=2026
[2026-03-06T23:00:27.235Z] GET /api/entries/134?periodo=2026
[2026-03-06T23:00:27.235Z] OPTIONS /api/entries/392?periodo=2026
[2026-03-06T23:00:27.235Z] OPTIONS /api/entries/393?periodo=2026
[2026-03-06T23:00:27.235Z] OPTIONS /api/entries/394?periodo=2026
[2026-03-06T23:00:27.235Z] OPTIONS /api/entries/396?periodo=2026
[2026-03-06T23:00:27.235Z] OPTIONS /api/entries/397?periodo=2026
[2026-03-06T23:00:27.235Z] OPTIONS /api/entries/398?periodo=2026
[2026-03-06T23:00:27.235Z] OPTIONS /api/entries/395?periodo=2026
[2026-03-06T23:00:27.236Z] OPTIONS /api/entries/399?periodo=2026
[2026-03-06T23:00:27.236Z] OPTIONS /api/entries/400?periodo=2026
[2026-03-06T23:00:27.236Z] OPTIONS /api/entries/401?periodo=2026
[2026-03-06T23:00:27.236Z] OPTIONS /api/entries/402?periodo=2026
[2026-03-06T23:00:27.236Z] OPTIONS /api/entries/403?periodo=2026
[2026-03-06T23:00:27.236Z] OPTIONS /api/entries/404?periodo=2026
[2026-03-06T23:00:27.236Z] OPTIONS /api/entries/405?periodo=2026
[2026-03-06T23:00:27.236Z] GET /api/entries/135?periodo=2026
[2026-03-06T23:00:27.237Z] OPTIONS /api/entries/409?periodo=2026
[2026-03-06T23:00:27.237Z] OPTIONS /api/entries/407?periodo=2026
[2026-03-06T23:00:27.237Z] OPTIONS /api/entries/406?periodo=2026
[2026-03-06T23:00:27.237Z] GET /api/entries/136?periodo=2026
[2026-03-06T23:00:27.237Z] OPTIONS /api/entries/408?periodo=2026
[2026-03-06T23:00:27.237Z] OPTIONS /api/entries/411?periodo=2026
[2026-03-06T23:00:27.237Z] OPTIONS /api/entries/410?periodo=2026
[2026-03-06T23:00:27.237Z] OPTIONS /api/entries/412?periodo=2026
[2026-03-06T23:00:27.237Z] OPTIONS /api/entries/414?periodo=2026
[2026-03-06T23:00:27.238Z] OPTIONS /api/entries/415?periodo=2026
[2026-03-06T23:00:27.238Z] OPTIONS /api/entries/413?periodo=2026
[2026-03-06T23:00:27.238Z] OPTIONS /api/entries/417?periodo=2026
[2026-03-06T23:00:27.238Z] OPTIONS /api/entries/416?periodo=2026
[2026-03-06T23:00:27.238Z] GET /api/entries/137?periodo=2026
[2026-03-06T23:00:27.238Z] GET /api/entries/138?periodo=2026
[2026-03-06T23:00:27.238Z] GET /api/entries/139?periodo=2026
[2026-03-06T23:00:27.239Z] GET /api/entries/140?periodo=2026
[2026-03-06T23:00:27.239Z] GET /api/entries/143?periodo=2026
[2026-03-06T23:00:27.240Z] GET /api/entries/141?periodo=2026
[2026-03-06T23:00:27.242Z] GET /api/entries/142?periodo=2026
[2026-03-06T23:00:27.242Z] GET /api/entries/144?periodo=2026
[2026-03-06T23:00:27.242Z] GET /api/entries/146?periodo=2026
[2026-03-06T23:00:27.243Z] GET /api/entries/145?periodo=2026
[2026-03-06T23:00:27.243Z] GET /api/entries/147?periodo=2026
[2026-03-06T23:00:27.243Z] GET /api/entries/148?periodo=2026
[2026-03-06T23:00:27.244Z] GET /api/entries/150?periodo=2026
[2026-03-06T23:00:27.244Z] GET /api/entries/149?periodo=2026
[2026-03-06T23:00:27.245Z] GET /api/entries/151?periodo=2026
[2026-03-06T23:00:27.246Z] GET /api/entries/152?periodo=2026
[2026-03-06T23:00:27.246Z] GET /api/entries/153?periodo=2026
[2026-03-06T23:00:27.247Z] GET /api/entries/155?periodo=2026
[2026-03-06T23:00:27.247Z] GET /api/entries/156?periodo=2026
[2026-03-06T23:00:27.247Z] GET /api/entries/154?periodo=2026
[2026-03-06T23:00:27.249Z] GET /api/entries/159?periodo=2026
[2026-03-06T23:00:27.250Z] GET /api/entries/160?periodo=2026
[2026-03-06T23:00:27.250Z] GET /api/entries/161?periodo=2026
[2026-03-06T23:00:27.251Z] GET /api/entries/158?periodo=2026
[2026-03-06T23:00:27.252Z] GET /api/entries/163?periodo=2026
[2026-03-06T23:00:27.252Z] GET /api/entries/166?periodo=2026
[2026-03-06T23:00:27.253Z] GET /api/entries/162?periodo=2026
[2026-03-06T23:00:27.253Z] GET /api/entries/164?periodo=2026
[2026-03-06T23:00:27.253Z] GET /api/entries/167?periodo=2026
[2026-03-06T23:00:27.254Z] GET /api/entries/169?periodo=2026
[2026-03-06T23:00:27.254Z] GET /api/entries/168?periodo=2026
[2026-03-06T23:00:27.254Z] GET /api/entries/171?periodo=2026
[2026-03-06T23:00:27.255Z] GET /api/entries/170?periodo=2026
[2026-03-06T23:00:27.256Z] GET /api/entries/172?periodo=2026
[2026-03-06T23:00:27.256Z] GET /api/entries/173?periodo=2026
[2026-03-06T23:00:27.257Z] GET /api/entries/174?periodo=2026
[2026-03-06T23:00:27.258Z] GET /api/entries/175?periodo=2026
[2026-03-06T23:00:27.258Z] GET /api/entries/176?periodo=2026
[2026-03-06T23:00:27.259Z] GET /api/entries/177?periodo=2026
[2026-03-06T23:00:27.259Z] GET /api/entries/178?periodo=2026
[2026-03-06T23:00:27.260Z] GET /api/entries/179?periodo=2026
[2026-03-06T23:00:27.260Z] GET /api/entries/180?periodo=2026
[2026-03-06T23:00:27.261Z] GET /api/entries/182?periodo=2026
[2026-03-06T23:00:27.262Z] GET /api/entries/181?periodo=2026
[2026-03-06T23:00:27.262Z] GET /api/entries/184?periodo=2026
[2026-03-06T23:00:27.263Z] GET /api/entries/183?periodo=2026
[2026-03-06T23:00:27.263Z] GET /api/entries/185?periodo=2026
[2026-03-06T23:00:27.263Z] GET /api/entries/186?periodo=2026
[2026-03-06T23:00:27.264Z] GET /api/entries/187?periodo=2026
[2026-03-06T23:00:27.264Z] GET /api/entries/188?periodo=2026
[2026-03-06T23:00:27.264Z] GET /api/entries/189?periodo=2026
[2026-03-06T23:00:27.265Z] GET /api/entries/190?periodo=2026
[2026-03-06T23:00:27.266Z] GET /api/entries/191?periodo=2026
[2026-03-06T23:00:27.267Z] GET /api/entries/192?periodo=2026
[2026-03-06T23:00:27.267Z] GET /api/entries/193?periodo=2026
[2026-03-06T23:00:27.267Z] GET /api/entries/194?periodo=2026
[2026-03-06T23:00:27.268Z] GET /api/entries/195?periodo=2026
[2026-03-06T23:00:27.268Z] GET /api/entries/196?periodo=2026
[2026-03-06T23:00:27.269Z] GET /api/entries/197?periodo=2026
[2026-03-06T23:00:27.269Z] GET /api/entries/200?periodo=2026
[2026-03-06T23:00:27.271Z] GET /api/entries/199?periodo=2026
[2026-03-06T23:00:27.271Z] GET /api/entries/201?periodo=2026
[2026-03-06T23:00:27.272Z] GET /api/entries/198?periodo=2026
[2026-03-06T23:00:27.272Z] GET /api/entries/202?periodo=2026
[2026-03-06T23:00:27.273Z] GET /api/entries/203?periodo=2026
[2026-03-06T23:00:27.273Z] GET /api/entries/204?periodo=2026
[2026-03-06T23:00:27.274Z] GET /api/entries/205?periodo=2026
[2026-03-06T23:00:27.274Z] GET /api/entries/206?periodo=2026
[2026-03-06T23:00:27.275Z] GET /api/entries/208?periodo=2026
[2026-03-06T23:00:27.275Z] GET /api/entries/209?periodo=2026
[2026-03-06T23:00:27.275Z] GET /api/entries/210?periodo=2026
[2026-03-06T23:00:27.276Z] GET /api/entries/207?periodo=2026
[2026-03-06T23:00:27.276Z] GET /api/entries/212?periodo=2026
[2026-03-06T23:00:27.277Z] GET /api/entries/216?periodo=2026
[2026-03-06T23:00:27.278Z] GET /api/entries/211?periodo=2026
[2026-03-06T23:00:27.278Z] GET /api/entries/215?periodo=2026
[2026-03-06T23:00:27.279Z] GET /api/entries/213?periodo=2026
[2026-03-06T23:00:27.279Z] GET /api/entries/214?periodo=2026
[2026-03-06T23:00:27.279Z] GET /api/entries/217?periodo=2026
[2026-03-06T23:00:27.280Z] GET /api/entries/218?periodo=2026
[2026-03-06T23:00:27.280Z] GET /api/entries/220?periodo=2026
[2026-03-06T23:00:27.281Z] GET /api/entries/221?periodo=2026
[2026-03-06T23:00:27.281Z] GET /api/entries/219?periodo=2026
[2026-03-06T23:00:27.282Z] GET /api/entries/224?periodo=2026
[2026-03-06T23:00:27.282Z] GET /api/entries/225?periodo=2026
[2026-03-06T23:00:27.283Z] GET /api/entries/222?periodo=2026
[2026-03-06T23:00:27.284Z] GET /api/entries/223?periodo=2026
[2026-03-06T23:00:27.286Z] GET /api/entries/226?periodo=2026
[2026-03-06T23:00:27.286Z] GET /api/entries/228?periodo=2026
[2026-03-06T23:00:27.287Z] GET /api/entries/229?periodo=2026
[2026-03-06T23:00:27.287Z] GET /api/entries/230?periodo=2026
[2026-03-06T23:00:27.287Z] GET /api/entries/233?periodo=2026
[2026-03-06T23:00:27.288Z] GET /api/entries/235?periodo=2026
[2026-03-06T23:00:27.289Z] GET /api/entries/236?periodo=2026
[2026-03-06T23:00:27.290Z] GET /api/entries/234?periodo=2026
[2026-03-06T23:00:27.291Z] GET /api/entries/238?periodo=2026
[2026-03-06T23:00:27.291Z] GET /api/entries/237?periodo=2026
[2026-03-06T23:00:27.292Z] GET /api/entries/239?periodo=2026
[2026-03-06T23:00:27.292Z] GET /api/entries/240?periodo=2026
[2026-03-06T23:00:27.294Z] GET /api/entries/243?periodo=2026
[2026-03-06T23:00:27.295Z] GET /api/entries/242?periodo=2026
[2026-03-06T23:00:27.295Z] GET /api/entries/244?periodo=2026
[2026-03-06T23:00:27.296Z] GET /api/entries/245?periodo=2026
[2026-03-06T23:00:27.296Z] GET /api/entries/246?periodo=2026
[2026-03-06T23:00:27.297Z] GET /api/entries/247?periodo=2026
[2026-03-06T23:00:27.298Z] GET /api/entries/248?periodo=2026
[2026-03-06T23:00:27.299Z] GET /api/entries/249?periodo=2026
[2026-03-06T23:00:27.299Z] GET /api/entries/250?periodo=2026
[2026-03-06T23:00:27.300Z] GET /api/entries/251?periodo=2026
[2026-03-06T23:00:27.300Z] GET /api/entries/252?periodo=2026
[2026-03-06T23:00:27.301Z] GET /api/entries/254?periodo=2026
[2026-03-06T23:00:27.301Z] GET /api/entries/253?periodo=2026
[2026-03-06T23:00:27.302Z] GET /api/entries/255?periodo=2026
[2026-03-06T23:00:27.308Z] GET /api/entries/257?periodo=2026
[2026-03-06T23:00:27.308Z] GET /api/entries/258?periodo=2026
[2026-03-06T23:00:27.309Z] GET /api/entries/259?periodo=2026
[2026-03-06T23:00:27.309Z] GET /api/entries/261?periodo=2026
[2026-03-06T23:00:27.310Z] GET /api/entries/262?periodo=2026
[2026-03-06T23:00:27.310Z] GET /api/entries/260?periodo=2026
[2026-03-06T23:00:27.310Z] GET /api/entries/264?periodo=2026
[2026-03-06T23:00:27.311Z] GET /api/entries/263?periodo=2026
[2026-03-06T23:00:27.311Z] GET /api/entries/265?periodo=2026
[2026-03-06T23:00:27.312Z] GET /api/entries/266?periodo=2026
[2026-03-06T23:00:27.312Z] GET /api/entries/267?periodo=2026
[2026-03-06T23:00:27.313Z] GET /api/entries/268?periodo=2026
[2026-03-06T23:00:27.313Z] GET /api/entries/269?periodo=2026
[2026-03-06T23:00:27.313Z] GET /api/entries/270?periodo=2026
[2026-03-06T23:00:27.314Z] GET /api/entries/271?periodo=2026
[2026-03-06T23:00:27.314Z] GET /api/entries/272?periodo=2026
[2026-03-06T23:00:27.315Z] GET /api/entries/273?periodo=2026
[2026-03-06T23:00:27.315Z] GET /api/entries/274?periodo=2026
[2026-03-06T23:00:27.316Z] GET /api/entries/275?periodo=2026
[2026-03-06T23:00:27.317Z] GET /api/entries/277?periodo=2026
[2026-03-06T23:00:27.317Z] GET /api/entries/278?periodo=2026
[2026-03-06T23:00:27.318Z] GET /api/entries/276?periodo=2026
[2026-03-06T23:00:27.318Z] GET /api/entries/280?periodo=2026
[2026-03-06T23:00:27.318Z] GET /api/entries/281?periodo=2026
[2026-03-06T23:00:27.319Z] GET /api/entries/279?periodo=2026
[2026-03-06T23:00:27.319Z] GET /api/entries/282?periodo=2026
[2026-03-06T23:00:27.321Z] GET /api/entries/283?periodo=2026
[2026-03-06T23:00:27.321Z] GET /api/entries/284?periodo=2026
[2026-03-06T23:00:27.322Z] GET /api/entries/286?periodo=2026
[2026-03-06T23:00:27.323Z] GET /api/entries/285?periodo=2026
[2026-03-06T23:00:27.323Z] GET /api/entries/288?periodo=2026
[2026-03-06T23:00:27.324Z] GET /api/entries/289?periodo=2026
[2026-03-06T23:00:27.325Z] GET /api/entries/290?periodo=2026
[2026-03-06T23:00:27.325Z] GET /api/entries/291?periodo=2026
[2026-03-06T23:00:27.325Z] GET /api/entries/292?periodo=2026
[2026-03-06T23:00:27.326Z] GET /api/entries/293?periodo=2026
[2026-03-06T23:00:27.326Z] GET /api/entries/297?periodo=2026
[2026-03-06T23:00:27.327Z] GET /api/entries/294?periodo=2026
[2026-03-06T23:00:27.327Z] GET /api/entries/295?periodo=2026
[2026-03-06T23:00:27.327Z] GET /api/entries/296?periodo=2026
[2026-03-06T23:00:27.328Z] GET /api/entries/298?periodo=2026
[2026-03-06T23:00:27.328Z] GET /api/entries/299?periodo=2026
[2026-03-06T23:00:27.329Z] GET /api/entries/300?periodo=2026
[2026-03-06T23:00:27.329Z] GET /api/entries/301?periodo=2026
[2026-03-06T23:00:27.330Z] GET /api/entries/302?periodo=2026
[2026-03-06T23:00:27.330Z] GET /api/entries/303?periodo=2026
[2026-03-06T23:00:27.331Z] GET /api/entries/304?periodo=2026
[2026-03-06T23:00:27.332Z] GET /api/entries/305?periodo=2026
[2026-03-06T23:00:27.332Z] GET /api/entries/307?periodo=2026
[2026-03-06T23:00:27.333Z] GET /api/entries/306?periodo=2026
[2026-03-06T23:00:27.333Z] GET /api/entries/308?periodo=2026
[2026-03-06T23:00:27.334Z] GET /api/entries/309?periodo=2026
[2026-03-06T23:00:27.334Z] GET /api/entries/311?periodo=2026
[2026-03-06T23:00:27.334Z] GET /api/entries/314?periodo=2026
[2026-03-06T23:00:27.335Z] GET /api/entries/312?periodo=2026
[2026-03-06T23:00:27.335Z] GET /api/entries/313?periodo=2026
[2026-03-06T23:00:27.336Z] GET /api/entries/315?periodo=2026
[2026-03-06T23:00:27.336Z] GET /api/entries/316?periodo=2026
[2026-03-06T23:00:27.337Z] GET /api/entries/317?periodo=2026
[2026-03-06T23:00:27.338Z] GET /api/entries/324?periodo=2026
[2026-03-06T23:00:27.339Z] GET /api/entries/325?periodo=2026
[2026-03-06T23:00:27.339Z] GET /api/entries/318?periodo=2026
[2026-03-06T23:00:27.339Z] GET /api/entries/322?periodo=2026
[2026-03-06T23:00:27.340Z] GET /api/entries/327?periodo=2026
[2026-03-06T23:00:27.340Z] GET /api/entries/326?periodo=2026
[2026-03-06T23:00:27.341Z] GET /api/entries/330?periodo=2026
[2026-03-06T23:00:27.342Z] GET /api/entries/328?periodo=2026
[2026-03-06T23:00:27.342Z] GET /api/entries/332?periodo=2026
[2026-03-06T23:00:27.342Z] GET /api/entries/329?periodo=2026
[2026-03-06T23:00:27.343Z] GET /api/entries/331?periodo=2026
[2026-03-06T23:00:27.343Z] GET /api/entries/334?periodo=2026
[2026-03-06T23:00:27.344Z] GET /api/entries/333?periodo=2026
[2026-03-06T23:00:27.344Z] GET /api/entries/336?periodo=2026
[2026-03-06T23:00:27.344Z] GET /api/entries/335?periodo=2026
[2026-03-06T23:00:27.345Z] GET /api/entries/337?periodo=2026
[2026-03-06T23:00:27.345Z] GET /api/entries/341?periodo=2026
[2026-03-06T23:00:27.346Z] GET /api/entries/342?periodo=2026
[2026-03-06T23:00:27.346Z] GET /api/entries/343?periodo=2026
[2026-03-06T23:00:27.346Z] GET /api/entries/344?periodo=2026
[2026-03-06T23:00:27.347Z] GET /api/entries/347?periodo=2026
[2026-03-06T23:00:27.347Z] GET /api/entries/348?periodo=2026
[2026-03-06T23:00:27.348Z] GET /api/entries/350?periodo=2026
[2026-03-06T23:00:27.348Z] GET /api/entries/349?periodo=2026
[2026-03-06T23:00:27.349Z] GET /api/entries/352?periodo=2026
[2026-03-06T23:00:27.350Z] GET /api/entries/351?periodo=2026
[2026-03-06T23:00:27.350Z] GET /api/entries/353?periodo=2026
[2026-03-06T23:00:27.350Z] GET /api/entries/354?periodo=2026
[2026-03-06T23:00:27.351Z] GET /api/entries/355?periodo=2026
[2026-03-06T23:00:27.351Z] GET /api/entries/356?periodo=2026
[2026-03-06T23:00:27.352Z] GET /api/entries/357?periodo=2026
[2026-03-06T23:00:27.352Z] GET /api/entries/358?periodo=2026
[2026-03-06T23:00:27.353Z] OPTIONS /api/entries/2?periodo=2026
[2026-03-06T23:00:27.353Z] GET /api/entries/360?periodo=2026
[2026-03-06T23:00:27.353Z] OPTIONS /api/entries/4?periodo=2026
[2026-03-06T23:00:27.353Z] GET /api/entries/359?periodo=2026
[2026-03-06T23:00:27.353Z] OPTIONS /api/entries/3?periodo=2026
[2026-03-06T23:00:27.354Z] GET /api/entries/362?periodo=2026
[2026-03-06T23:00:27.354Z] GET /api/entries/363?periodo=2026
[2026-03-06T23:00:27.355Z] GET /api/entries/361?periodo=2026
[2026-03-06T23:00:27.355Z] OPTIONS /api/entries/5?periodo=2026
[2026-03-06T23:00:27.355Z] OPTIONS /api/entries/6?periodo=2026
[2026-03-06T23:00:27.355Z] OPTIONS /api/entries/7?periodo=2026
[2026-03-06T23:00:27.356Z] GET /api/entries/364?periodo=2026
[2026-03-06T23:00:27.356Z] OPTIONS /api/entries/8?periodo=2026
[2026-03-06T23:00:27.356Z] OPTIONS /api/entries/10?periodo=2026
[2026-03-06T23:00:27.356Z] OPTIONS /api/entries/9?periodo=2026
[2026-03-06T23:00:27.356Z] GET /api/entries/365?periodo=2026
[2026-03-06T23:00:27.356Z] OPTIONS /api/entries/11?periodo=2026
[2026-03-06T23:00:27.357Z] GET /api/entries/366?periodo=2026
[2026-03-06T23:00:27.357Z] GET /api/entries/367?periodo=2026
[2026-03-06T23:00:27.357Z] GET /api/entries/368?periodo=2026
[2026-03-06T23:00:27.358Z] OPTIONS /api/entries/12?periodo=2026
[2026-03-06T23:00:27.358Z] OPTIONS /api/entries/13?periodo=2026
[2026-03-06T23:00:27.358Z] GET /api/entries/369?periodo=2026
[2026-03-06T23:00:27.358Z] GET /api/entries/370?periodo=2026
[2026-03-06T23:00:27.358Z] OPTIONS /api/entries/14?periodo=2026
[2026-03-06T23:00:27.359Z] GET /api/entries/372?periodo=2026
[2026-03-06T23:00:27.359Z] GET /api/entries/371?periodo=2026
[2026-03-06T23:00:27.360Z] GET /api/entries/373?periodo=2026
[2026-03-06T23:00:27.360Z] OPTIONS /api/entries/15?periodo=2026
[2026-03-06T23:00:27.360Z] OPTIONS /api/entries/16?periodo=2026
[2026-03-06T23:00:27.361Z] OPTIONS /api/entries/17?periodo=2026
[2026-03-06T23:00:27.361Z] OPTIONS /api/entries/18?periodo=2026
[2026-03-06T23:00:27.361Z] GET /api/entries/375?periodo=2026
[2026-03-06T23:00:27.361Z] GET /api/entries/374?periodo=2026
[2026-03-06T23:00:27.361Z] OPTIONS /api/entries/19?periodo=2026
[2026-03-06T23:00:27.361Z] GET /api/entries/376?periodo=2026
[2026-03-06T23:00:27.362Z] GET /api/entries/377?periodo=2026
[2026-03-06T23:00:27.362Z] OPTIONS /api/entries/21?periodo=2026
[2026-03-06T23:00:27.362Z] OPTIONS /api/entries/22?periodo=2026
[2026-03-06T23:00:27.362Z] OPTIONS /api/entries/23?periodo=2026
[2026-03-06T23:00:27.362Z] OPTIONS /api/entries/24?periodo=2026
[2026-03-06T23:00:27.363Z] OPTIONS /api/entries/25?periodo=2026
[2026-03-06T23:00:27.363Z] GET /api/entries/379?periodo=2026
[2026-03-06T23:00:27.363Z] OPTIONS /api/entries/26?periodo=2026
[2026-03-06T23:00:27.364Z] GET /api/entries/378?periodo=2026
[2026-03-06T23:00:27.364Z] OPTIONS /api/entries/28?periodo=2026
[2026-03-06T23:00:27.364Z] GET /api/entries/380?periodo=2026
[2026-03-06T23:00:27.365Z] OPTIONS /api/entries/30?periodo=2026
[2026-03-06T23:00:27.365Z] OPTIONS /api/entries/29?periodo=2026
[2026-03-06T23:00:27.365Z] GET /api/entries/381?periodo=2026
[2026-03-06T23:00:27.366Z] OPTIONS /api/entries/31?periodo=2026
[2026-03-06T23:00:27.366Z] OPTIONS /api/entries/32?periodo=2026
[2026-03-06T23:00:27.366Z] GET /api/entries/382?periodo=2026
[2026-03-06T23:00:27.366Z] OPTIONS /api/entries/33?periodo=2026
[2026-03-06T23:00:27.366Z] GET /api/entries/383?periodo=2026
[2026-03-06T23:00:27.367Z] OPTIONS /api/entries/34?periodo=2026
[2026-03-06T23:00:27.367Z] GET /api/entries/384?periodo=2026
[2026-03-06T23:00:27.367Z] GET /api/entries/385?periodo=2026
[2026-03-06T23:00:27.367Z] GET /api/entries/386?periodo=2026
[2026-03-06T23:00:27.368Z] OPTIONS /api/entries/35?periodo=2026
[2026-03-06T23:00:27.368Z] OPTIONS /api/entries/36?periodo=2026
[2026-03-06T23:00:27.368Z] GET /api/entries/388?periodo=2026
[2026-03-06T23:00:27.369Z] GET /api/entries/387?periodo=2026
[2026-03-06T23:00:27.369Z] GET /api/entries/389?periodo=2026
[2026-03-06T23:00:27.369Z] GET /api/entries/390?periodo=2026
[2026-03-06T23:00:27.370Z] GET /api/entries/391?periodo=2026
[2026-03-06T23:00:27.370Z] OPTIONS /api/entries/37?periodo=2026
[2026-03-06T23:00:27.370Z] GET /api/entries/392?periodo=2026
[2026-03-06T23:00:27.370Z] GET /api/entries/393?periodo=2026
[2026-03-06T23:00:27.371Z] GET /api/entries/394?periodo=2026
[2026-03-06T23:00:27.372Z] GET /api/entries/396?periodo=2026
[2026-03-06T23:00:27.373Z] OPTIONS /api/entries/39?periodo=2026
[2026-03-06T23:00:27.373Z] GET /api/entries/397?periodo=2026
[2026-03-06T23:00:27.373Z] GET /api/entries/395?periodo=2026
[2026-03-06T23:00:27.374Z] OPTIONS /api/entries/40?periodo=2026
[2026-03-06T23:00:27.374Z] GET /api/entries/398?periodo=2026
[2026-03-06T23:00:27.375Z] GET /api/entries/400?periodo=2026
[2026-03-06T23:00:27.375Z] GET /api/entries/399?periodo=2026
[2026-03-06T23:00:27.376Z] OPTIONS /api/entries/41?periodo=2026
[2026-03-06T23:00:27.376Z] GET /api/entries/403?periodo=2026
[2026-03-06T23:00:27.376Z] GET /api/entries/401?periodo=2026
[2026-03-06T23:00:27.376Z] GET /api/entries/402?periodo=2026
[2026-03-06T23:00:27.377Z] OPTIONS /api/entries/42?periodo=2026
[2026-03-06T23:00:27.377Z] GET /api/entries/404?periodo=2026
[2026-03-06T23:00:27.377Z] GET /api/entries/405?periodo=2026
[2026-03-06T23:00:27.378Z] OPTIONS /api/entries/43?periodo=2026
[2026-03-06T23:00:27.378Z] GET /api/entries/409?periodo=2026
[2026-03-06T23:00:27.378Z] GET /api/entries/407?periodo=2026
[2026-03-06T23:00:27.379Z] OPTIONS /api/entries/45?periodo=2026
[2026-03-06T23:00:27.379Z] GET /api/entries/406?periodo=2026
[2026-03-06T23:00:27.379Z] OPTIONS /api/entries/46?periodo=2026
[2026-03-06T23:00:27.379Z] GET /api/entries/408?periodo=2026
[2026-03-06T23:00:27.380Z] GET /api/entries/411?periodo=2026
[2026-03-06T23:00:27.381Z] GET /api/entries/410?periodo=2026
[2026-03-06T23:00:27.382Z] OPTIONS /api/entries/47?periodo=2026
[2026-03-06T23:00:27.382Z] GET /api/entries/412?periodo=2026
[2026-03-06T23:00:27.382Z] GET /api/entries/414?periodo=2026
[2026-03-06T23:00:27.382Z] GET /api/entries/415?periodo=2026
[2026-03-06T23:00:27.383Z] OPTIONS /api/entries/48?periodo=2026
[2026-03-06T23:00:27.383Z] GET /api/entries/413?periodo=2026
[2026-03-06T23:00:27.383Z] GET /api/entries/417?periodo=2026
[2026-03-06T23:00:27.384Z] GET /api/entries/416?periodo=2026
[2026-03-06T23:00:27.384Z] OPTIONS /api/entries/49?periodo=2026
[2026-03-06T23:00:27.384Z] OPTIONS /api/entries/50?periodo=2026
[2026-03-06T23:00:27.384Z] OPTIONS /api/entries/51?periodo=2026
[2026-03-06T23:00:27.384Z] OPTIONS /api/entries/53?periodo=2026
[2026-03-06T23:00:27.384Z] OPTIONS /api/entries/54?periodo=2026
[2026-03-06T23:00:27.384Z] OPTIONS /api/entries/52?periodo=2026
[2026-03-06T23:00:27.384Z] OPTIONS /api/entries/57?periodo=2026
[2026-03-06T23:00:27.384Z] OPTIONS /api/entries/56?periodo=2026
[2026-03-06T23:00:27.384Z] OPTIONS /api/entries/58?periodo=2026
[2026-03-06T23:00:27.385Z] OPTIONS /api/entries/59?periodo=2026
[2026-03-06T23:00:27.385Z] OPTIONS /api/entries/60?periodo=2026
[2026-03-06T23:00:27.385Z] OPTIONS /api/entries/61?periodo=2026
[2026-03-06T23:00:27.385Z] OPTIONS /api/entries/62?periodo=2026
[2026-03-06T23:00:27.385Z] OPTIONS /api/entries/63?periodo=2026
[2026-03-06T23:00:27.385Z] OPTIONS /api/entries/65?periodo=2026
[2026-03-06T23:00:27.385Z] OPTIONS /api/entries/66?periodo=2026
[2026-03-06T23:00:27.385Z] OPTIONS /api/entries/67?periodo=2026
[2026-03-06T23:00:27.385Z] OPTIONS /api/entries/69?periodo=2026
[2026-03-06T23:00:27.385Z] OPTIONS /api/entries/70?periodo=2026
[2026-03-06T23:00:27.385Z] OPTIONS /api/entries/71?periodo=2026
[2026-03-06T23:00:27.385Z] OPTIONS /api/entries/72?periodo=2026
[2026-03-06T23:00:27.386Z] OPTIONS /api/entries/73?periodo=2026
[2026-03-06T23:00:27.386Z] OPTIONS /api/entries/74?periodo=2026
[2026-03-06T23:00:27.386Z] OPTIONS /api/entries/75?periodo=2026
[2026-03-06T23:00:27.386Z] OPTIONS /api/entries/76?periodo=2026
[2026-03-06T23:00:27.386Z] OPTIONS /api/entries/77?periodo=2026
[2026-03-06T23:00:27.386Z] OPTIONS /api/entries/78?periodo=2026
[2026-03-06T23:00:27.386Z] OPTIONS /api/entries/79?periodo=2026
[2026-03-06T23:00:27.386Z] OPTIONS /api/entries/82?periodo=2026
[2026-03-06T23:00:27.386Z] OPTIONS /api/entries/81?periodo=2026
[2026-03-06T23:00:27.386Z] OPTIONS /api/entries/83?periodo=2026
[2026-03-06T23:00:27.387Z] OPTIONS /api/entries/84?periodo=2026
[2026-03-06T23:00:27.387Z] OPTIONS /api/entries/85?periodo=2026
[2026-03-06T23:00:27.387Z] OPTIONS /api/entries/91?periodo=2026
[2026-03-06T23:00:27.387Z] OPTIONS /api/entries/89?periodo=2026
[2026-03-06T23:00:27.387Z] OPTIONS /api/entries/86?periodo=2026
[2026-03-06T23:00:27.387Z] OPTIONS /api/entries/87?periodo=2026
[2026-03-06T23:00:27.387Z] OPTIONS /api/entries/92?periodo=2026
[2026-03-06T23:00:27.387Z] OPTIONS /api/entries/96?periodo=2026
[2026-03-06T23:00:27.387Z] OPTIONS /api/entries/95?periodo=2026
[2026-03-06T23:00:27.387Z] OPTIONS /api/entries/93?periodo=2026
[2026-03-06T23:00:27.387Z] OPTIONS /api/entries/100?periodo=2026
[2026-03-06T23:00:27.387Z] OPTIONS /api/entries/97?periodo=2026
[2026-03-06T23:00:27.388Z] OPTIONS /api/entries/99?periodo=2026
[2026-03-06T23:00:27.388Z] OPTIONS /api/entries/98?periodo=2026
[2026-03-06T23:00:27.388Z] OPTIONS /api/entries/102?periodo=2026
[2026-03-06T23:00:27.388Z] OPTIONS /api/entries/101?periodo=2026
[2026-03-06T23:00:27.388Z] OPTIONS /api/entries/103?periodo=2026
[2026-03-06T23:00:27.388Z] OPTIONS /api/entries/104?periodo=2026
[2026-03-06T23:00:27.388Z] OPTIONS /api/entries/107?periodo=2026
[2026-03-06T23:00:27.388Z] OPTIONS /api/entries/108?periodo=2026
[2026-03-06T23:00:27.388Z] OPTIONS /api/entries/110?periodo=2026
[2026-03-06T23:00:27.388Z] OPTIONS /api/entries/112?periodo=2026
[2026-03-06T23:00:27.388Z] OPTIONS /api/entries/111?periodo=2026
[2026-03-06T23:00:27.388Z] OPTIONS /api/entries/113?periodo=2026
[2026-03-06T23:00:27.388Z] OPTIONS /api/entries/114?periodo=2026
[2026-03-06T23:00:27.388Z] OPTIONS /api/entries/115?periodo=2026
[2026-03-06T23:00:27.388Z] OPTIONS /api/entries/119?periodo=2026
[2026-03-06T23:00:27.388Z] OPTIONS /api/entries/116?periodo=2026
[2026-03-06T23:00:27.389Z] OPTIONS /api/entries/118?periodo=2026
[2026-03-06T23:00:27.389Z] OPTIONS /api/entries/117?periodo=2026
[2026-03-06T23:00:27.389Z] OPTIONS /api/entries/120?periodo=2026
[2026-03-06T23:00:27.389Z] OPTIONS /api/entries/121?periodo=2026
[2026-03-06T23:00:27.389Z] OPTIONS /api/entries/123?periodo=2026
[2026-03-06T23:00:27.389Z] OPTIONS /api/entries/122?periodo=2026
[2026-03-06T23:00:27.389Z] OPTIONS /api/entries/125?periodo=2026
[2026-03-06T23:00:27.389Z] OPTIONS /api/entries/124?periodo=2026
[2026-03-06T23:00:27.389Z] OPTIONS /api/entries/126?periodo=2026
[2026-03-06T23:00:27.389Z] OPTIONS /api/entries/128?periodo=2026
[2026-03-06T23:00:27.390Z] OPTIONS /api/entries/131?periodo=2026
[2026-03-06T23:00:27.390Z] OPTIONS /api/entries/132?periodo=2026
[2026-03-06T23:00:27.390Z] OPTIONS /api/entries/127?periodo=2026
[2026-03-06T23:00:27.390Z] OPTIONS /api/entries/129?periodo=2026
[2026-03-06T23:00:27.390Z] OPTIONS /api/entries/130?periodo=2026
[2026-03-06T23:00:27.390Z] OPTIONS /api/entries/133?periodo=2026
[2026-03-06T23:00:27.390Z] OPTIONS /api/entries/134?periodo=2026
[2026-03-06T23:00:27.390Z] OPTIONS /api/entries/135?periodo=2026
[2026-03-06T23:00:27.390Z] OPTIONS /api/entries/136?periodo=2026
[2026-03-06T23:00:27.390Z] OPTIONS /api/entries/139?periodo=2026
[2026-03-06T23:00:27.390Z] OPTIONS /api/entries/140?periodo=2026
[2026-03-06T23:00:27.390Z] OPTIONS /api/entries/137?periodo=2026
[2026-03-06T23:00:27.390Z] OPTIONS /api/entries/138?periodo=2026
[2026-03-06T23:00:27.391Z] OPTIONS /api/entries/143?periodo=2026
[2026-03-06T23:00:27.391Z] OPTIONS /api/entries/141?periodo=2026
[2026-03-06T23:00:27.391Z] OPTIONS /api/entries/142?periodo=2026
[2026-03-06T23:00:27.391Z] OPTIONS /api/entries/146?periodo=2026
[2026-03-06T23:00:27.391Z] OPTIONS /api/entries/145?periodo=2026
[2026-03-06T23:00:27.391Z] OPTIONS /api/entries/144?periodo=2026
[2026-03-06T23:00:27.391Z] OPTIONS /api/entries/147?periodo=2026
[2026-03-06T23:00:27.391Z] OPTIONS /api/entries/148?periodo=2026
[2026-03-06T23:00:27.391Z] OPTIONS /api/entries/150?periodo=2026
[2026-03-06T23:00:27.391Z] OPTIONS /api/entries/149?periodo=2026
[2026-03-06T23:00:27.391Z] OPTIONS /api/entries/151?periodo=2026
[2026-03-06T23:00:27.391Z] OPTIONS /api/entries/152?periodo=2026
[2026-03-06T23:00:27.392Z] OPTIONS /api/entries/153?periodo=2026
[2026-03-06T23:00:27.392Z] OPTIONS /api/entries/155?periodo=2026
[2026-03-06T23:00:27.392Z] OPTIONS /api/entries/156?periodo=2026
[2026-03-06T23:00:27.392Z] OPTIONS /api/entries/154?periodo=2026
[2026-03-06T23:00:27.392Z] OPTIONS /api/entries/159?periodo=2026
[2026-03-06T23:00:27.392Z] OPTIONS /api/entries/160?periodo=2026
[2026-03-06T23:00:27.392Z] OPTIONS /api/entries/161?periodo=2026
[2026-03-06T23:00:27.393Z] OPTIONS /api/entries/158?periodo=2026
[2026-03-06T23:00:27.393Z] OPTIONS /api/entries/163?periodo=2026
[2026-03-06T23:00:27.393Z] OPTIONS /api/entries/166?periodo=2026
[2026-03-06T23:00:27.393Z] OPTIONS /api/entries/162?periodo=2026
[2026-03-06T23:00:27.393Z] OPTIONS /api/entries/164?periodo=2026
[2026-03-06T23:00:27.393Z] OPTIONS /api/entries/169?periodo=2026
[2026-03-06T23:00:27.393Z] OPTIONS /api/entries/171?periodo=2026
[2026-03-06T23:00:27.393Z] OPTIONS /api/entries/170?periodo=2026
[2026-03-06T23:00:27.393Z] OPTIONS /api/entries/167?periodo=2026
[2026-03-06T23:00:27.393Z] OPTIONS /api/entries/168?periodo=2026
[2026-03-06T23:00:27.393Z] OPTIONS /api/entries/173?periodo=2026
[2026-03-06T23:00:27.393Z] OPTIONS /api/entries/172?periodo=2026
[2026-03-06T23:00:27.393Z] OPTIONS /api/entries/174?periodo=2026
[2026-03-06T23:00:27.394Z] OPTIONS /api/entries/175?periodo=2026
[2026-03-06T23:00:27.394Z] OPTIONS /api/entries/176?periodo=2026
[2026-03-06T23:00:27.394Z] OPTIONS /api/entries/177?periodo=2026
[2026-03-06T23:00:27.394Z] OPTIONS /api/entries/178?periodo=2026
[2026-03-06T23:00:27.394Z] OPTIONS /api/entries/179?periodo=2026
[2026-03-06T23:00:27.394Z] OPTIONS /api/entries/180?periodo=2026
[2026-03-06T23:00:27.394Z] OPTIONS /api/entries/182?periodo=2026
[2026-03-06T23:00:27.394Z] OPTIONS /api/entries/184?periodo=2026
[2026-03-06T23:00:27.395Z] OPTIONS /api/entries/183?periodo=2026
[2026-03-06T23:00:27.395Z] OPTIONS /api/entries/185?periodo=2026
[2026-03-06T23:00:27.395Z] OPTIONS /api/entries/187?periodo=2026
[2026-03-06T23:00:27.395Z] OPTIONS /api/entries/181?periodo=2026
[2026-03-06T23:00:27.395Z] OPTIONS /api/entries/186?periodo=2026
[2026-03-06T23:00:27.395Z] OPTIONS /api/entries/188?periodo=2026
[2026-03-06T23:00:27.395Z] OPTIONS /api/entries/190?periodo=2026
[2026-03-06T23:00:27.395Z] OPTIONS /api/entries/191?periodo=2026
[2026-03-06T23:00:27.396Z] OPTIONS /api/entries/189?periodo=2026
[2026-03-06T23:00:27.396Z] OPTIONS /api/entries/195?periodo=2026
[2026-03-06T23:00:27.396Z] OPTIONS /api/entries/193?periodo=2026
[2026-03-06T23:00:27.396Z] OPTIONS /api/entries/194?periodo=2026
[2026-03-06T23:00:27.396Z] OPTIONS /api/entries/192?periodo=2026
[2026-03-06T23:00:27.396Z] OPTIONS /api/entries/197?periodo=2026
[2026-03-06T23:00:27.396Z] OPTIONS /api/entries/196?periodo=2026
[2026-03-06T23:00:27.396Z] OPTIONS /api/entries/200?periodo=2026
[2026-03-06T23:00:27.396Z] OPTIONS /api/entries/199?periodo=2026
[2026-03-06T23:00:27.396Z] OPTIONS /api/entries/201?periodo=2026
[2026-03-06T23:00:27.396Z] OPTIONS /api/entries/198?periodo=2026
[2026-03-06T23:00:27.396Z] OPTIONS /api/entries/202?periodo=2026
[2026-03-06T23:00:27.397Z] OPTIONS /api/entries/203?periodo=2026
[2026-03-06T23:00:27.397Z] OPTIONS /api/entries/204?periodo=2026
[2026-03-06T23:00:27.397Z] OPTIONS /api/entries/205?periodo=2026
[2026-03-06T23:00:27.397Z] OPTIONS /api/entries/208?periodo=2026
[2026-03-06T23:00:27.397Z] OPTIONS /api/entries/206?periodo=2026
[2026-03-06T23:00:27.397Z] OPTIONS /api/entries/210?periodo=2026
[2026-03-06T23:00:27.397Z] OPTIONS /api/entries/209?periodo=2026
[2026-03-06T23:00:27.398Z] OPTIONS /api/entries/207?periodo=2026
[2026-03-06T23:00:27.398Z] OPTIONS /api/entries/212?periodo=2026
[2026-03-06T23:00:27.398Z] OPTIONS /api/entries/216?periodo=2026
[2026-03-06T23:00:27.398Z] OPTIONS /api/entries/211?periodo=2026
[2026-03-06T23:00:27.398Z] OPTIONS /api/entries/213?periodo=2026
[2026-03-06T23:00:27.398Z] OPTIONS /api/entries/214?periodo=2026
[2026-03-06T23:00:27.398Z] OPTIONS /api/entries/218?periodo=2026
[2026-03-06T23:00:27.398Z] OPTIONS /api/entries/215?periodo=2026
[2026-03-06T23:00:27.398Z] OPTIONS /api/entries/221?periodo=2026
[2026-03-06T23:00:27.399Z] OPTIONS /api/entries/219?periodo=2026
[2026-03-06T23:00:27.399Z] OPTIONS /api/entries/224?periodo=2026
[2026-03-06T23:00:27.399Z] OPTIONS /api/entries/217?periodo=2026
[2026-03-06T23:00:27.399Z] OPTIONS /api/entries/220?periodo=2026
[2026-03-06T23:00:27.399Z] OPTIONS /api/entries/222?periodo=2026
[2026-03-06T23:00:27.399Z] OPTIONS /api/entries/223?periodo=2026
[2026-03-06T23:00:27.399Z] OPTIONS /api/entries/226?periodo=2026
[2026-03-06T23:00:27.399Z] OPTIONS /api/entries/228?periodo=2026
[2026-03-06T23:00:27.399Z] OPTIONS /api/entries/225?periodo=2026
[2026-03-06T23:00:27.399Z] OPTIONS /api/entries/230?periodo=2026
[2026-03-06T23:00:27.399Z] OPTIONS /api/entries/233?periodo=2026
[2026-03-06T23:00:27.399Z] OPTIONS /api/entries/229?periodo=2026
[2026-03-06T23:00:27.399Z] OPTIONS /api/entries/235?periodo=2026
[2026-03-06T23:00:27.399Z] OPTIONS /api/entries/234?periodo=2026
[2026-03-06T23:00:27.400Z] OPTIONS /api/entries/238?periodo=2026
[2026-03-06T23:00:27.400Z] OPTIONS /api/entries/237?periodo=2026
[2026-03-06T23:00:27.400Z] OPTIONS /api/entries/239?periodo=2026
[2026-03-06T23:00:27.400Z] OPTIONS /api/entries/236?periodo=2026
[2026-03-06T23:00:27.400Z] OPTIONS /api/entries/240?periodo=2026
[2026-03-06T23:00:27.400Z] OPTIONS /api/entries/243?periodo=2026
[2026-03-06T23:00:27.400Z] OPTIONS /api/entries/242?periodo=2026
[2026-03-06T23:00:27.400Z] OPTIONS /api/entries/244?periodo=2026
[2026-03-06T23:00:27.400Z] OPTIONS /api/entries/246?periodo=2026
[2026-03-06T23:00:27.401Z] OPTIONS /api/entries/245?periodo=2026
[2026-03-06T23:00:27.401Z] OPTIONS /api/entries/247?periodo=2026
[2026-03-06T23:00:27.401Z] OPTIONS /api/entries/249?periodo=2026
[2026-03-06T23:00:27.401Z] OPTIONS /api/entries/248?periodo=2026
[2026-03-06T23:00:27.401Z] OPTIONS /api/entries/250?periodo=2026
[2026-03-06T23:00:27.401Z] OPTIONS /api/entries/251?periodo=2026
[2026-03-06T23:00:27.401Z] OPTIONS /api/entries/252?periodo=2026
[2026-03-06T23:00:27.401Z] OPTIONS /api/entries/254?periodo=2026
[2026-03-06T23:00:27.401Z] OPTIONS /api/entries/253?periodo=2026
[2026-03-06T23:00:27.401Z] OPTIONS /api/entries/255?periodo=2026
[2026-03-06T23:00:27.401Z] OPTIONS /api/entries/257?periodo=2026
[2026-03-06T23:00:27.402Z] OPTIONS /api/entries/258?periodo=2026
[2026-03-06T23:00:27.402Z] OPTIONS /api/entries/259?periodo=2026
[2026-03-06T23:00:27.402Z] OPTIONS /api/entries/261?periodo=2026
[2026-03-06T23:00:27.402Z] OPTIONS /api/entries/262?periodo=2026
[2026-03-06T23:00:27.402Z] OPTIONS /api/entries/260?periodo=2026
[2026-03-06T23:00:27.402Z] OPTIONS /api/entries/264?periodo=2026
[2026-03-06T23:00:27.402Z] OPTIONS /api/entries/263?periodo=2026
[2026-03-06T23:00:27.402Z] OPTIONS /api/entries/266?periodo=2026
[2026-03-06T23:00:27.402Z] OPTIONS /api/entries/265?periodo=2026
[2026-03-06T23:00:27.403Z] OPTIONS /api/entries/267?periodo=2026
[2026-03-06T23:00:27.403Z] OPTIONS /api/entries/268?periodo=2026
[2026-03-06T23:00:27.403Z] OPTIONS /api/entries/269?periodo=2026
[2026-03-06T23:00:27.403Z] OPTIONS /api/entries/270?periodo=2026
[2026-03-06T23:00:27.403Z] OPTIONS /api/entries/271?periodo=2026
[2026-03-06T23:00:27.403Z] OPTIONS /api/entries/273?periodo=2026
[2026-03-06T23:00:27.403Z] OPTIONS /api/entries/272?periodo=2026
[2026-03-06T23:00:27.403Z] OPTIONS /api/entries/274?periodo=2026
[2026-03-06T23:00:27.404Z] OPTIONS /api/entries/275?periodo=2026
[2026-03-06T23:00:27.404Z] OPTIONS /api/entries/277?periodo=2026
[2026-03-06T23:00:27.404Z] OPTIONS /api/entries/276?periodo=2026
[2026-03-06T23:00:27.404Z] OPTIONS /api/entries/278?periodo=2026
[2026-03-06T23:00:27.404Z] OPTIONS /api/entries/280?periodo=2026
[2026-03-06T23:00:27.404Z] OPTIONS /api/entries/281?periodo=2026
[2026-03-06T23:00:27.404Z] OPTIONS /api/entries/279?periodo=2026
[2026-03-06T23:00:27.404Z] OPTIONS /api/entries/282?periodo=2026
[2026-03-06T23:00:27.404Z] OPTIONS /api/entries/283?periodo=2026
[2026-03-06T23:00:27.405Z] OPTIONS /api/entries/286?periodo=2026
[2026-03-06T23:00:27.405Z] OPTIONS /api/entries/284?periodo=2026
[2026-03-06T23:00:27.405Z] OPTIONS /api/entries/285?periodo=2026
[2026-03-06T23:00:27.405Z] OPTIONS /api/entries/288?periodo=2026
[2026-03-06T23:00:27.405Z] OPTIONS /api/entries/289?periodo=2026
[2026-03-06T23:00:27.405Z] OPTIONS /api/entries/290?periodo=2026
[2026-03-06T23:00:27.405Z] OPTIONS /api/entries/291?periodo=2026
[2026-03-06T23:00:27.405Z] OPTIONS /api/entries/292?periodo=2026
[2026-03-06T23:00:27.405Z] OPTIONS /api/entries/297?periodo=2026
[2026-03-06T23:00:27.406Z] OPTIONS /api/entries/293?periodo=2026
[2026-03-06T23:00:27.406Z] GET /api/entries/308?periodo=2026
[2026-03-06T23:00:27.406Z] GET /api/entries/309?periodo=2026
[2026-03-06T23:00:27.407Z] OPTIONS /api/entries/294?periodo=2026
[2026-03-06T23:00:27.407Z] OPTIONS /api/entries/295?periodo=2026
[2026-03-06T23:00:27.407Z] OPTIONS /api/entries/296?periodo=2026
[2026-03-06T23:00:27.407Z] GET /api/entries/314?periodo=2026
[2026-03-06T23:00:27.408Z] OPTIONS /api/entries/298?periodo=2026
[2026-03-06T23:00:27.408Z] GET /api/entries/311?periodo=2026
[2026-03-06T23:00:27.408Z] OPTIONS /api/entries/299?periodo=2026
[2026-03-06T23:00:27.408Z] OPTIONS /api/entries/300?periodo=2026
[2026-03-06T23:00:27.408Z] GET /api/entries/312?periodo=2026
[2026-03-06T23:00:27.409Z] GET /api/entries/313?periodo=2026
[2026-03-06T23:00:27.409Z] GET /api/entries/315?periodo=2026
[2026-03-06T23:00:27.409Z] GET /api/entries/316?periodo=2026
[2026-03-06T23:00:27.410Z] OPTIONS /api/entries/301?periodo=2026
[2026-03-06T23:00:27.410Z] OPTIONS /api/entries/302?periodo=2026
[2026-03-06T23:00:27.410Z] OPTIONS /api/entries/303?periodo=2026
[2026-03-06T23:00:27.410Z] GET /api/entries/317?periodo=2026
[2026-03-06T23:00:27.411Z] OPTIONS /api/entries/304?periodo=2026
[2026-03-06T23:00:27.411Z] GET /api/entries/324?periodo=2026
[2026-03-06T23:00:27.411Z] OPTIONS /api/entries/305?periodo=2026
[2026-03-06T23:00:27.412Z] OPTIONS /api/entries/307?periodo=2026
[2026-03-06T23:00:27.412Z] GET /api/entries/325?periodo=2026
[2026-03-06T23:00:27.412Z] GET /api/entries/318?periodo=2026
[2026-03-06T23:00:27.412Z] OPTIONS /api/entries/306?periodo=2026
[2026-03-06T23:00:27.412Z] GET /api/entries/327?periodo=2026
[2026-03-06T23:00:27.413Z] GET /api/entries/322?periodo=2026
[2026-03-06T23:00:27.413Z] GET /api/entries/330?periodo=2026
[2026-03-06T23:00:27.414Z] GET /api/entries/326?periodo=2026
[2026-03-06T23:00:27.414Z] GET /api/entries/328?periodo=2026
[2026-03-06T23:00:27.415Z] GET /api/entries/332?periodo=2026
[2026-03-06T23:00:27.416Z] GET /api/entries/329?periodo=2026
[2026-03-06T23:00:27.416Z] GET /api/entries/331?periodo=2026
[2026-03-06T23:00:27.416Z] GET /api/entries/334?periodo=2026
[2026-03-06T23:00:27.417Z] GET /api/entries/333?periodo=2026
[2026-03-06T23:00:27.417Z] GET /api/entries/336?periodo=2026
[2026-03-06T23:00:27.418Z] GET /api/entries/335?periodo=2026
[2026-03-06T23:00:27.418Z] GET /api/entries/337?periodo=2026
[2026-03-06T23:00:27.418Z] GET /api/entries/341?periodo=2026
[2026-03-06T23:00:27.419Z] GET /api/entries/342?periodo=2026
[2026-03-06T23:00:27.420Z] GET /api/entries/343?periodo=2026
[2026-03-06T23:00:27.421Z] GET /api/entries/344?periodo=2026
[2026-03-06T23:00:27.421Z] GET /api/entries/347?periodo=2026
[2026-03-06T23:00:27.422Z] GET /api/entries/348?periodo=2026
[2026-03-06T23:00:27.422Z] GET /api/entries/350?periodo=2026
[2026-03-06T23:00:27.423Z] GET /api/entries/349?periodo=2026
[2026-03-06T23:00:27.423Z] GET /api/entries/352?periodo=2026
[2026-03-06T23:00:27.424Z] GET /api/entries/353?periodo=2026
[2026-03-06T23:00:27.424Z] GET /api/entries/351?periodo=2026
[2026-03-06T23:00:27.424Z] GET /api/entries/354?periodo=2026
[2026-03-06T23:00:27.425Z] GET /api/entries/355?periodo=2026
[2026-03-06T23:00:27.425Z] GET /api/entries/356?periodo=2026
[2026-03-06T23:00:27.426Z] GET /api/entries/2?periodo=2026
[2026-03-06T23:00:27.426Z] GET /api/entries/4?periodo=2026
[2026-03-06T23:00:27.426Z] GET /api/entries/3?periodo=2026
[2026-03-06T23:00:27.427Z] GET /api/entries/5?periodo=2026
[2026-03-06T23:00:27.427Z] GET /api/entries/6?periodo=2026
[2026-03-06T23:00:27.427Z] GET /api/entries/7?periodo=2026
[2026-03-06T23:00:27.428Z] GET /api/entries/8?periodo=2026
[2026-03-06T23:00:27.428Z] GET /api/entries/10?periodo=2026
[2026-03-06T23:00:27.428Z] GET /api/entries/9?periodo=2026
[2026-03-06T23:00:27.429Z] GET /api/entries/11?periodo=2026
[2026-03-06T23:00:27.429Z] OPTIONS /api/entries/357?periodo=2026
[2026-03-06T23:00:27.430Z] OPTIONS /api/entries/358?periodo=2026
[2026-03-06T23:00:27.430Z] GET /api/entries/366?periodo=2026
[2026-03-06T23:00:27.431Z] GET /api/entries/12?periodo=2026
[2026-03-06T23:00:27.431Z] OPTIONS /api/entries/360?periodo=2026
[2026-03-06T23:00:27.432Z] GET /api/entries/13?periodo=2026
[2026-03-06T23:00:27.432Z] OPTIONS /api/entries/359?periodo=2026
[2026-03-06T23:00:27.433Z] GET /api/entries/14?periodo=2026
[2026-03-06T23:00:27.433Z] OPTIONS /api/entries/362?periodo=2026
[2026-03-06T23:00:27.433Z] OPTIONS /api/entries/361?periodo=2026
[2026-03-06T23:00:27.433Z] OPTIONS /api/entries/363?periodo=2026
[2026-03-06T23:00:27.433Z] OPTIONS /api/entries/364?periodo=2026
[2026-03-06T23:00:27.433Z] OPTIONS /api/entries/365?periodo=2026
[2026-03-06T23:00:27.434Z] GET /api/entries/15?periodo=2026
[2026-03-06T23:00:27.434Z] GET /api/entries/17?periodo=2026
[2026-03-06T23:00:27.434Z] GET /api/entries/18?periodo=2026
[2026-03-06T23:00:27.434Z] GET /api/entries/16?periodo=2026
[2026-03-06T23:00:27.435Z] OPTIONS /api/entries/367?periodo=2026
[2026-03-06T23:00:27.435Z] GET /api/entries/19?periodo=2026
[2026-03-06T23:00:27.435Z] GET /api/entries/21?periodo=2026
[2026-03-06T23:00:27.436Z] GET /api/entries/22?periodo=2026
[2026-03-06T23:00:27.436Z] GET /api/entries/23?periodo=2026
[2026-03-06T23:00:27.436Z] GET /api/entries/24?periodo=2026
[2026-03-06T23:00:27.438Z] GET /api/entries/25?periodo=2026
[2026-03-06T23:00:27.438Z] GET /api/entries/26?periodo=2026
[2026-03-06T23:00:27.438Z] OPTIONS /api/entries/368?periodo=2026
[2026-03-06T23:00:27.439Z] OPTIONS /api/entries/369?periodo=2026
[2026-03-06T23:00:27.439Z] OPTIONS /api/entries/370?periodo=2026
[2026-03-06T23:00:27.439Z] GET /api/entries/28?periodo=2026
[2026-03-06T23:00:27.439Z] OPTIONS /api/entries/371?periodo=2026
[2026-03-06T23:00:27.440Z] GET /api/entries/30?periodo=2026
[2026-03-06T23:00:27.440Z] OPTIONS /api/entries/372?periodo=2026
[2026-03-06T23:00:27.440Z] GET /api/entries/29?periodo=2026
[2026-03-06T23:00:27.441Z] OPTIONS /api/entries/373?periodo=2026
[2026-03-06T23:00:27.441Z] GET /api/entries/31?periodo=2026
[2026-03-06T23:00:27.441Z] GET /api/entries/33?periodo=2026
[2026-03-06T23:00:27.441Z] GET /api/entries/32?periodo=2026
[2026-03-06T23:00:27.442Z] OPTIONS /api/entries/375?periodo=2026
[2026-03-06T23:00:27.442Z] GET /api/entries/34?periodo=2026
[2026-03-06T23:00:27.442Z] OPTIONS /api/entries/376?periodo=2026
[2026-03-06T23:00:27.443Z] OPTIONS /api/entries/374?periodo=2026
[2026-03-06T23:00:27.443Z] OPTIONS /api/entries/377?periodo=2026
[2026-03-06T23:00:27.443Z] OPTIONS /api/entries/379?periodo=2026
[2026-03-06T23:00:27.443Z] GET /api/entries/35?periodo=2026
[2026-03-06T23:00:27.443Z] GET /api/entries/36?periodo=2026
[2026-03-06T23:00:27.444Z] OPTIONS /api/entries/378?periodo=2026
[2026-03-06T23:00:27.444Z] OPTIONS /api/entries/380?periodo=2026
[2026-03-06T23:00:27.444Z] OPTIONS /api/entries/381?periodo=2026
[2026-03-06T23:00:27.444Z] GET /api/entries/37?periodo=2026
[2026-03-06T23:00:27.444Z] OPTIONS /api/entries/382?periodo=2026
[2026-03-06T23:00:27.444Z] OPTIONS /api/entries/383?periodo=2026
[2026-03-06T23:00:27.444Z] OPTIONS /api/entries/384?periodo=2026
[2026-03-06T23:00:27.445Z] OPTIONS /api/entries/385?periodo=2026
[2026-03-06T23:00:27.445Z] OPTIONS /api/entries/386?periodo=2026
[2026-03-06T23:00:27.445Z] OPTIONS /api/entries/387?periodo=2026
[2026-03-06T23:00:27.445Z] OPTIONS /api/entries/388?periodo=2026
[2026-03-06T23:00:27.445Z] GET /api/entries/39?periodo=2026
[2026-03-06T23:00:27.445Z] GET /api/entries/392?periodo=2026
[2026-03-06T23:00:27.446Z] OPTIONS /api/entries/389?periodo=2026
[2026-03-06T23:00:27.446Z] GET /api/entries/40?periodo=2026
[2026-03-06T23:00:27.446Z] OPTIONS /api/entries/390?periodo=2026
[2026-03-06T23:00:27.446Z] OPTIONS /api/entries/391?periodo=2026
[2026-03-06T23:00:27.446Z] GET /api/entries/396?periodo=2026
[2026-03-06T23:00:27.447Z] GET /api/entries/397?periodo=2026
[2026-03-06T23:00:27.447Z] OPTIONS /api/entries/393?periodo=2026
[2026-03-06T23:00:27.447Z] GET /api/entries/395?periodo=2026
[2026-03-06T23:00:27.448Z] OPTIONS /api/entries/394?periodo=2026
[2026-03-06T23:00:27.448Z] GET /api/entries/41?periodo=2026
[2026-03-06T23:00:27.448Z] OPTIONS /api/entries/398?periodo=2026
[2026-03-06T23:00:27.448Z] GET /api/entries/400?periodo=2026
[2026-03-06T23:00:27.449Z] GET /api/entries/42?periodo=2026
[2026-03-06T23:00:27.450Z] GET /api/entries/403?periodo=2026
[2026-03-06T23:00:27.450Z] GET /api/entries/401?periodo=2026
[2026-03-06T23:00:27.450Z] OPTIONS /api/entries/399?periodo=2026
[2026-03-06T23:00:27.451Z] GET /api/entries/43?periodo=2026
[2026-03-06T23:00:27.451Z] GET /api/entries/404?periodo=2026
[2026-03-06T23:00:27.451Z] OPTIONS /api/entries/402?periodo=2026
[2026-03-06T23:00:27.451Z] GET /api/entries/45?periodo=2026
[2026-03-06T23:00:27.452Z] GET /api/entries/46?periodo=2026
[2026-03-06T23:00:27.452Z] OPTIONS /api/entries/405?periodo=2026
[2026-03-06T23:00:27.452Z] OPTIONS /api/entries/409?periodo=2026
[2026-03-06T23:00:27.452Z] GET /api/entries/407?periodo=2026
[2026-03-06T23:00:27.453Z] GET /api/entries/406?periodo=2026
[2026-03-06T23:00:27.453Z] GET /api/entries/408?periodo=2026
[2026-03-06T23:00:27.455Z] GET /api/entries/47?periodo=2026
[2026-03-06T23:00:27.455Z] GET /api/entries/48?periodo=2026
[2026-03-06T23:00:27.456Z] GET /api/entries/412?periodo=2026
[2026-03-06T23:00:27.457Z] GET /api/entries/414?periodo=2026
[2026-03-06T23:00:27.458Z] GET /api/entries/415?periodo=2026
[2026-03-06T23:00:27.458Z] OPTIONS /api/entries/411?periodo=2026
[2026-03-06T23:00:27.458Z] OPTIONS /api/entries/410?periodo=2026
[2026-03-06T23:00:27.458Z] GET /api/entries/413?periodo=2026
[2026-03-06T23:00:27.459Z] GET /api/entries/49?periodo=2026
[2026-03-06T23:00:27.459Z] GET /api/entries/50?periodo=2026
[2026-03-06T23:00:27.459Z] GET /api/entries/51?periodo=2026
[2026-03-06T23:00:27.460Z] GET /api/entries/53?periodo=2026
[2026-03-06T23:00:27.460Z] GET /api/entries/52?periodo=2026
[2026-03-06T23:00:27.460Z] GET /api/entries/54?periodo=2026
[2026-03-06T23:00:27.461Z] GET /api/entries/57?periodo=2026
[2026-03-06T23:00:27.461Z] GET /api/entries/56?periodo=2026
[2026-03-06T23:00:27.461Z] GET /api/entries/58?periodo=2026
[2026-03-06T23:00:27.462Z] GET /api/entries/59?periodo=2026
[2026-03-06T23:00:27.462Z] GET /api/entries/60?periodo=2026
[2026-03-06T23:00:27.463Z] GET /api/entries/61?periodo=2026
[2026-03-06T23:00:27.463Z] GET /api/entries/62?periodo=2026
[2026-03-06T23:00:27.464Z] GET /api/entries/65?periodo=2026
[2026-03-06T23:00:27.464Z] GET /api/entries/63?periodo=2026
[2026-03-06T23:00:27.466Z] GET /api/entries/70?periodo=2026
[2026-03-06T23:00:27.466Z] GET /api/entries/67?periodo=2026
[2026-03-06T23:00:27.467Z] GET /api/entries/69?periodo=2026
[2026-03-06T23:00:27.467Z] GET /api/entries/66?periodo=2026
[2026-03-06T23:00:27.468Z] GET /api/entries/73?periodo=2026
[2026-03-06T23:00:27.468Z] GET /api/entries/71?periodo=2026
[2026-03-06T23:00:27.469Z] GET /api/entries/72?periodo=2026
[2026-03-06T23:00:27.469Z] GET /api/entries/74?periodo=2026
[2026-03-06T23:00:27.469Z] GET /api/entries/75?periodo=2026
[2026-03-06T23:00:27.470Z] GET /api/entries/77?periodo=2026
[2026-03-06T23:00:27.470Z] GET /api/entries/78?periodo=2026
[2026-03-06T23:00:27.471Z] GET /api/entries/76?periodo=2026
[2026-03-06T23:00:27.471Z] GET /api/entries/82?periodo=2026
[2026-03-06T23:00:27.472Z] OPTIONS /api/entries/416?periodo=2026
[2026-03-06T23:00:27.472Z] GET /api/entries/81?periodo=2026
[2026-03-06T23:00:27.472Z] GET /api/entries/84?periodo=2026
[2026-03-06T23:00:27.473Z] GET /api/entries/79?periodo=2026
[2026-03-06T23:00:27.473Z] GET /api/entries/83?periodo=2026
[2026-03-06T23:00:27.474Z] OPTIONS /api/entries/417?periodo=2026
[2026-03-06T23:00:27.475Z] GET /api/entries/85?periodo=2026
[2026-03-06T23:00:27.475Z] GET /api/entries/91?periodo=2026
[2026-03-06T23:00:27.476Z] GET /api/entries/89?periodo=2026
[2026-03-06T23:00:27.477Z] GET /api/entries/86?periodo=2026
[2026-03-06T23:00:27.478Z] GET /api/entries/87?periodo=2026
[2026-03-06T23:00:27.479Z] GET /api/entries/92?periodo=2026
[2026-03-06T23:00:27.479Z] GET /api/entries/96?periodo=2026
[2026-03-06T23:00:27.480Z] GET /api/entries/95?periodo=2026
[2026-03-06T23:00:27.480Z] GET /api/entries/93?periodo=2026
[2026-03-06T23:00:27.480Z] GET /api/entries/100?periodo=2026
[2026-03-06T23:00:27.481Z] GET /api/entries/97?periodo=2026
[2026-03-06T23:00:27.482Z] GET /api/entries/99?periodo=2026
[2026-03-06T23:00:27.482Z] GET /api/entries/102?periodo=2026
[2026-03-06T23:00:27.483Z] GET /api/entries/101?periodo=2026
[2026-03-06T23:00:27.483Z] GET /api/entries/98?periodo=2026
[2026-03-06T23:00:27.484Z] GET /api/entries/104?periodo=2026
[2026-03-06T23:00:27.484Z] GET /api/entries/107?periodo=2026
[2026-03-06T23:00:27.484Z] GET /api/entries/103?periodo=2026
[2026-03-06T23:00:27.485Z] GET /api/entries/108?periodo=2026
[2026-03-06T23:00:27.485Z] GET /api/entries/110?periodo=2026
[2026-03-06T23:00:27.486Z] GET /api/entries/112?periodo=2026
[2026-03-06T23:00:27.486Z] GET /api/entries/111?periodo=2026
[2026-03-06T23:00:27.487Z] GET /api/entries/113?periodo=2026
[2026-03-06T23:00:27.487Z] GET /api/entries/114?periodo=2026
[2026-03-06T23:00:27.488Z] GET /api/entries/115?periodo=2026
[2026-03-06T23:00:27.488Z] GET /api/entries/119?periodo=2026
[2026-03-06T23:00:27.489Z] GET /api/entries/116?periodo=2026
[2026-03-06T23:00:27.489Z] GET /api/entries/118?periodo=2026
[2026-03-06T23:00:27.489Z] GET /api/entries/117?periodo=2026
[2026-03-06T23:00:27.490Z] GET /api/entries/120?periodo=2026
[2026-03-06T23:00:27.490Z] GET /api/entries/121?periodo=2026
[2026-03-06T23:00:27.492Z] GET /api/entries/123?periodo=2026
[2026-03-06T23:00:27.492Z] GET /api/entries/122?periodo=2026
[2026-03-06T23:00:27.493Z] GET /api/entries/125?periodo=2026
[2026-03-06T23:00:27.493Z] GET /api/entries/124?periodo=2026
[2026-03-06T23:00:27.494Z] GET /api/entries/126?periodo=2026
[2026-03-06T23:00:27.494Z] GET /api/entries/128?periodo=2026
[2026-03-06T23:00:27.495Z] GET /api/entries/131?periodo=2026
[2026-03-06T23:00:27.495Z] GET /api/entries/132?periodo=2026
[2026-03-06T23:00:27.496Z] GET /api/entries/127?periodo=2026
[2026-03-06T23:00:27.496Z] GET /api/entries/129?periodo=2026
[2026-03-06T23:00:27.496Z] GET /api/entries/130?periodo=2026
[2026-03-06T23:00:27.497Z] GET /api/entries/133?periodo=2026
[2026-03-06T23:00:27.497Z] GET /api/entries/134?periodo=2026
[2026-03-06T23:00:27.497Z] GET /api/entries/135?periodo=2026
[2026-03-06T23:00:27.498Z] GET /api/entries/136?periodo=2026
[2026-03-06T23:00:27.499Z] GET /api/entries/139?periodo=2026
[2026-03-06T23:00:27.499Z] GET /api/entries/137?periodo=2026
[2026-03-06T23:00:27.500Z] GET /api/entries/138?periodo=2026
[2026-03-06T23:00:27.500Z] GET /api/entries/140?periodo=2026
[2026-03-06T23:00:27.501Z] GET /api/entries/141?periodo=2026
[2026-03-06T23:00:27.501Z] GET /api/entries/142?periodo=2026
[2026-03-06T23:00:27.502Z] GET /api/entries/143?periodo=2026
[2026-03-06T23:00:27.502Z] GET /api/entries/146?periodo=2026
[2026-03-06T23:00:27.502Z] GET /api/entries/145?periodo=2026
[2026-03-06T23:00:27.503Z] GET /api/entries/144?periodo=2026
[2026-03-06T23:00:27.504Z] GET /api/entries/147?periodo=2026
[2026-03-06T23:00:27.505Z] GET /api/entries/149?periodo=2026
[2026-03-06T23:00:27.505Z] GET /api/entries/148?periodo=2026
[2026-03-06T23:00:27.506Z] GET /api/entries/150?periodo=2026
[2026-03-06T23:00:27.507Z] GET /api/entries/151?periodo=2026
[2026-03-06T23:00:27.507Z] GET /api/entries/152?periodo=2026
[2026-03-06T23:00:27.508Z] GET /api/entries/153?periodo=2026
[2026-03-06T23:00:27.508Z] GET /api/entries/155?periodo=2026
[2026-03-06T23:00:27.509Z] GET /api/entries/156?periodo=2026
[2026-03-06T23:00:27.510Z] GET /api/entries/159?periodo=2026
[2026-03-06T23:00:27.511Z] GET /api/entries/160?periodo=2026
[2026-03-06T23:00:27.511Z] GET /api/entries/154?periodo=2026
[2026-03-06T23:00:27.512Z] GET /api/entries/161?periodo=2026
[2026-03-06T23:00:27.512Z] GET /api/entries/158?periodo=2026
[2026-03-06T23:00:27.512Z] GET /api/entries/163?periodo=2026
[2026-03-06T23:00:27.513Z] GET /api/entries/166?periodo=2026
[2026-03-06T23:00:27.513Z] GET /api/entries/162?periodo=2026
[2026-03-06T23:00:27.514Z] GET /api/entries/164?periodo=2026
[2026-03-06T23:00:27.514Z] GET /api/entries/169?periodo=2026
[2026-03-06T23:00:27.514Z] GET /api/entries/171?periodo=2026
[2026-03-06T23:00:27.515Z] GET /api/entries/170?periodo=2026
[2026-03-06T23:00:27.515Z] GET /api/entries/167?periodo=2026
[2026-03-06T23:00:27.516Z] GET /api/entries/168?periodo=2026
[2026-03-06T23:00:27.516Z] GET /api/entries/173?periodo=2026
[2026-03-06T23:00:27.517Z] GET /api/entries/174?periodo=2026
[2026-03-06T23:00:27.517Z] GET /api/entries/175?periodo=2026
[2026-03-06T23:00:27.518Z] GET /api/entries/172?periodo=2026
[2026-03-06T23:00:27.518Z] GET /api/entries/176?periodo=2026
[2026-03-06T23:00:27.518Z] GET /api/entries/177?periodo=2026
[2026-03-06T23:00:27.519Z] GET /api/entries/178?periodo=2026
[2026-03-06T23:00:27.519Z] GET /api/entries/179?periodo=2026
[2026-03-06T23:00:27.520Z] GET /api/entries/180?periodo=2026
[2026-03-06T23:00:27.520Z] GET /api/entries/182?periodo=2026
[2026-03-06T23:00:27.521Z] GET /api/entries/184?periodo=2026
[2026-03-06T23:00:27.521Z] GET /api/entries/183?periodo=2026
[2026-03-06T23:00:27.521Z] GET /api/entries/185?periodo=2026
[2026-03-06T23:00:27.522Z] GET /api/entries/187?periodo=2026
[2026-03-06T23:00:27.522Z] GET /api/entries/181?periodo=2026
[2026-03-06T23:00:27.523Z] GET /api/entries/186?periodo=2026
[2026-03-06T23:00:27.523Z] GET /api/entries/188?periodo=2026
[2026-03-06T23:00:27.524Z] GET /api/entries/190?periodo=2026
[2026-03-06T23:00:27.524Z] GET /api/entries/191?periodo=2026
[2026-03-06T23:00:27.524Z] GET /api/entries/195?periodo=2026
[2026-03-06T23:00:27.525Z] GET /api/entries/189?periodo=2026
[2026-03-06T23:00:27.525Z] GET /api/entries/194?periodo=2026
[2026-03-06T23:00:27.526Z] GET /api/entries/193?periodo=2026
[2026-03-06T23:00:27.527Z] GET /api/entries/192?periodo=2026
[2026-03-06T23:00:27.527Z] GET /api/entries/197?periodo=2026
[2026-03-06T23:00:27.528Z] GET /api/entries/196?periodo=2026
[2026-03-06T23:00:27.528Z] GET /api/entries/200?periodo=2026
[2026-03-06T23:00:27.528Z] GET /api/entries/198?periodo=2026
[2026-03-06T23:00:27.529Z] GET /api/entries/199?periodo=2026
[2026-03-06T23:00:27.529Z] GET /api/entries/201?periodo=2026
[2026-03-06T23:00:27.530Z] GET /api/entries/205?periodo=2026
[2026-03-06T23:00:27.530Z] GET /api/entries/202?periodo=2026
[2026-03-06T23:00:27.530Z] GET /api/entries/203?periodo=2026
[2026-03-06T23:00:27.531Z] GET /api/entries/204?periodo=2026
[2026-03-06T23:00:27.532Z] GET /api/entries/208?periodo=2026
[2026-03-06T23:00:27.532Z] GET /api/entries/206?periodo=2026
[2026-03-06T23:00:27.534Z] GET /api/entries/210?periodo=2026
[2026-03-06T23:00:27.534Z] GET /api/entries/209?periodo=2026
[2026-03-06T23:00:27.535Z] GET /api/entries/207?periodo=2026
[2026-03-06T23:00:27.535Z] GET /api/entries/212?periodo=2026
[2026-03-06T23:00:27.535Z] GET /api/entries/216?periodo=2026
[2026-03-06T23:00:27.536Z] GET /api/entries/211?periodo=2026
[2026-03-06T23:00:27.536Z] GET /api/entries/213?periodo=2026
[2026-03-06T23:00:27.536Z] GET /api/entries/214?periodo=2026
[2026-03-06T23:00:27.539Z] GET /api/entries/218?periodo=2026
[2026-03-06T23:00:27.539Z] GET /api/entries/215?periodo=2026
[2026-03-06T23:00:27.539Z] GET /api/entries/221?periodo=2026
[2026-03-06T23:00:27.540Z] GET /api/entries/219?periodo=2026
[2026-03-06T23:00:27.540Z] GET /api/entries/224?periodo=2026
[2026-03-06T23:00:27.540Z] GET /api/entries/217?periodo=2026
[2026-03-06T23:00:27.542Z] GET /api/entries/220?periodo=2026
[2026-03-06T23:00:27.542Z] GET /api/entries/222?periodo=2026
[2026-03-06T23:00:27.542Z] GET /api/entries/223?periodo=2026
[2026-03-06T23:00:27.543Z] GET /api/entries/226?periodo=2026
[2026-03-06T23:00:27.543Z] GET /api/entries/225?periodo=2026
[2026-03-06T23:00:27.544Z] GET /api/entries/228?periodo=2026
[2026-03-06T23:00:27.544Z] GET /api/entries/230?periodo=2026
[2026-03-06T23:00:27.544Z] GET /api/entries/229?periodo=2026
[2026-03-06T23:00:27.545Z] GET /api/entries/233?periodo=2026
[2026-03-06T23:00:27.545Z] GET /api/entries/235?periodo=2026
[2026-03-06T23:00:27.545Z] GET /api/entries/234?periodo=2026
[2026-03-06T23:00:27.546Z] GET /api/entries/238?periodo=2026
[2026-03-06T23:00:27.546Z] GET /api/entries/237?periodo=2026
[2026-03-06T23:00:27.547Z] GET /api/entries/239?periodo=2026
[2026-03-06T23:00:27.547Z] GET /api/entries/243?periodo=2026
[2026-03-06T23:00:27.548Z] GET /api/entries/236?periodo=2026
[2026-03-06T23:00:27.548Z] GET /api/entries/240?periodo=2026
[2026-03-06T23:00:27.549Z] GET /api/entries/244?periodo=2026
[2026-03-06T23:00:27.549Z] GET /api/entries/242?periodo=2026
[2026-03-06T23:00:27.549Z] GET /api/entries/246?periodo=2026
[2026-03-06T23:00:27.549Z] GET /api/entries/245?periodo=2026
[2026-03-06T23:00:27.550Z] GET /api/entries/247?periodo=2026
[2026-03-06T23:00:27.550Z] GET /api/entries/249?periodo=2026
[2026-03-06T23:00:27.551Z] GET /api/entries/248?periodo=2026
[2026-03-06T23:00:27.551Z] GET /api/entries/250?periodo=2026
[2026-03-06T23:00:27.552Z] GET /api/entries/252?periodo=2026
[2026-03-06T23:00:27.552Z] GET /api/entries/251?periodo=2026
[2026-03-06T23:00:27.553Z] GET /api/entries/254?periodo=2026
[2026-03-06T23:00:27.553Z] GET /api/entries/258?periodo=2026
[2026-03-06T23:00:27.553Z] GET /api/entries/255?periodo=2026
[2026-03-06T23:00:27.554Z] GET /api/entries/257?periodo=2026
[2026-03-06T23:00:27.554Z] GET /api/entries/253?periodo=2026
[2026-03-06T23:00:27.555Z] GET /api/entries/262?periodo=2026
[2026-03-06T23:00:27.555Z] GET /api/entries/259?periodo=2026
[2026-03-06T23:00:27.556Z] GET /api/entries/261?periodo=2026
[2026-03-06T23:00:27.556Z] GET /api/entries/266?periodo=2026
[2026-03-06T23:00:27.557Z] GET /api/entries/260?periodo=2026
[2026-03-06T23:00:27.557Z] GET /api/entries/264?periodo=2026
[2026-03-06T23:00:27.558Z] GET /api/entries/263?periodo=2026
[2026-03-06T23:00:27.558Z] GET /api/entries/265?periodo=2026
[2026-03-06T23:00:27.559Z] GET /api/entries/267?periodo=2026
[2026-03-06T23:00:27.559Z] GET /api/entries/268?periodo=2026
[2026-03-06T23:00:27.559Z] GET /api/entries/269?periodo=2026
[2026-03-06T23:00:27.560Z] GET /api/entries/270?periodo=2026
[2026-03-06T23:00:27.560Z] GET /api/entries/271?periodo=2026
[2026-03-06T23:00:27.561Z] GET /api/entries/273?periodo=2026
[2026-03-06T23:00:27.561Z] GET /api/entries/272?periodo=2026
[2026-03-06T23:00:27.561Z] GET /api/entries/274?periodo=2026
[2026-03-06T23:00:27.562Z] GET /api/entries/275?periodo=2026
[2026-03-06T23:00:27.562Z] GET /api/entries/277?periodo=2026
[2026-03-06T23:00:27.563Z] GET /api/entries/276?periodo=2026
[2026-03-06T23:00:27.563Z] GET /api/entries/281?periodo=2026
[2026-03-06T23:00:27.563Z] GET /api/entries/278?periodo=2026
[2026-03-06T23:00:27.564Z] GET /api/entries/280?periodo=2026
[2026-03-06T23:00:27.564Z] GET /api/entries/279?periodo=2026
[2026-03-06T23:00:27.564Z] GET /api/entries/282?periodo=2026
[2026-03-06T23:00:27.566Z] GET /api/entries/283?periodo=2026
[2026-03-06T23:00:27.566Z] GET /api/entries/286?periodo=2026
[2026-03-06T23:00:27.567Z] GET /api/entries/284?periodo=2026
[2026-03-06T23:00:27.567Z] GET /api/entries/288?periodo=2026
[2026-03-06T23:00:27.567Z] GET /api/entries/289?periodo=2026
[2026-03-06T23:00:27.568Z] GET /api/entries/285?periodo=2026
[2026-03-06T23:00:27.568Z] GET /api/entries/291?periodo=2026
[2026-03-06T23:00:27.569Z] GET /api/entries/292?periodo=2026
[2026-03-06T23:00:27.569Z] GET /api/entries/290?periodo=2026
[2026-03-06T23:00:27.570Z] GET /api/entries/297?periodo=2026
[2026-03-06T23:00:27.570Z] GET /api/entries/293?periodo=2026
[2026-03-06T23:00:27.570Z] GET /api/entries/294?periodo=2026
[2026-03-06T23:00:27.571Z] GET /api/entries/295?periodo=2026
[2026-03-06T23:00:27.572Z] GET /api/entries/296?periodo=2026
[2026-03-06T23:00:27.572Z] GET /api/entries/298?periodo=2026
[2026-03-06T23:00:27.572Z] GET /api/entries/299?periodo=2026
[2026-03-06T23:00:27.573Z] GET /api/entries/300?periodo=2026
[2026-03-06T23:00:27.573Z] GET /api/entries/301?periodo=2026
[2026-03-06T23:00:27.574Z] GET /api/entries/302?periodo=2026
[2026-03-06T23:00:27.575Z] GET /api/entries/303?periodo=2026
[2026-03-06T23:00:27.575Z] GET /api/entries/304?periodo=2026
[2026-03-06T23:00:27.575Z] GET /api/entries/305?periodo=2026
[2026-03-06T23:00:27.576Z] GET /api/entries/307?periodo=2026
[2026-03-06T23:00:27.576Z] GET /api/entries/306?periodo=2026
[2026-03-06T23:00:27.576Z] GET /api/entries/357?periodo=2026
[2026-03-06T23:00:27.577Z] GET /api/entries/358?periodo=2026
[2026-03-06T23:00:27.577Z] GET /api/entries/360?periodo=2026
[2026-03-06T23:00:27.577Z] GET /api/entries/359?periodo=2026
[2026-03-06T23:00:27.578Z] GET /api/entries/362?periodo=2026
[2026-03-06T23:00:27.578Z] GET /api/entries/361?periodo=2026
[2026-03-06T23:00:27.579Z] GET /api/entries/363?periodo=2026
[2026-03-06T23:00:27.579Z] GET /api/entries/364?periodo=2026
[2026-03-06T23:00:27.579Z] GET /api/entries/365?periodo=2026
[2026-03-06T23:00:27.580Z] GET /api/entries/367?periodo=2026
[2026-03-06T23:00:27.580Z] GET /api/entries/368?periodo=2026
[2026-03-06T23:00:27.580Z] GET /api/entries/369?periodo=2026
[2026-03-06T23:00:27.581Z] GET /api/entries/370?periodo=2026
[2026-03-06T23:00:27.581Z] GET /api/entries/371?periodo=2026
[2026-03-06T23:00:27.582Z] GET /api/entries/372?periodo=2026
[2026-03-06T23:00:27.582Z] GET /api/entries/373?periodo=2026
[2026-03-06T23:00:27.582Z] GET /api/entries/375?periodo=2026
[2026-03-06T23:00:27.583Z] GET /api/entries/376?periodo=2026
[2026-03-06T23:00:27.583Z] GET /api/entries/374?periodo=2026
[2026-03-06T23:00:27.584Z] GET /api/entries/377?periodo=2026
[2026-03-06T23:00:27.584Z] GET /api/entries/379?periodo=2026
[2026-03-06T23:00:27.585Z] GET /api/entries/378?periodo=2026
[2026-03-06T23:00:27.586Z] GET /api/entries/380?periodo=2026
[2026-03-06T23:00:27.587Z] GET /api/entries/381?periodo=2026
[2026-03-06T23:00:27.587Z] GET /api/entries/382?periodo=2026
[2026-03-06T23:00:27.587Z] GET /api/entries/383?periodo=2026
[2026-03-06T23:00:27.588Z] GET /api/entries/384?periodo=2026
[2026-03-06T23:00:27.590Z] GET /api/entries/385?periodo=2026
[2026-03-06T23:00:27.590Z] GET /api/entries/386?periodo=2026
[2026-03-06T23:00:27.590Z] GET /api/entries/387?periodo=2026
[2026-03-06T23:00:27.591Z] GET /api/entries/388?periodo=2026
[2026-03-06T23:00:27.591Z] GET /api/entries/389?periodo=2026
[2026-03-06T23:00:27.592Z] GET /api/entries/390?periodo=2026
[2026-03-06T23:00:27.592Z] GET /api/entries/391?periodo=2026
[2026-03-06T23:00:27.592Z] GET /api/entries/393?periodo=2026
[2026-03-06T23:00:27.593Z] GET /api/entries/394?periodo=2026
[2026-03-06T23:00:27.593Z] GET /api/entries/398?periodo=2026
[2026-03-06T23:00:27.593Z] GET /api/entries/399?periodo=2026
[2026-03-06T23:00:27.594Z] GET /api/entries/402?periodo=2026
[2026-03-06T23:00:27.594Z] GET /api/entries/405?periodo=2026
[2026-03-06T23:00:27.595Z] GET /api/entries/409?periodo=2026
[2026-03-06T23:00:27.595Z] GET /api/entries/411?periodo=2026
[2026-03-06T23:00:27.595Z] GET /api/entries/410?periodo=2026
[2026-03-06T23:00:27.596Z] GET /api/entries/416?periodo=2026
[2026-03-06T23:00:27.596Z] GET /api/entries/417?periodo=2026
[2026-03-06T23:00:39.273Z] OPTIONS /api/auth/login
[2026-03-06T23:00:39.275Z] POST /api/auth/login
Login Successful: admin@seplan.gob.mx | Roles: SuperAdministrador | Mission: undefined
[2026-03-06T23:00:39.368Z] OPTIONS /api/dashboard/stats?periodo=2026
[2026-03-06T23:00:39.368Z] OPTIONS /api/activities?periodo=2026
[2026-03-06T23:00:39.368Z] GET /api/dashboard/stats?periodo=2026
[2026-03-06T23:00:39.369Z] GET /api/activities?periodo=2026
[2026-03-06T23:00:39.374Z] GET /api/activities?periodo=2026
[2026-03-06T23:00:39.378Z] GET /api/dashboard/stats?periodo=2026
[2026-03-06T23:00:44.916Z] OPTIONS /api/dependencies
[2026-03-06T23:00:44.916Z] GET /api/dependencies
[2026-03-06T23:00:44.917Z] GET /api/dependencies - User: undefined Roles: [ 'SuperAdministrador' ]
[2026-03-06T23:00:44.924Z] Found 86 dependencies
[2026-03-06T23:00:44.925Z] GET /api/dependencies
[2026-03-06T23:00:44.926Z] GET /api/dependencies - User: undefined Roles: [ 'SuperAdministrador' ]
[2026-03-06T23:00:44.928Z] Found 86 dependencies
[2026-03-06T23:00:50.797Z] OPTIONS /api/periods
[2026-03-06T23:00:50.798Z] GET /api/periods
[2026-03-06T23:00:50.810Z] GET /api/periods
[2026-03-06T23:01:58.302Z] POST /api/auth/login
[2026-03-06T23:02:14.613Z] POST /api/auth/login
Login Successful: admin@seplan.gob.mx | Roles: SuperAdministrador | Mission: undefined
[2026-03-06T23:02:14.620Z] GET /api/dependencies
[2026-03-06T23:02:14.620Z] GET /api/dependencies - User: undefined Roles: [ 'SuperAdministrador' ]
[2026-03-06T23:02:14.623Z] Found 86 dependencies
[2026-03-06T23:02:57.951Z] OPTIONS /api/periods
[2026-03-06T23:02:57.951Z] OPTIONS /api/periods
[2026-03-06T23:02:57.953Z] GET /api/periods
[2026-03-06T23:02:57.956Z] GET /api/periods
[2026-03-06T23:03:50.440Z] OPTIONS /api/auth/login
[2026-03-06T23:03:50.441Z] POST /api/auth/login
Login Successful: admin@seplan.gob.mx | Roles: SuperAdministrador | Mission: undefined
[2026-03-06T23:03:50.532Z] OPTIONS /api/dashboard/stats?periodo=2026
[2026-03-06T23:03:50.532Z] OPTIONS /api/activities?periodo=2026
[2026-03-06T23:03:50.533Z] GET /api/dashboard/stats?periodo=2026
[2026-03-06T23:03:50.533Z] GET /api/activities?periodo=2026
[2026-03-06T23:03:50.539Z] GET /api/activities?periodo=2026
[2026-03-06T23:03:50.542Z] GET /api/dashboard/stats?periodo=2026
[2026-03-06T23:03:58.269Z] OPTIONS /api/narratives/inbox?periodo=2026
[2026-03-06T23:03:58.270Z] GET /api/narratives/inbox?periodo=2026
[2026-03-06T23:03:58.275Z] GET /api/narratives/inbox?periodo=2026
[2026-03-06T23:04:01.577Z] OPTIONS /api/entities?periodo=2026
[2026-03-06T23:04:01.578Z] GET /api/entities?periodo=2026
[2026-03-06T23:04:01.621Z] GET /api/entities?periodo=2026
[2026-03-06T23:04:01.625Z] OPTIONS /api/entries/2?periodo=2026
[2026-03-06T23:04:01.625Z] OPTIONS /api/entries/3?periodo=2026
[2026-03-06T23:04:01.626Z] OPTIONS /api/entries/4?periodo=2026
[2026-03-06T23:04:01.627Z] GET /api/entries/2?periodo=2026
[2026-03-06T23:04:01.628Z] GET /api/entries/3?periodo=2026
[2026-03-06T23:04:01.630Z] OPTIONS /api/entries/5?periodo=2026
[2026-03-06T23:04:01.630Z] OPTIONS /api/entries/6?periodo=2026
[2026-03-06T23:04:01.631Z] GET /api/entries/4?periodo=2026
[2026-03-06T23:04:01.631Z] OPTIONS /api/entries/7?periodo=2026
[2026-03-06T23:04:01.636Z] OPTIONS /api/entries/8?periodo=2026
[2026-03-06T23:04:01.636Z] OPTIONS /api/entries/9?periodo=2026
[2026-03-06T23:04:01.636Z] OPTIONS /api/entries/10?periodo=2026
[2026-03-06T23:04:01.636Z] OPTIONS /api/entries/11?periodo=2026
[2026-03-06T23:04:01.636Z] OPTIONS /api/entries/13?periodo=2026
[2026-03-06T23:04:01.637Z] OPTIONS /api/entries/12?periodo=2026
[2026-03-06T23:04:01.637Z] OPTIONS /api/entries/16?periodo=2026
[2026-03-06T23:04:01.637Z] OPTIONS /api/entries/14?periodo=2026
[2026-03-06T23:04:01.637Z] OPTIONS /api/entries/15?periodo=2026
[2026-03-06T23:04:01.637Z] OPTIONS /api/entries/17?periodo=2026
[2026-03-06T23:04:01.638Z] OPTIONS /api/entries/18?periodo=2026
[2026-03-06T23:04:01.640Z] GET /api/entries/5?periodo=2026
[2026-03-06T23:04:01.640Z] GET /api/entries/6?periodo=2026
[2026-03-06T23:04:01.642Z] OPTIONS /api/entries/19?periodo=2026
[2026-03-06T23:04:01.642Z] GET /api/entries/7?periodo=2026
[2026-03-06T23:04:01.644Z] OPTIONS /api/entries/21?periodo=2026
[2026-03-06T23:04:01.645Z] OPTIONS /api/entries/22?periodo=2026
[2026-03-06T23:04:01.646Z] OPTIONS /api/entries/23?periodo=2026
[2026-03-06T23:04:01.646Z] OPTIONS /api/entries/24?periodo=2026
[2026-03-06T23:04:01.663Z] OPTIONS /api/entries/25?periodo=2026
[2026-03-06T23:04:01.664Z] GET /api/entries/8?periodo=2026
[2026-03-06T23:04:01.664Z] GET /api/entries/9?periodo=2026
[2026-03-06T23:04:01.665Z] OPTIONS /api/entries/26?periodo=2026
[2026-03-06T23:04:01.665Z] GET /api/entries/10?periodo=2026
[2026-03-06T23:04:01.665Z] GET /api/entries/13?periodo=2026
[2026-03-06T23:04:01.666Z] GET /api/entries/12?periodo=2026
[2026-03-06T23:04:01.666Z] GET /api/entries/11?periodo=2026
[2026-03-06T23:04:01.667Z] GET /api/entries/16?periodo=2026
[2026-03-06T23:04:01.668Z] OPTIONS /api/entries/28?periodo=2026
[2026-03-06T23:04:01.668Z] GET /api/entries/14?periodo=2026
[2026-03-06T23:04:01.668Z] GET /api/entries/15?periodo=2026
[2026-03-06T23:04:01.668Z] GET /api/entries/17?periodo=2026
[2026-03-06T23:04:01.669Z] GET /api/entries/18?periodo=2026
[2026-03-06T23:04:01.669Z] OPTIONS /api/entries/29?periodo=2026
[2026-03-06T23:04:01.669Z] GET /api/entries/19?periodo=2026
[2026-03-06T23:04:01.670Z] OPTIONS /api/entries/30?periodo=2026
[2026-03-06T23:04:01.670Z] OPTIONS /api/entries/31?periodo=2026
[2026-03-06T23:04:01.670Z] OPTIONS /api/entries/32?periodo=2026
[2026-03-06T23:04:01.670Z] OPTIONS /api/entries/35?periodo=2026
[2026-03-06T23:04:01.670Z] OPTIONS /api/entries/33?periodo=2026
[2026-03-06T23:04:01.670Z] OPTIONS /api/entries/34?periodo=2026
[2026-03-06T23:04:01.670Z] OPTIONS /api/entries/36?periodo=2026
[2026-03-06T23:04:01.670Z] GET /api/entries/21?periodo=2026
[2026-03-06T23:04:01.671Z] OPTIONS /api/entries/37?periodo=2026
[2026-03-06T23:04:01.671Z] OPTIONS /api/entries/41?periodo=2026
[2026-03-06T23:04:01.671Z] OPTIONS /api/entries/39?periodo=2026
[2026-03-06T23:04:01.671Z] GET /api/entries/22?periodo=2026
[2026-03-06T23:04:01.671Z] OPTIONS /api/entries/40?periodo=2026
[2026-03-06T23:04:01.671Z] GET /api/entries/24?periodo=2026
[2026-03-06T23:04:01.672Z] OPTIONS /api/entries/42?periodo=2026
[2026-03-06T23:04:01.672Z] GET /api/entries/23?periodo=2026
[2026-03-06T23:04:01.674Z] OPTIONS /api/entries/45?periodo=2026
[2026-03-06T23:04:01.675Z] OPTIONS /api/entries/43?periodo=2026
[2026-03-06T23:04:01.675Z] OPTIONS /api/entries/46?periodo=2026
[2026-03-06T23:04:01.675Z] OPTIONS /api/entries/47?periodo=2026
[2026-03-06T23:04:01.675Z] OPTIONS /api/entries/48?periodo=2026
[2026-03-06T23:04:01.676Z] OPTIONS /api/entries/49?periodo=2026
[2026-03-06T23:04:01.676Z] OPTIONS /api/entries/50?periodo=2026
[2026-03-06T23:04:01.676Z] OPTIONS /api/entries/51?periodo=2026
[2026-03-06T23:04:01.677Z] OPTIONS /api/entries/52?periodo=2026
[2026-03-06T23:04:01.677Z] OPTIONS /api/entries/53?periodo=2026
[2026-03-06T23:04:01.677Z] OPTIONS /api/entries/54?periodo=2026
[2026-03-06T23:04:01.679Z] OPTIONS /api/entries/56?periodo=2026
[2026-03-06T23:04:01.679Z] OPTIONS /api/entries/57?periodo=2026
[2026-03-06T23:04:01.680Z] OPTIONS /api/entries/58?periodo=2026
[2026-03-06T23:04:01.681Z] OPTIONS /api/entries/59?periodo=2026
[2026-03-06T23:04:01.681Z] OPTIONS /api/entries/60?periodo=2026
[2026-03-06T23:04:01.682Z] OPTIONS /api/entries/61?periodo=2026
[2026-03-06T23:04:01.683Z] OPTIONS /api/entries/62?periodo=2026
[2026-03-06T23:04:01.683Z] OPTIONS /api/entries/63?periodo=2026
[2026-03-06T23:04:01.687Z] OPTIONS /api/entries/65?periodo=2026
[2026-03-06T23:04:01.687Z] OPTIONS /api/entries/66?periodo=2026
[2026-03-06T23:04:01.687Z] OPTIONS /api/entries/67?periodo=2026
[2026-03-06T23:04:01.687Z] OPTIONS /api/entries/69?periodo=2026
[2026-03-06T23:04:01.687Z] OPTIONS /api/entries/70?periodo=2026
[2026-03-06T23:04:01.688Z] OPTIONS /api/entries/72?periodo=2026
[2026-03-06T23:04:01.688Z] OPTIONS /api/entries/71?periodo=2026
[2026-03-06T23:04:01.688Z] OPTIONS /api/entries/73?periodo=2026
[2026-03-06T23:04:01.689Z] OPTIONS /api/entries/74?periodo=2026
[2026-03-06T23:04:01.690Z] OPTIONS /api/entries/75?periodo=2026
[2026-03-06T23:04:01.691Z] OPTIONS /api/entries/76?periodo=2026
[2026-03-06T23:04:01.691Z] OPTIONS /api/entries/77?periodo=2026
[2026-03-06T23:04:01.692Z] OPTIONS /api/entries/78?periodo=2026
[2026-03-06T23:04:01.692Z] OPTIONS /api/entries/79?periodo=2026
[2026-03-06T23:04:01.693Z] OPTIONS /api/entries/81?periodo=2026
[2026-03-06T23:04:01.693Z] OPTIONS /api/entries/82?periodo=2026
[2026-03-06T23:04:01.693Z] OPTIONS /api/entries/83?periodo=2026
[2026-03-06T23:04:01.693Z] OPTIONS /api/entries/84?periodo=2026
[2026-03-06T23:04:01.693Z] GET /api/entries/25?periodo=2026
[2026-03-06T23:04:01.694Z] OPTIONS /api/entries/85?periodo=2026
[2026-03-06T23:04:01.694Z] OPTIONS /api/entries/86?periodo=2026
[2026-03-06T23:04:01.695Z] GET /api/entries/26?periodo=2026
[2026-03-06T23:04:01.695Z] OPTIONS /api/entries/87?periodo=2026
[2026-03-06T23:04:01.696Z] OPTIONS /api/entries/89?periodo=2026
[2026-03-06T23:04:01.696Z] OPTIONS /api/entries/91?periodo=2026
[2026-03-06T23:04:01.697Z] OPTIONS /api/entries/92?periodo=2026
[2026-03-06T23:04:01.697Z] OPTIONS /api/entries/93?periodo=2026
[2026-03-06T23:04:01.698Z] OPTIONS /api/entries/95?periodo=2026
[2026-03-06T23:04:01.698Z] OPTIONS /api/entries/96?periodo=2026
[2026-03-06T23:04:01.700Z] OPTIONS /api/entries/97?periodo=2026
[2026-03-06T23:04:01.700Z] OPTIONS /api/entries/98?periodo=2026
[2026-03-06T23:04:01.701Z] GET /api/entries/28?periodo=2026
[2026-03-06T23:04:01.702Z] OPTIONS /api/entries/99?periodo=2026
[2026-03-06T23:04:01.703Z] OPTIONS /api/entries/100?periodo=2026
[2026-03-06T23:04:01.703Z] GET /api/entries/29?periodo=2026
[2026-03-06T23:04:01.703Z] OPTIONS /api/entries/101?periodo=2026
[2026-03-06T23:04:01.704Z] OPTIONS /api/entries/102?periodo=2026
[2026-03-06T23:04:01.704Z] OPTIONS /api/entries/103?periodo=2026
[2026-03-06T23:04:01.704Z] OPTIONS /api/entries/104?periodo=2026
[2026-03-06T23:04:01.704Z] OPTIONS /api/entries/107?periodo=2026
[2026-03-06T23:04:01.704Z] OPTIONS /api/entries/108?periodo=2026
[2026-03-06T23:04:01.704Z] OPTIONS /api/entries/110?periodo=2026
[2026-03-06T23:04:01.704Z] GET /api/entries/30?periodo=2026
[2026-03-06T23:04:01.705Z] GET /api/entries/31?periodo=2026
[2026-03-06T23:04:01.705Z] GET /api/entries/35?periodo=2026
[2026-03-06T23:04:01.705Z] GET /api/entries/32?periodo=2026
[2026-03-06T23:04:01.706Z] GET /api/entries/33?periodo=2026
[2026-03-06T23:04:01.706Z] OPTIONS /api/entries/111?periodo=2026
[2026-03-06T23:04:01.707Z] GET /api/entries/34?periodo=2026
[2026-03-06T23:04:01.707Z] GET /api/entries/36?periodo=2026
[2026-03-06T23:04:01.708Z] OPTIONS /api/entries/112?periodo=2026
[2026-03-06T23:04:01.708Z] OPTIONS /api/entries/113?periodo=2026
[2026-03-06T23:04:01.708Z] OPTIONS /api/entries/114?periodo=2026
[2026-03-06T23:04:01.708Z] GET /api/entries/41?periodo=2026
[2026-03-06T23:04:01.708Z] GET /api/entries/37?periodo=2026
[2026-03-06T23:04:01.709Z] OPTIONS /api/entries/115?periodo=2026
[2026-03-06T23:04:01.709Z] GET /api/entries/39?periodo=2026
[2026-03-06T23:04:01.709Z] OPTIONS /api/entries/116?periodo=2026
[2026-03-06T23:04:01.709Z] OPTIONS /api/entries/118?periodo=2026
[2026-03-06T23:04:01.709Z] OPTIONS /api/entries/117?periodo=2026
[2026-03-06T23:04:01.709Z] GET /api/entries/40?periodo=2026
[2026-03-06T23:04:01.710Z] OPTIONS /api/entries/119?periodo=2026
[2026-03-06T23:04:01.710Z] GET /api/entries/42?periodo=2026
[2026-03-06T23:04:01.710Z] OPTIONS /api/entries/120?periodo=2026
[2026-03-06T23:04:01.710Z] OPTIONS /api/entries/121?periodo=2026
[2026-03-06T23:04:01.710Z] OPTIONS /api/entries/124?periodo=2026
[2026-03-06T23:04:01.710Z] OPTIONS /api/entries/122?periodo=2026
[2026-03-06T23:04:01.710Z] OPTIONS /api/entries/123?periodo=2026
[2026-03-06T23:04:01.710Z] OPTIONS /api/entries/125?periodo=2026
[2026-03-06T23:04:01.711Z] GET /api/entries/45?periodo=2026
[2026-03-06T23:04:01.711Z] OPTIONS /api/entries/126?periodo=2026
[2026-03-06T23:04:01.711Z] OPTIONS /api/entries/128?periodo=2026
[2026-03-06T23:04:01.711Z] GET /api/entries/43?periodo=2026
[2026-03-06T23:04:01.711Z] OPTIONS /api/entries/127?periodo=2026
[2026-03-06T23:04:01.711Z] GET /api/entries/46?periodo=2026
[2026-03-06T23:04:01.712Z] GET /api/entries/47?periodo=2026
[2026-03-06T23:04:01.712Z] OPTIONS /api/entries/130?periodo=2026
[2026-03-06T23:04:01.712Z] OPTIONS /api/entries/129?periodo=2026
[2026-03-06T23:04:01.712Z] GET /api/entries/48?periodo=2026
[2026-03-06T23:04:01.713Z] GET /api/entries/49?periodo=2026
[2026-03-06T23:04:01.713Z] GET /api/entries/50?periodo=2026
[2026-03-06T23:04:01.714Z] GET /api/entries/51?periodo=2026
[2026-03-06T23:04:01.714Z] OPTIONS /api/entries/131?periodo=2026
[2026-03-06T23:04:01.714Z] OPTIONS /api/entries/132?periodo=2026
[2026-03-06T23:04:01.714Z] GET /api/entries/52?periodo=2026
[2026-03-06T23:04:01.714Z] GET /api/entries/53?periodo=2026
[2026-03-06T23:04:01.715Z] OPTIONS /api/entries/133?periodo=2026
[2026-03-06T23:04:01.715Z] GET /api/entries/54?periodo=2026
[2026-03-06T23:04:01.715Z] OPTIONS /api/entries/134?periodo=2026
[2026-03-06T23:04:01.715Z] OPTIONS /api/entries/135?periodo=2026
[2026-03-06T23:04:01.715Z] OPTIONS /api/entries/136?periodo=2026
[2026-03-06T23:04:01.716Z] OPTIONS /api/entries/137?periodo=2026
[2026-03-06T23:04:01.716Z] OPTIONS /api/entries/138?periodo=2026
[2026-03-06T23:04:01.717Z] OPTIONS /api/entries/139?periodo=2026
[2026-03-06T23:04:01.717Z] OPTIONS /api/entries/140?periodo=2026
[2026-03-06T23:04:01.717Z] OPTIONS /api/entries/141?periodo=2026
[2026-03-06T23:04:01.718Z] OPTIONS /api/entries/142?periodo=2026
[2026-03-06T23:04:01.718Z] OPTIONS /api/entries/143?periodo=2026
[2026-03-06T23:04:01.718Z] OPTIONS /api/entries/144?periodo=2026
[2026-03-06T23:04:01.719Z] OPTIONS /api/entries/145?periodo=2026
[2026-03-06T23:04:01.719Z] GET /api/entries/56?periodo=2026
[2026-03-06T23:04:01.720Z] OPTIONS /api/entries/146?periodo=2026
[2026-03-06T23:04:01.720Z] GET /api/entries/57?periodo=2026
[2026-03-06T23:04:01.720Z] GET /api/entries/58?periodo=2026
[2026-03-06T23:04:01.721Z] OPTIONS /api/entries/147?periodo=2026
[2026-03-06T23:04:01.721Z] GET /api/entries/59?periodo=2026
[2026-03-06T23:04:01.723Z] GET /api/entries/60?periodo=2026
[2026-03-06T23:04:01.724Z] GET /api/entries/61?periodo=2026
[2026-03-06T23:04:01.724Z] OPTIONS /api/entries/148?periodo=2026
[2026-03-06T23:04:01.725Z] OPTIONS /api/entries/149?periodo=2026
[2026-03-06T23:04:01.725Z] GET /api/entries/62?periodo=2026
[2026-03-06T23:04:01.725Z] OPTIONS /api/entries/150?periodo=2026
[2026-03-06T23:04:01.725Z] GET /api/entries/63?periodo=2026
[2026-03-06T23:04:01.726Z] OPTIONS /api/entries/151?periodo=2026
[2026-03-06T23:04:01.726Z] OPTIONS /api/entries/152?periodo=2026
[2026-03-06T23:04:01.726Z] OPTIONS /api/entries/154?periodo=2026
[2026-03-06T23:04:01.726Z] OPTIONS /api/entries/153?periodo=2026
[2026-03-06T23:04:01.726Z] OPTIONS /api/entries/155?periodo=2026
[2026-03-06T23:04:01.726Z] OPTIONS /api/entries/158?periodo=2026
[2026-03-06T23:04:01.726Z] OPTIONS /api/entries/156?periodo=2026
[2026-03-06T23:04:01.726Z] OPTIONS /api/entries/159?periodo=2026
[2026-03-06T23:04:01.727Z] OPTIONS /api/entries/160?periodo=2026
[2026-03-06T23:04:01.727Z] OPTIONS /api/entries/161?periodo=2026
[2026-03-06T23:04:01.727Z] OPTIONS /api/entries/162?periodo=2026
[2026-03-06T23:04:01.728Z] OPTIONS /api/entries/163?periodo=2026
[2026-03-06T23:04:01.728Z] OPTIONS /api/entries/164?periodo=2026
[2026-03-06T23:04:01.728Z] OPTIONS /api/entries/166?periodo=2026
[2026-03-06T23:04:01.728Z] OPTIONS /api/entries/167?periodo=2026
[2026-03-06T23:04:01.729Z] OPTIONS /api/entries/168?periodo=2026
[2026-03-06T23:04:01.730Z] OPTIONS /api/entries/169?periodo=2026
[2026-03-06T23:04:01.730Z] OPTIONS /api/entries/170?periodo=2026
[2026-03-06T23:04:01.730Z] OPTIONS /api/entries/171?periodo=2026
[2026-03-06T23:04:01.730Z] GET /api/entries/65?periodo=2026
[2026-03-06T23:04:01.731Z] OPTIONS /api/entries/172?periodo=2026
[2026-03-06T23:04:01.731Z] GET /api/entries/66?periodo=2026
[2026-03-06T23:04:01.732Z] OPTIONS /api/entries/173?periodo=2026
[2026-03-06T23:04:01.732Z] GET /api/entries/67?periodo=2026
[2026-03-06T23:04:01.732Z] GET /api/entries/70?periodo=2026
[2026-03-06T23:04:01.733Z] OPTIONS /api/entries/174?periodo=2026
[2026-03-06T23:04:01.733Z] GET /api/entries/69?periodo=2026
[2026-03-06T23:04:01.734Z] OPTIONS /api/entries/175?periodo=2026
[2026-03-06T23:04:01.734Z] GET /api/entries/72?periodo=2026
[2026-03-06T23:04:01.735Z] GET /api/entries/71?periodo=2026
[2026-03-06T23:04:01.735Z] GET /api/entries/73?periodo=2026
[2026-03-06T23:04:01.735Z] OPTIONS /api/entries/176?periodo=2026
[2026-03-06T23:04:01.735Z] OPTIONS /api/entries/177?periodo=2026
[2026-03-06T23:04:01.735Z] OPTIONS /api/entries/179?periodo=2026
[2026-03-06T23:04:01.735Z] OPTIONS /api/entries/178?periodo=2026
[2026-03-06T23:04:01.736Z] OPTIONS /api/entries/181?periodo=2026
[2026-03-06T23:04:01.736Z] OPTIONS /api/entries/180?periodo=2026
[2026-03-06T23:04:01.736Z] OPTIONS /api/entries/182?periodo=2026
[2026-03-06T23:04:01.736Z] OPTIONS /api/entries/183?periodo=2026
[2026-03-06T23:04:01.736Z] GET /api/entries/74?periodo=2026
[2026-03-06T23:04:01.736Z] OPTIONS /api/entries/185?periodo=2026
[2026-03-06T23:04:01.736Z] OPTIONS /api/entries/184?periodo=2026
[2026-03-06T23:04:01.737Z] OPTIONS /api/entries/186?periodo=2026
[2026-03-06T23:04:01.737Z] OPTIONS /api/entries/187?periodo=2026
[2026-03-06T23:04:01.737Z] OPTIONS /api/entries/188?periodo=2026
[2026-03-06T23:04:01.737Z] OPTIONS /api/entries/189?periodo=2026
[2026-03-06T23:04:01.737Z] GET /api/entries/75?periodo=2026
[2026-03-06T23:04:01.737Z] OPTIONS /api/entries/191?periodo=2026
[2026-03-06T23:04:01.737Z] OPTIONS /api/entries/190?periodo=2026
[2026-03-06T23:04:01.738Z] OPTIONS /api/entries/194?periodo=2026
[2026-03-06T23:04:01.738Z] OPTIONS /api/entries/192?periodo=2026
[2026-03-06T23:04:01.738Z] OPTIONS /api/entries/193?periodo=2026
[2026-03-06T23:04:01.738Z] GET /api/entries/76?periodo=2026
[2026-03-06T23:04:01.738Z] OPTIONS /api/entries/195?periodo=2026
[2026-03-06T23:04:01.738Z] OPTIONS /api/entries/196?periodo=2026
[2026-03-06T23:04:01.738Z] OPTIONS /api/entries/197?periodo=2026
[2026-03-06T23:04:01.738Z] OPTIONS /api/entries/198?periodo=2026
[2026-03-06T23:04:01.738Z] GET /api/entries/77?periodo=2026
[2026-03-06T23:04:01.739Z] OPTIONS /api/entries/199?periodo=2026
[2026-03-06T23:04:01.739Z] GET /api/entries/78?periodo=2026
[2026-03-06T23:04:01.740Z] OPTIONS /api/entries/200?periodo=2026
[2026-03-06T23:04:01.740Z] OPTIONS /api/entries/201?periodo=2026
[2026-03-06T23:04:01.740Z] OPTIONS /api/entries/202?periodo=2026
[2026-03-06T23:04:01.740Z] OPTIONS /api/entries/203?periodo=2026
[2026-03-06T23:04:01.740Z] GET /api/entries/79?periodo=2026
[2026-03-06T23:04:01.741Z] OPTIONS /api/entries/205?periodo=2026
[2026-03-06T23:04:01.741Z] OPTIONS /api/entries/204?periodo=2026
[2026-03-06T23:04:01.741Z] OPTIONS /api/entries/206?periodo=2026
[2026-03-06T23:04:01.741Z] OPTIONS /api/entries/207?periodo=2026
[2026-03-06T23:04:01.741Z] GET /api/entries/81?periodo=2026
[2026-03-06T23:04:01.742Z] OPTIONS /api/entries/208?periodo=2026
[2026-03-06T23:04:01.742Z] GET /api/entries/84?periodo=2026
[2026-03-06T23:04:01.742Z] GET /api/entries/82?periodo=2026
[2026-03-06T23:04:01.742Z] GET /api/entries/83?periodo=2026
[2026-03-06T23:04:01.743Z] OPTIONS /api/entries/209?periodo=2026
[2026-03-06T23:04:01.743Z] OPTIONS /api/entries/210?periodo=2026
[2026-03-06T23:04:01.743Z] OPTIONS /api/entries/211?periodo=2026
[2026-03-06T23:04:01.743Z] OPTIONS /api/entries/213?periodo=2026
[2026-03-06T23:04:01.744Z] OPTIONS /api/entries/212?periodo=2026
[2026-03-06T23:04:01.744Z] GET /api/entries/85?periodo=2026
[2026-03-06T23:04:01.744Z] OPTIONS /api/entries/216?periodo=2026
[2026-03-06T23:04:01.744Z] OPTIONS /api/entries/214?periodo=2026
[2026-03-06T23:04:01.744Z] OPTIONS /api/entries/215?periodo=2026
[2026-03-06T23:04:01.744Z] OPTIONS /api/entries/217?periodo=2026
[2026-03-06T23:04:01.744Z] OPTIONS /api/entries/219?periodo=2026
[2026-03-06T23:04:01.744Z] OPTIONS /api/entries/220?periodo=2026
[2026-03-06T23:04:01.745Z] GET /api/entries/86?periodo=2026
[2026-03-06T23:04:01.745Z] OPTIONS /api/entries/218?periodo=2026
[2026-03-06T23:04:01.745Z] OPTIONS /api/entries/222?periodo=2026
[2026-03-06T23:04:01.745Z] OPTIONS /api/entries/223?periodo=2026
[2026-03-06T23:04:01.745Z] OPTIONS /api/entries/221?periodo=2026
[2026-03-06T23:04:01.745Z] OPTIONS /api/entries/225?periodo=2026
[2026-03-06T23:04:01.745Z] OPTIONS /api/entries/224?periodo=2026
[2026-03-06T23:04:01.746Z] OPTIONS /api/entries/226?periodo=2026
[2026-03-06T23:04:01.746Z] GET /api/entries/87?periodo=2026
[2026-03-06T23:04:01.746Z] OPTIONS /api/entries/228?periodo=2026
[2026-03-06T23:04:01.746Z] GET /api/entries/89?periodo=2026
[2026-03-06T23:04:01.747Z] OPTIONS /api/entries/229?periodo=2026
[2026-03-06T23:04:01.747Z] GET /api/entries/91?periodo=2026
[2026-03-06T23:04:01.748Z] OPTIONS /api/entries/230?periodo=2026
[2026-03-06T23:04:01.748Z] OPTIONS /api/entries/233?periodo=2026
[2026-03-06T23:04:01.748Z] OPTIONS /api/entries/234?periodo=2026
[2026-03-06T23:04:01.748Z] OPTIONS /api/entries/235?periodo=2026
[2026-03-06T23:04:01.748Z] OPTIONS /api/entries/236?periodo=2026
[2026-03-06T23:04:01.749Z] OPTIONS /api/entries/237?periodo=2026
[2026-03-06T23:04:01.749Z] OPTIONS /api/entries/238?periodo=2026
[2026-03-06T23:04:01.749Z] GET /api/entries/93?periodo=2026
[2026-03-06T23:04:01.750Z] GET /api/entries/92?periodo=2026
[2026-03-06T23:04:01.750Z] OPTIONS /api/entries/239?periodo=2026
[2026-03-06T23:04:01.750Z] OPTIONS /api/entries/240?periodo=2026
[2026-03-06T23:04:01.750Z] OPTIONS /api/entries/242?periodo=2026
[2026-03-06T23:04:01.750Z] OPTIONS /api/entries/243?periodo=2026
[2026-03-06T23:04:01.750Z] OPTIONS /api/entries/244?periodo=2026
[2026-03-06T23:04:01.750Z] GET /api/entries/95?periodo=2026
[2026-03-06T23:04:01.751Z] OPTIONS /api/entries/246?periodo=2026
[2026-03-06T23:04:01.751Z] GET /api/entries/96?periodo=2026
[2026-03-06T23:04:01.751Z] OPTIONS /api/entries/245?periodo=2026
[2026-03-06T23:04:01.751Z] OPTIONS /api/entries/249?periodo=2026
[2026-03-06T23:04:01.751Z] OPTIONS /api/entries/247?periodo=2026
[2026-03-06T23:04:01.751Z] OPTIONS /api/entries/248?periodo=2026
[2026-03-06T23:04:01.751Z] OPTIONS /api/entries/250?periodo=2026
[2026-03-06T23:04:01.752Z] OPTIONS /api/entries/251?periodo=2026
[2026-03-06T23:04:01.752Z] OPTIONS /api/entries/252?periodo=2026
[2026-03-06T23:04:01.752Z] GET /api/entries/97?periodo=2026
[2026-03-06T23:04:01.753Z] OPTIONS /api/entries/255?periodo=2026
[2026-03-06T23:04:01.753Z] OPTIONS /api/entries/253?periodo=2026
[2026-03-06T23:04:01.753Z] GET /api/entries/98?periodo=2026
[2026-03-06T23:04:01.753Z] OPTIONS /api/entries/254?periodo=2026
[2026-03-06T23:04:01.753Z] OPTIONS /api/entries/257?periodo=2026
[2026-03-06T23:04:01.753Z] OPTIONS /api/entries/258?periodo=2026
[2026-03-06T23:04:01.754Z] OPTIONS /api/entries/259?periodo=2026
[2026-03-06T23:04:01.754Z] OPTIONS /api/entries/261?periodo=2026
[2026-03-06T23:04:01.754Z] OPTIONS /api/entries/262?periodo=2026
[2026-03-06T23:04:01.754Z] OPTIONS /api/entries/260?periodo=2026
[2026-03-06T23:04:01.754Z] OPTIONS /api/entries/263?periodo=2026
[2026-03-06T23:04:01.754Z] OPTIONS /api/entries/264?periodo=2026
[2026-03-06T23:04:01.754Z] OPTIONS /api/entries/265?periodo=2026
[2026-03-06T23:04:01.755Z] OPTIONS /api/entries/266?periodo=2026
[2026-03-06T23:04:01.755Z] OPTIONS /api/entries/267?periodo=2026
[2026-03-06T23:04:01.755Z] OPTIONS /api/entries/268?periodo=2026
[2026-03-06T23:04:01.755Z] OPTIONS /api/entries/269?periodo=2026
[2026-03-06T23:04:01.755Z] GET /api/entries/99?periodo=2026
[2026-03-06T23:04:01.755Z] OPTIONS /api/entries/270?periodo=2026
[2026-03-06T23:04:01.755Z] GET /api/entries/100?periodo=2026
[2026-03-06T23:04:01.756Z] OPTIONS /api/entries/271?periodo=2026
[2026-03-06T23:04:01.756Z] OPTIONS /api/entries/272?periodo=2026
[2026-03-06T23:04:01.756Z] OPTIONS /api/entries/273?periodo=2026
[2026-03-06T23:04:01.756Z] GET /api/entries/102?periodo=2026
[2026-03-06T23:04:01.756Z] GET /api/entries/103?periodo=2026
[2026-03-06T23:04:01.757Z] GET /api/entries/101?periodo=2026
[2026-03-06T23:04:01.758Z] GET /api/entries/104?periodo=2026
[2026-03-06T23:04:01.758Z] GET /api/entries/107?periodo=2026
[2026-03-06T23:04:01.759Z] GET /api/entries/108?periodo=2026
[2026-03-06T23:04:01.759Z] GET /api/entries/110?periodo=2026
[2026-03-06T23:04:01.760Z] OPTIONS /api/entries/274?periodo=2026
[2026-03-06T23:04:01.760Z] GET /api/entries/111?periodo=2026
[2026-03-06T23:04:01.760Z] OPTIONS /api/entries/275?periodo=2026
[2026-03-06T23:04:01.760Z] OPTIONS /api/entries/276?periodo=2026
[2026-03-06T23:04:01.760Z] GET /api/entries/112?periodo=2026
[2026-03-06T23:04:01.761Z] OPTIONS /api/entries/277?periodo=2026
[2026-03-06T23:04:01.761Z] GET /api/entries/113?periodo=2026
[2026-03-06T23:04:01.761Z] GET /api/entries/114?periodo=2026
[2026-03-06T23:04:01.761Z] OPTIONS /api/entries/279?periodo=2026
[2026-03-06T23:04:01.761Z] OPTIONS /api/entries/278?periodo=2026
[2026-03-06T23:04:01.762Z] OPTIONS /api/entries/280?periodo=2026
[2026-03-06T23:04:01.762Z] OPTIONS /api/entries/281?periodo=2026
[2026-03-06T23:04:01.762Z] OPTIONS /api/entries/282?periodo=2026
[2026-03-06T23:04:01.762Z] GET /api/entries/115?periodo=2026
[2026-03-06T23:04:01.762Z] GET /api/entries/116?periodo=2026
[2026-03-06T23:04:01.762Z] OPTIONS /api/entries/283?periodo=2026
[2026-03-06T23:04:01.762Z] OPTIONS /api/entries/284?periodo=2026
[2026-03-06T23:04:01.763Z] GET /api/entries/118?periodo=2026
[2026-03-06T23:04:01.763Z] GET /api/entries/117?periodo=2026
[2026-03-06T23:04:01.764Z] OPTIONS /api/entries/285?periodo=2026
[2026-03-06T23:04:01.764Z] GET /api/entries/119?periodo=2026
[2026-03-06T23:04:01.764Z] GET /api/entries/120?periodo=2026
[2026-03-06T23:04:01.765Z] GET /api/entries/121?periodo=2026
[2026-03-06T23:04:01.765Z] OPTIONS /api/entries/286?periodo=2026
[2026-03-06T23:04:01.765Z] GET /api/entries/124?periodo=2026
[2026-03-06T23:04:01.766Z] OPTIONS /api/entries/288?periodo=2026
[2026-03-06T23:04:01.766Z] GET /api/entries/122?periodo=2026
[2026-03-06T23:04:01.767Z] GET /api/entries/123?periodo=2026
[2026-03-06T23:04:01.767Z] GET /api/entries/125?periodo=2026
[2026-03-06T23:04:01.767Z] OPTIONS /api/entries/289?periodo=2026
[2026-03-06T23:04:01.767Z] OPTIONS /api/entries/290?periodo=2026
[2026-03-06T23:04:01.767Z] OPTIONS /api/entries/291?periodo=2026
[2026-03-06T23:04:01.768Z] OPTIONS /api/entries/292?periodo=2026
[2026-03-06T23:04:01.768Z] GET /api/entries/126?periodo=2026
[2026-03-06T23:04:01.768Z] GET /api/entries/128?periodo=2026
[2026-03-06T23:04:01.768Z] OPTIONS /api/entries/294?periodo=2026
[2026-03-06T23:04:01.768Z] OPTIONS /api/entries/293?periodo=2026
[2026-03-06T23:04:01.769Z] OPTIONS /api/entries/295?periodo=2026
[2026-03-06T23:04:01.769Z] GET /api/entries/127?periodo=2026
[2026-03-06T23:04:01.769Z] OPTIONS /api/entries/296?periodo=2026
[2026-03-06T23:04:01.769Z] OPTIONS /api/entries/298?periodo=2026
[2026-03-06T23:04:01.769Z] OPTIONS /api/entries/297?periodo=2026
[2026-03-06T23:04:01.769Z] OPTIONS /api/entries/299?periodo=2026
[2026-03-06T23:04:01.770Z] GET /api/entries/129?periodo=2026
[2026-03-06T23:04:01.770Z] GET /api/entries/130?periodo=2026
[2026-03-06T23:04:01.770Z] OPTIONS /api/entries/300?periodo=2026
[2026-03-06T23:04:01.770Z] OPTIONS /api/entries/301?periodo=2026
[2026-03-06T23:04:01.770Z] OPTIONS /api/entries/302?periodo=2026
[2026-03-06T23:04:01.770Z] OPTIONS /api/entries/303?periodo=2026
[2026-03-06T23:04:01.771Z] OPTIONS /api/entries/304?periodo=2026
[2026-03-06T23:04:01.771Z] OPTIONS /api/entries/305?periodo=2026
[2026-03-06T23:04:01.771Z] OPTIONS /api/entries/306?periodo=2026
[2026-03-06T23:04:01.771Z] OPTIONS /api/entries/307?periodo=2026
[2026-03-06T23:04:01.771Z] OPTIONS /api/entries/308?periodo=2026
[2026-03-06T23:04:01.771Z] OPTIONS /api/entries/309?periodo=2026
[2026-03-06T23:04:01.771Z] OPTIONS /api/entries/311?periodo=2026
[2026-03-06T23:04:01.771Z] GET /api/entries/131?periodo=2026
[2026-03-06T23:04:01.772Z] OPTIONS /api/entries/314?periodo=2026
[2026-03-06T23:04:01.772Z] GET /api/entries/132?periodo=2026
[2026-03-06T23:04:01.773Z] OPTIONS /api/entries/312?periodo=2026
[2026-03-06T23:04:01.773Z] OPTIONS /api/entries/313?periodo=2026
[2026-03-06T23:04:01.773Z] GET /api/entries/133?periodo=2026
[2026-03-06T23:04:01.773Z] OPTIONS /api/entries/316?periodo=2026
[2026-03-06T23:04:01.774Z] OPTIONS /api/entries/315?periodo=2026
[2026-03-06T23:04:01.774Z] GET /api/entries/134?periodo=2026
[2026-03-06T23:04:01.774Z] OPTIONS /api/entries/317?periodo=2026
[2026-03-06T23:04:01.774Z] GET /api/entries/135?periodo=2026
[2026-03-06T23:04:01.774Z] GET /api/entries/136?periodo=2026
[2026-03-06T23:04:01.775Z] OPTIONS /api/entries/318?periodo=2026
[2026-03-06T23:04:01.775Z] GET /api/entries/137?periodo=2026
[2026-03-06T23:04:01.775Z] OPTIONS /api/entries/322?periodo=2026
[2026-03-06T23:04:01.775Z] GET /api/entries/138?periodo=2026
[2026-03-06T23:04:01.776Z] OPTIONS /api/entries/324?periodo=2026
[2026-03-06T23:04:01.776Z] OPTIONS /api/entries/325?periodo=2026
[2026-03-06T23:04:01.776Z] OPTIONS /api/entries/326?periodo=2026
[2026-03-06T23:04:01.776Z] OPTIONS /api/entries/327?periodo=2026
[2026-03-06T23:04:01.776Z] OPTIONS /api/entries/329?periodo=2026
[2026-03-06T23:04:01.776Z] OPTIONS /api/entries/328?periodo=2026
[2026-03-06T23:04:01.776Z] OPTIONS /api/entries/330?periodo=2026
[2026-03-06T23:04:01.776Z] OPTIONS /api/entries/331?periodo=2026
[2026-03-06T23:04:01.776Z] OPTIONS /api/entries/332?periodo=2026
[2026-03-06T23:04:01.776Z] OPTIONS /api/entries/333?periodo=2026
[2026-03-06T23:04:01.776Z] OPTIONS /api/entries/334?periodo=2026
[2026-03-06T23:04:01.777Z] OPTIONS /api/entries/335?periodo=2026
[2026-03-06T23:04:01.777Z] OPTIONS /api/entries/336?periodo=2026
[2026-03-06T23:04:01.777Z] OPTIONS /api/entries/337?periodo=2026
[2026-03-06T23:04:01.777Z] GET /api/entries/140?periodo=2026
[2026-03-06T23:04:01.778Z] GET /api/entries/139?periodo=2026
[2026-03-06T23:04:01.779Z] OPTIONS /api/entries/341?periodo=2026
[2026-03-06T23:04:01.779Z] GET /api/entries/141?periodo=2026
[2026-03-06T23:04:01.779Z] GET /api/entries/142?periodo=2026
[2026-03-06T23:04:01.780Z] OPTIONS /api/entries/343?periodo=2026
[2026-03-06T23:04:01.780Z] OPTIONS /api/entries/342?periodo=2026
[2026-03-06T23:04:01.780Z] OPTIONS /api/entries/344?periodo=2026
[2026-03-06T23:04:01.781Z] OPTIONS /api/entries/347?periodo=2026
[2026-03-06T23:04:01.781Z] OPTIONS /api/entries/348?periodo=2026
[2026-03-06T23:04:01.781Z] OPTIONS /api/entries/349?periodo=2026
[2026-03-06T23:04:01.781Z] GET /api/entries/143?periodo=2026
[2026-03-06T23:04:01.781Z] OPTIONS /api/entries/350?periodo=2026
[2026-03-06T23:04:01.781Z] OPTIONS /api/entries/351?periodo=2026
[2026-03-06T23:04:01.781Z] OPTIONS /api/entries/352?periodo=2026
[2026-03-06T23:04:01.781Z] GET /api/entries/144?periodo=2026
[2026-03-06T23:04:01.782Z] GET /api/entries/145?periodo=2026
[2026-03-06T23:04:01.782Z] OPTIONS /api/entries/353?periodo=2026
[2026-03-06T23:04:01.782Z] OPTIONS /api/entries/354?periodo=2026
[2026-03-06T23:04:01.782Z] OPTIONS /api/entries/356?periodo=2026
[2026-03-06T23:04:01.782Z] OPTIONS /api/entries/355?periodo=2026
[2026-03-06T23:04:01.783Z] OPTIONS /api/entries/358?periodo=2026
[2026-03-06T23:04:01.783Z] GET /api/entries/146?periodo=2026
[2026-03-06T23:04:01.783Z] OPTIONS /api/entries/357?periodo=2026
[2026-03-06T23:04:01.783Z] OPTIONS /api/entries/360?periodo=2026
[2026-03-06T23:04:01.783Z] OPTIONS /api/entries/361?periodo=2026
[2026-03-06T23:04:01.783Z] OPTIONS /api/entries/359?periodo=2026
[2026-03-06T23:04:01.783Z] OPTIONS /api/entries/362?periodo=2026
[2026-03-06T23:04:01.783Z] OPTIONS /api/entries/364?periodo=2026
[2026-03-06T23:04:01.784Z] OPTIONS /api/entries/365?periodo=2026
[2026-03-06T23:04:01.784Z] GET /api/entries/147?periodo=2026
[2026-03-06T23:04:01.784Z] OPTIONS /api/entries/363?periodo=2026
[2026-03-06T23:04:01.784Z] OPTIONS /api/entries/366?periodo=2026
[2026-03-06T23:04:01.784Z] OPTIONS /api/entries/368?periodo=2026
[2026-03-06T23:04:01.784Z] OPTIONS /api/entries/369?periodo=2026
[2026-03-06T23:04:01.784Z] OPTIONS /api/entries/370?periodo=2026
[2026-03-06T23:04:01.784Z] OPTIONS /api/entries/367?periodo=2026
[2026-03-06T23:04:01.784Z] OPTIONS /api/entries/372?periodo=2026
[2026-03-06T23:04:01.784Z] OPTIONS /api/entries/371?periodo=2026
[2026-03-06T23:04:01.784Z] OPTIONS /api/entries/373?periodo=2026
[2026-03-06T23:04:01.784Z] OPTIONS /api/entries/374?periodo=2026
[2026-03-06T23:04:01.785Z] OPTIONS /api/entries/375?periodo=2026
[2026-03-06T23:04:01.785Z] OPTIONS /api/entries/376?periodo=2026
[2026-03-06T23:04:01.785Z] OPTIONS /api/entries/377?periodo=2026
[2026-03-06T23:04:01.785Z] OPTIONS /api/entries/378?periodo=2026
[2026-03-06T23:04:01.785Z] OPTIONS /api/entries/379?periodo=2026
[2026-03-06T23:04:01.785Z] OPTIONS /api/entries/380?periodo=2026
[2026-03-06T23:04:01.785Z] OPTIONS /api/entries/381?periodo=2026
[2026-03-06T23:04:01.785Z] OPTIONS /api/entries/382?periodo=2026
[2026-03-06T23:04:01.785Z] OPTIONS /api/entries/383?periodo=2026
[2026-03-06T23:04:01.785Z] OPTIONS /api/entries/384?periodo=2026
[2026-03-06T23:04:01.785Z] OPTIONS /api/entries/385?periodo=2026
[2026-03-06T23:04:01.785Z] GET /api/entries/148?periodo=2026
[2026-03-06T23:04:01.786Z] OPTIONS /api/entries/388?periodo=2026
[2026-03-06T23:04:01.786Z] OPTIONS /api/entries/389?periodo=2026
[2026-03-06T23:04:01.786Z] OPTIONS /api/entries/386?periodo=2026
[2026-03-06T23:04:01.786Z] GET /api/entries/149?periodo=2026
[2026-03-06T23:04:01.786Z] OPTIONS /api/entries/387?periodo=2026
[2026-03-06T23:04:01.786Z] OPTIONS /api/entries/390?periodo=2026
[2026-03-06T23:04:01.786Z] GET /api/entries/150?periodo=2026
[2026-03-06T23:04:01.787Z] OPTIONS /api/entries/391?periodo=2026
[2026-03-06T23:04:01.787Z] GET /api/entries/151?periodo=2026
[2026-03-06T23:04:01.787Z] OPTIONS /api/entries/392?periodo=2026
[2026-03-06T23:04:01.787Z] OPTIONS /api/entries/393?periodo=2026
[2026-03-06T23:04:01.787Z] GET /api/entries/152?periodo=2026
[2026-03-06T23:04:01.788Z] OPTIONS /api/entries/394?periodo=2026
[2026-03-06T23:04:01.788Z] GET /api/entries/154?periodo=2026
[2026-03-06T23:04:01.788Z] GET /api/entries/153?periodo=2026
[2026-03-06T23:04:01.789Z] GET /api/entries/155?periodo=2026
[2026-03-06T23:04:01.789Z] OPTIONS /api/entries/395?periodo=2026
[2026-03-06T23:04:01.789Z] GET /api/entries/158?periodo=2026
[2026-03-06T23:04:01.790Z] GET /api/entries/156?periodo=2026
[2026-03-06T23:04:01.791Z] GET /api/entries/159?periodo=2026
[2026-03-06T23:04:01.791Z] OPTIONS /api/entries/396?periodo=2026
[2026-03-06T23:04:01.791Z] OPTIONS /api/entries/397?periodo=2026
[2026-03-06T23:04:01.791Z] GET /api/entries/160?periodo=2026
[2026-03-06T23:04:01.791Z] OPTIONS /api/entries/398?periodo=2026
[2026-03-06T23:04:01.791Z] GET /api/entries/161?periodo=2026
[2026-03-06T23:04:01.792Z] OPTIONS /api/entries/400?periodo=2026
[2026-03-06T23:04:01.792Z] OPTIONS /api/entries/401?periodo=2026
[2026-03-06T23:04:01.792Z] OPTIONS /api/entries/399?periodo=2026
[2026-03-06T23:04:01.792Z] GET /api/entries/162?periodo=2026
[2026-03-06T23:04:01.792Z] GET /api/entries/163?periodo=2026
[2026-03-06T23:04:01.793Z] OPTIONS /api/entries/402?periodo=2026
[2026-03-06T23:04:01.793Z] GET /api/entries/164?periodo=2026
[2026-03-06T23:04:01.793Z] GET /api/entries/167?periodo=2026
[2026-03-06T23:04:01.793Z] GET /api/entries/166?periodo=2026
[2026-03-06T23:04:01.794Z] OPTIONS /api/entries/403?periodo=2026
[2026-03-06T23:04:01.794Z] OPTIONS /api/entries/404?periodo=2026
[2026-03-06T23:04:01.794Z] OPTIONS /api/entries/405?periodo=2026
[2026-03-06T23:04:01.794Z] OPTIONS /api/entries/406?periodo=2026
[2026-03-06T23:04:01.794Z] OPTIONS /api/entries/407?periodo=2026
[2026-03-06T23:04:01.794Z] OPTIONS /api/entries/408?periodo=2026
[2026-03-06T23:04:01.795Z] OPTIONS /api/entries/409?periodo=2026
[2026-03-06T23:04:01.795Z] OPTIONS /api/entries/410?periodo=2026
[2026-03-06T23:04:01.795Z] OPTIONS /api/entries/411?periodo=2026
[2026-03-06T23:04:01.795Z] OPTIONS /api/entries/412?periodo=2026
[2026-03-06T23:04:01.795Z] GET /api/entries/168?periodo=2026
[2026-03-06T23:04:01.795Z] OPTIONS /api/entries/413?periodo=2026
[2026-03-06T23:04:01.795Z] OPTIONS /api/entries/414?periodo=2026
[2026-03-06T23:04:01.795Z] GET /api/entries/169?periodo=2026
[2026-03-06T23:04:01.796Z] OPTIONS /api/entries/416?periodo=2026
[2026-03-06T23:04:01.796Z] OPTIONS /api/entries/417?periodo=2026
[2026-03-06T23:04:01.796Z] OPTIONS /api/entries/415?periodo=2026
[2026-03-06T23:04:01.796Z] GET /api/entries/170?periodo=2026
[2026-03-06T23:04:01.797Z] GET /api/entries/171?periodo=2026
[2026-03-06T23:04:01.797Z] GET /api/entries/172?periodo=2026
[2026-03-06T23:04:01.797Z] GET /api/entries/173?periodo=2026
[2026-03-06T23:04:01.798Z] GET /api/entries/174?periodo=2026
[2026-03-06T23:04:01.799Z] GET /api/entries/175?periodo=2026
[2026-03-06T23:04:01.799Z] GET /api/entries/176?periodo=2026
[2026-03-06T23:04:01.800Z] GET /api/entries/177?periodo=2026
[2026-03-06T23:04:01.800Z] GET /api/entries/179?periodo=2026
[2026-03-06T23:04:01.801Z] GET /api/entries/178?periodo=2026
[2026-03-06T23:04:01.801Z] GET /api/entries/181?periodo=2026
[2026-03-06T23:04:01.802Z] GET /api/entries/180?periodo=2026
[2026-03-06T23:04:01.802Z] GET /api/entries/182?periodo=2026
[2026-03-06T23:04:01.803Z] GET /api/entries/183?periodo=2026
[2026-03-06T23:04:01.803Z] GET /api/entries/185?periodo=2026
[2026-03-06T23:04:01.804Z] GET /api/entries/184?periodo=2026
[2026-03-06T23:04:01.804Z] GET /api/entries/186?periodo=2026
[2026-03-06T23:04:01.804Z] GET /api/entries/187?periodo=2026
[2026-03-06T23:04:01.805Z] GET /api/entries/188?periodo=2026
[2026-03-06T23:04:01.805Z] GET /api/entries/189?periodo=2026
[2026-03-06T23:04:01.805Z] GET /api/entries/191?periodo=2026
[2026-03-06T23:04:01.806Z] GET /api/entries/190?periodo=2026
[2026-03-06T23:04:01.807Z] GET /api/entries/194?periodo=2026
[2026-03-06T23:04:01.807Z] GET /api/entries/193?periodo=2026
[2026-03-06T23:04:01.808Z] GET /api/entries/192?periodo=2026
[2026-03-06T23:04:01.808Z] GET /api/entries/195?periodo=2026
[2026-03-06T23:04:01.808Z] GET /api/entries/197?periodo=2026
[2026-03-06T23:04:01.809Z] GET /api/entries/196?periodo=2026
[2026-03-06T23:04:01.809Z] GET /api/entries/198?periodo=2026
[2026-03-06T23:04:01.810Z] GET /api/entries/199?periodo=2026
[2026-03-06T23:04:01.811Z] GET /api/entries/200?periodo=2026
[2026-03-06T23:04:01.811Z] GET /api/entries/201?periodo=2026
[2026-03-06T23:04:01.811Z] GET /api/entries/202?periodo=2026
[2026-03-06T23:04:01.812Z] GET /api/entries/203?periodo=2026
[2026-03-06T23:04:01.812Z] GET /api/entries/205?periodo=2026
[2026-03-06T23:04:01.813Z] GET /api/entries/204?periodo=2026
[2026-03-06T23:04:01.814Z] GET /api/entries/206?periodo=2026
[2026-03-06T23:04:01.814Z] GET /api/entries/207?periodo=2026
[2026-03-06T23:04:01.814Z] GET /api/entries/208?periodo=2026
[2026-03-06T23:04:01.815Z] GET /api/entries/209?periodo=2026
[2026-03-06T23:04:01.815Z] GET /api/entries/210?periodo=2026
[2026-03-06T23:04:01.816Z] GET /api/entries/211?periodo=2026
[2026-03-06T23:04:01.816Z] GET /api/entries/213?periodo=2026
[2026-03-06T23:04:01.817Z] GET /api/entries/212?periodo=2026
[2026-03-06T23:04:01.817Z] GET /api/entries/216?periodo=2026
[2026-03-06T23:04:01.817Z] GET /api/entries/214?periodo=2026
[2026-03-06T23:04:01.818Z] GET /api/entries/215?periodo=2026
[2026-03-06T23:04:01.819Z] GET /api/entries/217?periodo=2026
[2026-03-06T23:04:01.819Z] GET /api/entries/219?periodo=2026
[2026-03-06T23:04:01.819Z] GET /api/entries/220?periodo=2026
[2026-03-06T23:04:01.820Z] GET /api/entries/218?periodo=2026
[2026-03-06T23:04:01.820Z] GET /api/entries/222?periodo=2026
[2026-03-06T23:04:01.820Z] GET /api/entries/221?periodo=2026
[2026-03-06T23:04:01.821Z] GET /api/entries/223?periodo=2026
[2026-03-06T23:04:01.822Z] GET /api/entries/225?periodo=2026
[2026-03-06T23:04:01.822Z] GET /api/entries/224?periodo=2026
[2026-03-06T23:04:01.823Z] GET /api/entries/226?periodo=2026
[2026-03-06T23:04:01.823Z] GET /api/entries/228?periodo=2026
[2026-03-06T23:04:01.823Z] GET /api/entries/229?periodo=2026
[2026-03-06T23:04:01.824Z] GET /api/entries/230?periodo=2026
[2026-03-06T23:04:01.825Z] GET /api/entries/233?periodo=2026
[2026-03-06T23:04:01.825Z] GET /api/entries/234?periodo=2026
[2026-03-06T23:04:01.825Z] GET /api/entries/235?periodo=2026
[2026-03-06T23:04:01.825Z] GET /api/entries/236?periodo=2026
[2026-03-06T23:04:01.826Z] GET /api/entries/237?periodo=2026
[2026-03-06T23:04:01.827Z] GET /api/entries/238?periodo=2026
[2026-03-06T23:04:01.827Z] GET /api/entries/239?periodo=2026
[2026-03-06T23:04:01.828Z] GET /api/entries/240?periodo=2026
[2026-03-06T23:04:01.828Z] GET /api/entries/242?periodo=2026
[2026-03-06T23:04:01.829Z] GET /api/entries/243?periodo=2026
[2026-03-06T23:04:01.830Z] GET /api/entries/244?periodo=2026
[2026-03-06T23:04:01.830Z] GET /api/entries/246?periodo=2026
[2026-03-06T23:04:01.831Z] GET /api/entries/245?periodo=2026
[2026-03-06T23:04:01.831Z] GET /api/entries/249?periodo=2026
[2026-03-06T23:04:01.832Z] GET /api/entries/248?periodo=2026
[2026-03-06T23:04:01.832Z] GET /api/entries/250?periodo=2026
[2026-03-06T23:04:01.832Z] GET /api/entries/247?periodo=2026
[2026-03-06T23:04:01.833Z] GET /api/entries/251?periodo=2026
[2026-03-06T23:04:01.833Z] GET /api/entries/252?periodo=2026
[2026-03-06T23:04:01.834Z] GET /api/entries/255?periodo=2026
[2026-03-06T23:04:01.834Z] GET /api/entries/253?periodo=2026
[2026-03-06T23:04:01.834Z] GET /api/entries/254?periodo=2026
[2026-03-06T23:04:01.835Z] GET /api/entries/257?periodo=2026
[2026-03-06T23:04:01.835Z] GET /api/entries/258?periodo=2026
[2026-03-06T23:04:01.836Z] GET /api/entries/259?periodo=2026
[2026-03-06T23:04:01.836Z] GET /api/entries/261?periodo=2026
[2026-03-06T23:04:01.836Z] GET /api/entries/260?periodo=2026
[2026-03-06T23:04:01.837Z] GET /api/entries/263?periodo=2026
[2026-03-06T23:04:01.837Z] GET /api/entries/262?periodo=2026
[2026-03-06T23:04:01.838Z] GET /api/entries/264?periodo=2026
[2026-03-06T23:04:01.838Z] GET /api/entries/265?periodo=2026
[2026-03-06T23:04:01.838Z] GET /api/entries/266?periodo=2026
[2026-03-06T23:04:01.839Z] GET /api/entries/267?periodo=2026
[2026-03-06T23:04:01.839Z] GET /api/entries/269?periodo=2026
[2026-03-06T23:04:01.840Z] GET /api/entries/268?periodo=2026
[2026-03-06T23:04:01.840Z] GET /api/entries/270?periodo=2026
[2026-03-06T23:04:01.840Z] GET /api/entries/271?periodo=2026
[2026-03-06T23:04:01.841Z] GET /api/entries/272?periodo=2026
[2026-03-06T23:04:01.841Z] GET /api/entries/273?periodo=2026
[2026-03-06T23:04:01.842Z] GET /api/entries/274?periodo=2026
[2026-03-06T23:04:01.842Z] GET /api/entries/275?periodo=2026
[2026-03-06T23:04:01.842Z] GET /api/entries/276?periodo=2026
[2026-03-06T23:04:01.843Z] GET /api/entries/277?periodo=2026
[2026-03-06T23:04:01.843Z] GET /api/entries/279?periodo=2026
[2026-03-06T23:04:01.843Z] GET /api/entries/278?periodo=2026
[2026-03-06T23:04:01.844Z] GET /api/entries/280?periodo=2026
[2026-03-06T23:04:01.844Z] GET /api/entries/281?periodo=2026
[2026-03-06T23:04:01.844Z] GET /api/entries/282?periodo=2026
[2026-03-06T23:04:01.845Z] GET /api/entries/283?periodo=2026
[2026-03-06T23:04:01.845Z] GET /api/entries/284?periodo=2026
[2026-03-06T23:04:01.846Z] GET /api/entries/285?periodo=2026
[2026-03-06T23:04:01.847Z] GET /api/entries/286?periodo=2026
[2026-03-06T23:04:01.847Z] GET /api/entries/288?periodo=2026
[2026-03-06T23:04:01.847Z] GET /api/entries/289?periodo=2026
[2026-03-06T23:04:01.848Z] GET /api/entries/290?periodo=2026
[2026-03-06T23:04:01.848Z] GET /api/entries/291?periodo=2026
[2026-03-06T23:04:01.849Z] GET /api/entries/292?periodo=2026
[2026-03-06T23:04:01.849Z] GET /api/entries/294?periodo=2026
[2026-03-06T23:04:01.849Z] GET /api/entries/293?periodo=2026
[2026-03-06T23:04:01.850Z] GET /api/entries/295?periodo=2026
[2026-03-06T23:04:01.850Z] GET /api/entries/296?periodo=2026
[2026-03-06T23:04:01.850Z] GET /api/entries/298?periodo=2026
[2026-03-06T23:04:01.851Z] GET /api/entries/297?periodo=2026
[2026-03-06T23:04:01.851Z] GET /api/entries/299?periodo=2026
[2026-03-06T23:04:01.852Z] GET /api/entries/300?periodo=2026
[2026-03-06T23:04:01.852Z] GET /api/entries/301?periodo=2026
[2026-03-06T23:04:01.852Z] GET /api/entries/302?periodo=2026
[2026-03-06T23:04:01.853Z] GET /api/entries/303?periodo=2026
[2026-03-06T23:04:01.853Z] GET /api/entries/304?periodo=2026
[2026-03-06T23:04:01.854Z] GET /api/entries/305?periodo=2026
[2026-03-06T23:04:01.854Z] GET /api/entries/306?periodo=2026
[2026-03-06T23:04:01.854Z] GET /api/entries/307?periodo=2026
[2026-03-06T23:04:01.855Z] GET /api/entries/308?periodo=2026
[2026-03-06T23:04:01.855Z] GET /api/entries/309?periodo=2026
[2026-03-06T23:04:01.856Z] GET /api/entries/311?periodo=2026
[2026-03-06T23:04:01.856Z] GET /api/entries/314?periodo=2026
[2026-03-06T23:04:01.856Z] GET /api/entries/312?periodo=2026
[2026-03-06T23:04:01.857Z] GET /api/entries/313?periodo=2026
[2026-03-06T23:04:01.857Z] GET /api/entries/316?periodo=2026
[2026-03-06T23:04:01.857Z] GET /api/entries/315?periodo=2026
[2026-03-06T23:04:01.858Z] GET /api/entries/317?periodo=2026
[2026-03-06T23:04:01.858Z] GET /api/entries/318?periodo=2026
[2026-03-06T23:04:01.858Z] GET /api/entries/322?periodo=2026
[2026-03-06T23:04:01.859Z] GET /api/entries/324?periodo=2026
[2026-03-06T23:04:01.859Z] GET /api/entries/325?periodo=2026
[2026-03-06T23:04:01.859Z] GET /api/entries/326?periodo=2026
[2026-03-06T23:04:01.860Z] GET /api/entries/327?periodo=2026
[2026-03-06T23:04:01.861Z] GET /api/entries/328?periodo=2026
[2026-03-06T23:04:01.861Z] GET /api/entries/329?periodo=2026
[2026-03-06T23:04:01.862Z] GET /api/entries/330?periodo=2026
[2026-03-06T23:04:01.862Z] GET /api/entries/331?periodo=2026
[2026-03-06T23:04:01.862Z] GET /api/entries/332?periodo=2026
[2026-03-06T23:04:01.863Z] GET /api/entries/333?periodo=2026
[2026-03-06T23:04:01.863Z] GET /api/entries/334?periodo=2026
[2026-03-06T23:04:01.864Z] GET /api/entries/335?periodo=2026
[2026-03-06T23:04:01.864Z] GET /api/entries/336?periodo=2026
[2026-03-06T23:04:01.865Z] GET /api/entries/337?periodo=2026
[2026-03-06T23:04:01.865Z] GET /api/entries/341?periodo=2026
[2026-03-06T23:04:01.866Z] GET /api/entries/343?periodo=2026
[2026-03-06T23:04:01.866Z] GET /api/entries/342?periodo=2026
[2026-03-06T23:04:01.867Z] GET /api/entries/344?periodo=2026
[2026-03-06T23:04:01.867Z] GET /api/entries/347?periodo=2026
[2026-03-06T23:04:01.867Z] GET /api/entries/348?periodo=2026
[2026-03-06T23:04:01.868Z] GET /api/entries/349?periodo=2026
[2026-03-06T23:04:01.868Z] GET /api/entries/350?periodo=2026
[2026-03-06T23:04:01.868Z] GET /api/entries/351?periodo=2026
[2026-03-06T23:04:01.869Z] GET /api/entries/352?periodo=2026
[2026-03-06T23:04:01.869Z] GET /api/entries/353?periodo=2026
[2026-03-06T23:04:01.870Z] GET /api/entries/354?periodo=2026
[2026-03-06T23:04:01.870Z] GET /api/entries/356?periodo=2026
[2026-03-06T23:04:01.871Z] GET /api/entries/355?periodo=2026
[2026-03-06T23:04:01.871Z] GET /api/entries/358?periodo=2026
[2026-03-06T23:04:01.872Z] GET /api/entries/357?periodo=2026
[2026-03-06T23:04:01.872Z] GET /api/entries/360?periodo=2026
[2026-03-06T23:04:01.873Z] GET /api/entries/361?periodo=2026
[2026-03-06T23:04:01.873Z] GET /api/entries/359?periodo=2026
[2026-03-06T23:04:01.873Z] GET /api/entries/362?periodo=2026
[2026-03-06T23:04:01.874Z] GET /api/entries/364?periodo=2026
[2026-03-06T23:04:01.875Z] GET /api/entries/365?periodo=2026
[2026-03-06T23:04:01.875Z] GET /api/entries/363?periodo=2026
[2026-03-06T23:04:01.875Z] GET /api/entries/366?periodo=2026
[2026-03-06T23:04:01.876Z] GET /api/entries/368?periodo=2026
[2026-03-06T23:04:01.876Z] GET /api/entries/370?periodo=2026
[2026-03-06T23:04:01.876Z] GET /api/entries/369?periodo=2026
[2026-03-06T23:04:01.877Z] GET /api/entries/371?periodo=2026
[2026-03-06T23:04:01.877Z] GET /api/entries/367?periodo=2026
[2026-03-06T23:04:01.878Z] GET /api/entries/372?periodo=2026
[2026-03-06T23:04:01.878Z] GET /api/entries/375?periodo=2026
[2026-03-06T23:04:01.878Z] GET /api/entries/373?periodo=2026
[2026-03-06T23:04:01.878Z] GET /api/entries/374?periodo=2026
[2026-03-06T23:04:01.879Z] GET /api/entries/378?periodo=2026
[2026-03-06T23:04:01.880Z] GET /api/entries/376?periodo=2026
[2026-03-06T23:04:01.880Z] GET /api/entries/377?periodo=2026
[2026-03-06T23:04:01.881Z] GET /api/entries/379?periodo=2026
[2026-03-06T23:04:01.881Z] GET /api/entries/380?periodo=2026
[2026-03-06T23:04:01.881Z] GET /api/entries/381?periodo=2026
[2026-03-06T23:04:01.883Z] GET /api/entries/382?periodo=2026
[2026-03-06T23:04:01.883Z] GET /api/entries/383?periodo=2026
[2026-03-06T23:04:01.883Z] GET /api/entries/384?periodo=2026
[2026-03-06T23:04:01.884Z] GET /api/entries/385?periodo=2026
[2026-03-06T23:04:01.884Z] GET /api/entries/388?periodo=2026
[2026-03-06T23:04:01.885Z] GET /api/entries/389?periodo=2026
[2026-03-06T23:04:01.886Z] GET /api/entries/386?periodo=2026
[2026-03-06T23:04:01.886Z] GET /api/entries/387?periodo=2026
[2026-03-06T23:04:01.886Z] GET /api/entries/390?periodo=2026
[2026-03-06T23:04:01.887Z] GET /api/entries/391?periodo=2026
[2026-03-06T23:04:01.887Z] GET /api/entries/392?periodo=2026
[2026-03-06T23:04:01.887Z] GET /api/entries/393?periodo=2026
[2026-03-06T23:04:01.891Z] GET /api/entries/394?periodo=2026
[2026-03-06T23:04:01.891Z] GET /api/entries/395?periodo=2026
[2026-03-06T23:04:01.892Z] GET /api/entries/396?periodo=2026
[2026-03-06T23:04:01.892Z] GET /api/entries/397?periodo=2026
[2026-03-06T23:04:01.892Z] GET /api/entries/398?periodo=2026
[2026-03-06T23:04:01.893Z] GET /api/entries/400?periodo=2026
[2026-03-06T23:04:01.894Z] GET /api/entries/401?periodo=2026
[2026-03-06T23:04:01.894Z] GET /api/entries/399?periodo=2026
[2026-03-06T23:04:01.895Z] GET /api/entries/402?periodo=2026
[2026-03-06T23:04:01.895Z] GET /api/entries/403?periodo=2026
[2026-03-06T23:04:01.895Z] GET /api/entries/404?periodo=2026
[2026-03-06T23:04:01.895Z] GET /api/entries/405?periodo=2026
[2026-03-06T23:04:01.898Z] GET /api/entries/406?periodo=2026
[2026-03-06T23:04:01.898Z] GET /api/entries/407?periodo=2026
[2026-03-06T23:04:01.899Z] GET /api/entries/411?periodo=2026
[2026-03-06T23:04:01.899Z] GET /api/entries/408?periodo=2026
[2026-03-06T23:04:01.899Z] GET /api/entries/409?periodo=2026
[2026-03-06T23:04:01.899Z] GET /api/entries/410?periodo=2026
[2026-03-06T23:04:01.901Z] GET /api/entries/412?periodo=2026
[2026-03-06T23:04:01.901Z] GET /api/entries/413?periodo=2026
[2026-03-06T23:04:01.901Z] GET /api/entries/414?periodo=2026
[2026-03-06T23:04:01.902Z] GET /api/entries/416?periodo=2026
[2026-03-06T23:04:01.902Z] GET /api/entries/417?periodo=2026
[2026-03-06T23:04:01.903Z] GET /api/entries/415?periodo=2026
[2026-03-06T23:04:01.903Z] OPTIONS /api/entries/2?periodo=2026
[2026-03-06T23:04:01.903Z] OPTIONS /api/entries/3?periodo=2026
[2026-03-06T23:04:01.903Z] OPTIONS /api/entries/4?periodo=2026
[2026-03-06T23:04:01.903Z] OPTIONS /api/entries/5?periodo=2026
[2026-03-06T23:04:01.903Z] OPTIONS /api/entries/8?periodo=2026
[2026-03-06T23:04:01.903Z] OPTIONS /api/entries/9?periodo=2026
[2026-03-06T23:04:01.903Z] OPTIONS /api/entries/6?periodo=2026
[2026-03-06T23:04:01.904Z] OPTIONS /api/entries/7?periodo=2026
[2026-03-06T23:04:01.904Z] OPTIONS /api/entries/10?periodo=2026
[2026-03-06T23:04:01.904Z] OPTIONS /api/entries/11?periodo=2026
[2026-03-06T23:04:01.904Z] OPTIONS /api/entries/12?periodo=2026
[2026-03-06T23:04:01.904Z] OPTIONS /api/entries/13?periodo=2026
[2026-03-06T23:04:01.904Z] OPTIONS /api/entries/14?periodo=2026
[2026-03-06T23:04:01.904Z] OPTIONS /api/entries/15?periodo=2026
[2026-03-06T23:04:01.905Z] OPTIONS /api/entries/16?periodo=2026
[2026-03-06T23:04:01.905Z] OPTIONS /api/entries/17?periodo=2026
[2026-03-06T23:04:01.905Z] OPTIONS /api/entries/18?periodo=2026
[2026-03-06T23:04:01.905Z] OPTIONS /api/entries/23?periodo=2026
[2026-03-06T23:04:01.905Z] OPTIONS /api/entries/24?periodo=2026
[2026-03-06T23:04:01.905Z] OPTIONS /api/entries/19?periodo=2026
[2026-03-06T23:04:01.905Z] OPTIONS /api/entries/21?periodo=2026
[2026-03-06T23:04:01.905Z] OPTIONS /api/entries/22?periodo=2026
[2026-03-06T23:04:01.905Z] OPTIONS /api/entries/26?periodo=2026
[2026-03-06T23:04:01.905Z] OPTIONS /api/entries/28?periodo=2026
[2026-03-06T23:04:01.905Z] OPTIONS /api/entries/29?periodo=2026
[2026-03-06T23:04:01.906Z] OPTIONS /api/entries/25?periodo=2026
[2026-03-06T23:04:01.906Z] OPTIONS /api/entries/32?periodo=2026
[2026-03-06T23:04:01.906Z] OPTIONS /api/entries/30?periodo=2026
[2026-03-06T23:04:01.906Z] OPTIONS /api/entries/31?periodo=2026
[2026-03-06T23:04:01.906Z] OPTIONS /api/entries/33?periodo=2026
[2026-03-06T23:04:01.906Z] OPTIONS /api/entries/34?periodo=2026
[2026-03-06T23:04:01.906Z] OPTIONS /api/entries/35?periodo=2026
[2026-03-06T23:04:01.906Z] OPTIONS /api/entries/36?periodo=2026
[2026-03-06T23:04:01.906Z] OPTIONS /api/entries/37?periodo=2026
[2026-03-06T23:04:01.906Z] OPTIONS /api/entries/39?periodo=2026
[2026-03-06T23:04:01.906Z] OPTIONS /api/entries/40?periodo=2026
[2026-03-06T23:04:01.906Z] OPTIONS /api/entries/41?periodo=2026
[2026-03-06T23:04:01.906Z] OPTIONS /api/entries/42?periodo=2026
[2026-03-06T23:04:01.906Z] OPTIONS /api/entries/43?periodo=2026
[2026-03-06T23:04:01.906Z] OPTIONS /api/entries/45?periodo=2026
[2026-03-06T23:04:01.907Z] OPTIONS /api/entries/46?periodo=2026
[2026-03-06T23:04:01.907Z] OPTIONS /api/entries/49?periodo=2026
[2026-03-06T23:04:01.907Z] OPTIONS /api/entries/50?periodo=2026
[2026-03-06T23:04:01.907Z] OPTIONS /api/entries/51?periodo=2026
[2026-03-06T23:04:01.907Z] OPTIONS /api/entries/47?periodo=2026
[2026-03-06T23:04:01.907Z] OPTIONS /api/entries/48?periodo=2026
[2026-03-06T23:04:01.907Z] OPTIONS /api/entries/53?periodo=2026
[2026-03-06T23:04:01.907Z] OPTIONS /api/entries/54?periodo=2026
[2026-03-06T23:04:01.907Z] OPTIONS /api/entries/56?periodo=2026
[2026-03-06T23:04:01.907Z] OPTIONS /api/entries/52?periodo=2026
[2026-03-06T23:04:01.907Z] OPTIONS /api/entries/58?periodo=2026
[2026-03-06T23:04:01.908Z] OPTIONS /api/entries/57?periodo=2026
[2026-03-06T23:04:01.908Z] OPTIONS /api/entries/59?periodo=2026
[2026-03-06T23:04:01.908Z] OPTIONS /api/entries/63?periodo=2026
[2026-03-06T23:04:01.908Z] OPTIONS /api/entries/60?periodo=2026
[2026-03-06T23:04:01.908Z] OPTIONS /api/entries/61?periodo=2026
[2026-03-06T23:04:01.908Z] OPTIONS /api/entries/62?periodo=2026
[2026-03-06T23:04:01.908Z] OPTIONS /api/entries/67?periodo=2026
[2026-03-06T23:04:01.908Z] OPTIONS /api/entries/69?periodo=2026
[2026-03-06T23:04:01.908Z] OPTIONS /api/entries/65?periodo=2026
[2026-03-06T23:04:01.908Z] OPTIONS /api/entries/66?periodo=2026
[2026-03-06T23:04:01.908Z] OPTIONS /api/entries/70?periodo=2026
[2026-03-06T23:04:01.908Z] OPTIONS /api/entries/71?periodo=2026
[2026-03-06T23:04:01.908Z] OPTIONS /api/entries/72?periodo=2026
[2026-03-06T23:04:01.908Z] OPTIONS /api/entries/73?periodo=2026
[2026-03-06T23:04:01.908Z] OPTIONS /api/entries/74?periodo=2026
[2026-03-06T23:04:01.909Z] OPTIONS /api/entries/75?periodo=2026
[2026-03-06T23:04:01.909Z] OPTIONS /api/entries/76?periodo=2026
[2026-03-06T23:04:01.909Z] OPTIONS /api/entries/79?periodo=2026
[2026-03-06T23:04:01.909Z] OPTIONS /api/entries/81?periodo=2026
[2026-03-06T23:04:01.909Z] OPTIONS /api/entries/77?periodo=2026
[2026-03-06T23:04:01.909Z] OPTIONS /api/entries/78?periodo=2026
[2026-03-06T23:04:01.909Z] OPTIONS /api/entries/83?periodo=2026
[2026-03-06T23:04:01.909Z] OPTIONS /api/entries/82?periodo=2026
[2026-03-06T23:04:01.909Z] OPTIONS /api/entries/84?periodo=2026
[2026-03-06T23:04:01.909Z] OPTIONS /api/entries/85?periodo=2026
[2026-03-06T23:04:01.909Z] OPTIONS /api/entries/86?periodo=2026
[2026-03-06T23:04:01.910Z] OPTIONS /api/entries/87?periodo=2026
[2026-03-06T23:04:01.910Z] OPTIONS /api/entries/89?periodo=2026
[2026-03-06T23:04:01.910Z] OPTIONS /api/entries/91?periodo=2026
[2026-03-06T23:04:01.910Z] OPTIONS /api/entries/92?periodo=2026
[2026-03-06T23:04:01.910Z] OPTIONS /api/entries/93?periodo=2026
[2026-03-06T23:04:01.910Z] OPTIONS /api/entries/95?periodo=2026
[2026-03-06T23:04:01.910Z] OPTIONS /api/entries/99?periodo=2026
[2026-03-06T23:04:01.910Z] OPTIONS /api/entries/100?periodo=2026
[2026-03-06T23:04:01.910Z] OPTIONS /api/entries/96?periodo=2026
[2026-03-06T23:04:01.910Z] OPTIONS /api/entries/97?periodo=2026
[2026-03-06T23:04:01.910Z] OPTIONS /api/entries/98?periodo=2026
[2026-03-06T23:04:01.910Z] OPTIONS /api/entries/102?periodo=2026
[2026-03-06T23:04:01.910Z] OPTIONS /api/entries/103?periodo=2026
[2026-03-06T23:04:01.911Z] OPTIONS /api/entries/104?periodo=2026
[2026-03-06T23:04:01.911Z] OPTIONS /api/entries/107?periodo=2026
[2026-03-06T23:04:01.911Z] OPTIONS /api/entries/101?periodo=2026
[2026-03-06T23:04:01.911Z] OPTIONS /api/entries/110?periodo=2026
[2026-03-06T23:04:01.911Z] OPTIONS /api/entries/111?periodo=2026
[2026-03-06T23:04:01.911Z] OPTIONS /api/entries/112?periodo=2026
[2026-03-06T23:04:01.911Z] OPTIONS /api/entries/108?periodo=2026
[2026-03-06T23:04:01.911Z] OPTIONS /api/entries/113?periodo=2026
[2026-03-06T23:04:01.911Z] OPTIONS /api/entries/114?periodo=2026
[2026-03-06T23:04:01.911Z] OPTIONS /api/entries/115?periodo=2026
[2026-03-06T23:04:01.911Z] OPTIONS /api/entries/116?periodo=2026
[2026-03-06T23:04:01.911Z] OPTIONS /api/entries/117?periodo=2026
[2026-03-06T23:04:01.911Z] OPTIONS /api/entries/118?periodo=2026
[2026-03-06T23:04:01.911Z] OPTIONS /api/entries/119?periodo=2026
[2026-03-06T23:04:01.912Z] OPTIONS /api/entries/120?periodo=2026
[2026-03-06T23:04:01.912Z] OPTIONS /api/entries/121?periodo=2026
[2026-03-06T23:04:01.912Z] OPTIONS /api/entries/122?periodo=2026
[2026-03-06T23:04:01.912Z] OPTIONS /api/entries/123?periodo=2026
[2026-03-06T23:04:01.912Z] OPTIONS /api/entries/124?periodo=2026
[2026-03-06T23:04:01.912Z] OPTIONS /api/entries/125?periodo=2026
[2026-03-06T23:04:01.912Z] OPTIONS /api/entries/126?periodo=2026
[2026-03-06T23:04:01.912Z] OPTIONS /api/entries/127?periodo=2026
[2026-03-06T23:04:01.912Z] OPTIONS /api/entries/128?periodo=2026
[2026-03-06T23:04:01.912Z] OPTIONS /api/entries/129?periodo=2026
[2026-03-06T23:04:01.912Z] OPTIONS /api/entries/130?periodo=2026
[2026-03-06T23:04:01.912Z] OPTIONS /api/entries/131?periodo=2026
[2026-03-06T23:04:01.912Z] OPTIONS /api/entries/134?periodo=2026
[2026-03-06T23:04:01.912Z] OPTIONS /api/entries/132?periodo=2026
[2026-03-06T23:04:01.912Z] OPTIONS /api/entries/133?periodo=2026
[2026-03-06T23:04:01.912Z] OPTIONS /api/entries/135?periodo=2026
[2026-03-06T23:04:01.913Z] OPTIONS /api/entries/136?periodo=2026
[2026-03-06T23:04:01.913Z] OPTIONS /api/entries/137?periodo=2026
[2026-03-06T23:04:01.913Z] OPTIONS /api/entries/138?periodo=2026
[2026-03-06T23:04:01.913Z] OPTIONS /api/entries/139?periodo=2026
[2026-03-06T23:04:01.913Z] OPTIONS /api/entries/140?periodo=2026
[2026-03-06T23:04:01.913Z] OPTIONS /api/entries/141?periodo=2026
[2026-03-06T23:04:01.913Z] OPTIONS /api/entries/142?periodo=2026
[2026-03-06T23:04:01.913Z] OPTIONS /api/entries/143?periodo=2026
[2026-03-06T23:04:01.913Z] OPTIONS /api/entries/144?periodo=2026
[2026-03-06T23:04:01.914Z] OPTIONS /api/entries/145?periodo=2026
[2026-03-06T23:04:01.914Z] OPTIONS /api/entries/146?periodo=2026
[2026-03-06T23:04:01.914Z] OPTIONS /api/entries/150?periodo=2026
[2026-03-06T23:04:01.914Z] OPTIONS /api/entries/147?periodo=2026
[2026-03-06T23:04:01.914Z] OPTIONS /api/entries/148?periodo=2026
[2026-03-06T23:04:01.914Z] OPTIONS /api/entries/149?periodo=2026
[2026-03-06T23:04:01.914Z] OPTIONS /api/entries/153?periodo=2026
[2026-03-06T23:04:01.914Z] OPTIONS /api/entries/151?periodo=2026
[2026-03-06T23:04:01.914Z] OPTIONS /api/entries/152?periodo=2026
[2026-03-06T23:04:01.914Z] OPTIONS /api/entries/154?periodo=2026
[2026-03-06T23:04:01.915Z] OPTIONS /api/entries/155?periodo=2026
[2026-03-06T23:04:01.915Z] OPTIONS /api/entries/156?periodo=2026
[2026-03-06T23:04:01.915Z] OPTIONS /api/entries/158?periodo=2026
[2026-03-06T23:04:01.915Z] OPTIONS /api/entries/159?periodo=2026
[2026-03-06T23:04:01.915Z] OPTIONS /api/entries/160?periodo=2026
[2026-03-06T23:04:01.915Z] OPTIONS /api/entries/161?periodo=2026
[2026-03-06T23:04:01.915Z] OPTIONS /api/entries/162?periodo=2026
[2026-03-06T23:04:01.915Z] OPTIONS /api/entries/167?periodo=2026
[2026-03-06T23:04:01.915Z] OPTIONS /api/entries/163?periodo=2026
[2026-03-06T23:04:01.915Z] OPTIONS /api/entries/164?periodo=2026
[2026-03-06T23:04:01.915Z] OPTIONS /api/entries/166?periodo=2026
[2026-03-06T23:04:01.915Z] OPTIONS /api/entries/170?periodo=2026
[2026-03-06T23:04:01.916Z] OPTIONS /api/entries/171?periodo=2026
[2026-03-06T23:04:01.916Z] OPTIONS /api/entries/172?periodo=2026
[2026-03-06T23:04:01.916Z] OPTIONS /api/entries/168?periodo=2026
[2026-03-06T23:04:01.916Z] OPTIONS /api/entries/169?periodo=2026
[2026-03-06T23:04:01.916Z] OPTIONS /api/entries/174?periodo=2026
[2026-03-06T23:04:01.916Z] OPTIONS /api/entries/175?periodo=2026
[2026-03-06T23:04:01.916Z] OPTIONS /api/entries/176?periodo=2026
[2026-03-06T23:04:01.916Z] OPTIONS /api/entries/173?periodo=2026
[2026-03-06T23:04:01.916Z] OPTIONS /api/entries/177?periodo=2026
[2026-03-06T23:04:01.916Z] OPTIONS /api/entries/178?periodo=2026
[2026-03-06T23:04:01.916Z] OPTIONS /api/entries/179?periodo=2026
[2026-03-06T23:04:01.917Z] OPTIONS /api/entries/180?periodo=2026
[2026-03-06T23:04:01.917Z] OPTIONS /api/entries/181?periodo=2026
[2026-03-06T23:04:01.917Z] OPTIONS /api/entries/182?periodo=2026
[2026-03-06T23:04:01.917Z] OPTIONS /api/entries/183?periodo=2026
[2026-03-06T23:04:01.918Z] OPTIONS /api/entries/184?periodo=2026
[2026-03-06T23:04:01.918Z] OPTIONS /api/entries/185?periodo=2026
[2026-03-06T23:04:01.918Z] OPTIONS /api/entries/186?periodo=2026
[2026-03-06T23:04:01.918Z] OPTIONS /api/entries/187?periodo=2026
[2026-03-06T23:04:01.918Z] OPTIONS /api/entries/188?periodo=2026
[2026-03-06T23:04:01.918Z] OPTIONS /api/entries/189?periodo=2026
[2026-03-06T23:04:01.918Z] OPTIONS /api/entries/190?periodo=2026
[2026-03-06T23:04:01.918Z] OPTIONS /api/entries/191?periodo=2026
[2026-03-06T23:04:01.918Z] OPTIONS /api/entries/192?periodo=2026
[2026-03-06T23:04:01.918Z] OPTIONS /api/entries/193?periodo=2026
[2026-03-06T23:04:01.919Z] OPTIONS /api/entries/194?periodo=2026
[2026-03-06T23:04:01.919Z] OPTIONS /api/entries/195?periodo=2026
[2026-03-06T23:04:01.919Z] OPTIONS /api/entries/196?periodo=2026
[2026-03-06T23:04:01.919Z] OPTIONS /api/entries/197?periodo=2026
[2026-03-06T23:04:01.919Z] OPTIONS /api/entries/198?periodo=2026
[2026-03-06T23:04:01.920Z] OPTIONS /api/entries/199?periodo=2026
[2026-03-06T23:04:01.920Z] OPTIONS /api/entries/200?periodo=2026
[2026-03-06T23:04:01.920Z] OPTIONS /api/entries/201?periodo=2026
[2026-03-06T23:04:01.920Z] OPTIONS /api/entries/202?periodo=2026
[2026-03-06T23:04:01.920Z] OPTIONS /api/entries/203?periodo=2026
[2026-03-06T23:04:01.920Z] OPTIONS /api/entries/204?periodo=2026
[2026-03-06T23:04:01.920Z] OPTIONS /api/entries/205?periodo=2026
[2026-03-06T23:04:01.920Z] OPTIONS /api/entries/206?periodo=2026
[2026-03-06T23:04:01.921Z] OPTIONS /api/entries/207?periodo=2026
[2026-03-06T23:04:01.921Z] OPTIONS /api/entries/208?periodo=2026
[2026-03-06T23:04:01.921Z] OPTIONS /api/entries/209?periodo=2026
[2026-03-06T23:04:01.921Z] OPTIONS /api/entries/210?periodo=2026
[2026-03-06T23:04:01.940Z] GET /api/entries/2?periodo=2026
[2026-03-06T23:04:01.940Z] GET /api/entries/3?periodo=2026
[2026-03-06T23:04:01.940Z] GET /api/entries/4?periodo=2026
[2026-03-06T23:04:01.941Z] GET /api/entries/5?periodo=2026
[2026-03-06T23:04:01.941Z] GET /api/entries/8?periodo=2026
[2026-03-06T23:04:01.941Z] GET /api/entries/7?periodo=2026
[2026-03-06T23:04:01.943Z] GET /api/entries/6?periodo=2026
[2026-03-06T23:04:01.943Z] GET /api/entries/9?periodo=2026
[2026-03-06T23:04:01.943Z] GET /api/entries/12?periodo=2026
[2026-03-06T23:04:01.944Z] GET /api/entries/10?periodo=2026
[2026-03-06T23:04:01.944Z] GET /api/entries/11?periodo=2026
[2026-03-06T23:04:01.945Z] GET /api/entries/13?periodo=2026
[2026-03-06T23:04:01.946Z] GET /api/entries/14?periodo=2026
[2026-03-06T23:04:01.946Z] GET /api/entries/15?periodo=2026
[2026-03-06T23:04:01.947Z] GET /api/entries/16?periodo=2026
[2026-03-06T23:04:01.947Z] GET /api/entries/17?periodo=2026
[2026-03-06T23:04:01.947Z] GET /api/entries/18?periodo=2026
[2026-03-06T23:04:01.948Z] GET /api/entries/23?periodo=2026
[2026-03-06T23:04:01.949Z] GET /api/entries/24?periodo=2026
[2026-03-06T23:04:01.949Z] GET /api/entries/19?periodo=2026
[2026-03-06T23:04:01.949Z] GET /api/entries/21?periodo=2026
[2026-03-06T23:04:01.949Z] GET /api/entries/22?periodo=2026
[2026-03-06T23:04:01.950Z] GET /api/entries/26?periodo=2026
[2026-03-06T23:04:01.950Z] GET /api/entries/29?periodo=2026
[2026-03-06T23:04:01.951Z] GET /api/entries/28?periodo=2026
[2026-03-06T23:04:01.951Z] GET /api/entries/32?periodo=2026
[2026-03-06T23:04:01.951Z] GET /api/entries/25?periodo=2026
[2026-03-06T23:04:01.952Z] GET /api/entries/31?periodo=2026
[2026-03-06T23:04:01.952Z] GET /api/entries/30?periodo=2026
[2026-03-06T23:04:01.952Z] GET /api/entries/33?periodo=2026
[2026-03-06T23:04:01.953Z] GET /api/entries/34?periodo=2026
[2026-03-06T23:04:01.953Z] GET /api/entries/35?periodo=2026
[2026-03-06T23:04:01.953Z] GET /api/entries/36?periodo=2026
[2026-03-06T23:04:01.954Z] GET /api/entries/37?periodo=2026
[2026-03-06T23:04:01.954Z] GET /api/entries/39?periodo=2026
[2026-03-06T23:04:01.955Z] GET /api/entries/40?periodo=2026
[2026-03-06T23:04:01.955Z] GET /api/entries/41?periodo=2026
[2026-03-06T23:04:01.955Z] GET /api/entries/42?periodo=2026
[2026-03-06T23:04:01.956Z] GET /api/entries/43?periodo=2026
[2026-03-06T23:04:01.956Z] GET /api/entries/45?periodo=2026
[2026-03-06T23:04:01.957Z] GET /api/entries/46?periodo=2026
[2026-03-06T23:04:01.957Z] GET /api/entries/49?periodo=2026
[2026-03-06T23:04:01.958Z] GET /api/entries/50?periodo=2026
[2026-03-06T23:04:01.958Z] GET /api/entries/51?periodo=2026
[2026-03-06T23:04:01.958Z] GET /api/entries/47?periodo=2026
[2026-03-06T23:04:01.959Z] GET /api/entries/53?periodo=2026
[2026-03-06T23:04:01.959Z] GET /api/entries/48?periodo=2026
[2026-03-06T23:04:01.960Z] GET /api/entries/56?periodo=2026
[2026-03-06T23:04:01.961Z] GET /api/entries/54?periodo=2026
[2026-03-06T23:04:01.961Z] GET /api/entries/52?periodo=2026
[2026-03-06T23:04:01.961Z] GET /api/entries/58?periodo=2026
[2026-03-06T23:04:01.962Z] GET /api/entries/57?periodo=2026
[2026-03-06T23:04:01.962Z] GET /api/entries/59?periodo=2026
[2026-03-06T23:04:01.963Z] GET /api/entries/63?periodo=2026
[2026-03-06T23:04:01.963Z] GET /api/entries/60?periodo=2026
[2026-03-06T23:04:01.964Z] GET /api/entries/62?periodo=2026
[2026-03-06T23:04:01.964Z] GET /api/entries/61?periodo=2026
[2026-03-06T23:04:01.965Z] GET /api/entries/69?periodo=2026
[2026-03-06T23:04:01.965Z] GET /api/entries/65?periodo=2026
[2026-03-06T23:04:01.966Z] GET /api/entries/67?periodo=2026
[2026-03-06T23:04:01.967Z] GET /api/entries/66?periodo=2026
[2026-03-06T23:04:01.967Z] GET /api/entries/70?periodo=2026
[2026-03-06T23:04:01.967Z] GET /api/entries/71?periodo=2026
[2026-03-06T23:04:01.968Z] GET /api/entries/72?periodo=2026
[2026-03-06T23:04:01.968Z] GET /api/entries/73?periodo=2026
[2026-03-06T23:04:01.969Z] GET /api/entries/74?periodo=2026
[2026-03-06T23:04:01.970Z] GET /api/entries/75?periodo=2026
[2026-03-06T23:04:01.970Z] GET /api/entries/79?periodo=2026
[2026-03-06T23:04:01.970Z] GET /api/entries/76?periodo=2026
[2026-03-06T23:04:01.971Z] GET /api/entries/81?periodo=2026
[2026-03-06T23:04:01.971Z] GET /api/entries/77?periodo=2026
[2026-03-06T23:04:01.972Z] GET /api/entries/78?periodo=2026
[2026-03-06T23:04:01.972Z] GET /api/entries/83?periodo=2026
[2026-03-06T23:04:01.972Z] GET /api/entries/84?periodo=2026
[2026-03-06T23:04:01.973Z] GET /api/entries/85?periodo=2026
[2026-03-06T23:04:01.973Z] GET /api/entries/82?periodo=2026
[2026-03-06T23:04:01.974Z] GET /api/entries/86?periodo=2026
[2026-03-06T23:04:01.974Z] GET /api/entries/87?periodo=2026
[2026-03-06T23:04:01.974Z] GET /api/entries/89?periodo=2026
[2026-03-06T23:04:01.975Z] GET /api/entries/91?periodo=2026
[2026-03-06T23:04:01.975Z] GET /api/entries/92?periodo=2026
[2026-03-06T23:04:01.975Z] GET /api/entries/93?periodo=2026
[2026-03-06T23:04:01.976Z] GET /api/entries/95?periodo=2026
[2026-03-06T23:04:01.976Z] GET /api/entries/99?periodo=2026
[2026-03-06T23:04:01.976Z] GET /api/entries/100?periodo=2026
[2026-03-06T23:04:01.977Z] GET /api/entries/96?periodo=2026
[2026-03-06T23:04:01.977Z] GET /api/entries/97?periodo=2026
[2026-03-06T23:04:01.978Z] GET /api/entries/98?periodo=2026
[2026-03-06T23:04:01.978Z] GET /api/entries/102?periodo=2026
[2026-03-06T23:04:01.978Z] GET /api/entries/103?periodo=2026
[2026-03-06T23:04:01.980Z] GET /api/entries/104?periodo=2026
[2026-03-06T23:04:01.981Z] GET /api/entries/107?periodo=2026
[2026-03-06T23:04:01.985Z] GET /api/entries/101?periodo=2026
[2026-03-06T23:04:01.986Z] GET /api/entries/112?periodo=2026
[2026-03-06T23:04:01.986Z] GET /api/entries/108?periodo=2026
[2026-03-06T23:04:01.987Z] GET /api/entries/110?periodo=2026
[2026-03-06T23:04:01.987Z] GET /api/entries/111?periodo=2026
[2026-03-06T23:04:01.987Z] GET /api/entries/113?periodo=2026
[2026-03-06T23:04:01.988Z] GET /api/entries/114?periodo=2026
[2026-03-06T23:04:01.988Z] GET /api/entries/115?periodo=2026
[2026-03-06T23:04:01.989Z] GET /api/entries/116?periodo=2026
[2026-03-06T23:04:01.990Z] GET /api/entries/119?periodo=2026
[2026-03-06T23:04:01.991Z] GET /api/entries/117?periodo=2026
[2026-03-06T23:04:01.991Z] GET /api/entries/118?periodo=2026
[2026-03-06T23:04:01.991Z] GET /api/entries/121?periodo=2026
[2026-03-06T23:04:01.992Z] GET /api/entries/122?periodo=2026
[2026-03-06T23:04:01.992Z] GET /api/entries/120?periodo=2026
[2026-03-06T23:04:01.993Z] GET /api/entries/123?periodo=2026
[2026-03-06T23:04:01.994Z] GET /api/entries/124?periodo=2026
[2026-03-06T23:04:01.994Z] GET /api/entries/125?periodo=2026
[2026-03-06T23:04:01.994Z] GET /api/entries/126?periodo=2026
[2026-03-06T23:04:01.995Z] GET /api/entries/127?periodo=2026
[2026-03-06T23:04:01.996Z] GET /api/entries/129?periodo=2026
[2026-03-06T23:04:01.997Z] GET /api/entries/128?periodo=2026
[2026-03-06T23:04:01.997Z] GET /api/entries/130?periodo=2026
[2026-03-06T23:04:01.998Z] GET /api/entries/131?periodo=2026
[2026-03-06T23:04:01.999Z] GET /api/entries/132?periodo=2026
[2026-03-06T23:04:01.999Z] GET /api/entries/134?periodo=2026
[2026-03-06T23:04:01.999Z] GET /api/entries/133?periodo=2026
[2026-03-06T23:04:02.000Z] GET /api/entries/135?periodo=2026
[2026-03-06T23:04:02.000Z] GET /api/entries/136?periodo=2026
[2026-03-06T23:04:02.001Z] GET /api/entries/137?periodo=2026
[2026-03-06T23:04:02.001Z] GET /api/entries/138?periodo=2026
[2026-03-06T23:04:02.001Z] GET /api/entries/139?periodo=2026
[2026-03-06T23:04:02.002Z] GET /api/entries/140?periodo=2026
[2026-03-06T23:04:02.002Z] GET /api/entries/142?periodo=2026
[2026-03-06T23:04:02.003Z] GET /api/entries/141?periodo=2026
[2026-03-06T23:04:02.005Z] GET /api/entries/143?periodo=2026
[2026-03-06T23:04:02.005Z] GET /api/entries/144?periodo=2026
[2026-03-06T23:04:02.006Z] GET /api/entries/145?periodo=2026
[2026-03-06T23:04:02.006Z] GET /api/entries/146?periodo=2026
[2026-03-06T23:04:02.006Z] GET /api/entries/150?periodo=2026
[2026-03-06T23:04:02.007Z] GET /api/entries/147?periodo=2026
[2026-03-06T23:04:02.007Z] GET /api/entries/153?periodo=2026
[2026-03-06T23:04:02.008Z] GET /api/entries/151?periodo=2026
[2026-03-06T23:04:02.008Z] GET /api/entries/149?periodo=2026
[2026-03-06T23:04:02.009Z] GET /api/entries/148?periodo=2026
[2026-03-06T23:04:02.010Z] GET /api/entries/152?periodo=2026
[2026-03-06T23:04:02.010Z] GET /api/entries/154?periodo=2026
[2026-03-06T23:04:02.011Z] GET /api/entries/155?periodo=2026
[2026-03-06T23:04:02.011Z] GET /api/entries/156?periodo=2026
[2026-03-06T23:04:02.012Z] GET /api/entries/158?periodo=2026
[2026-03-06T23:04:02.014Z] GET /api/entries/159?periodo=2026
[2026-03-06T23:04:02.014Z] GET /api/entries/160?periodo=2026
[2026-03-06T23:04:02.015Z] GET /api/entries/161?periodo=2026
[2026-03-06T23:04:02.015Z] GET /api/entries/162?periodo=2026
[2026-03-06T23:04:02.015Z] GET /api/entries/167?periodo=2026
[2026-03-06T23:04:02.015Z] GET /api/entries/163?periodo=2026
[2026-03-06T23:04:02.016Z] GET /api/entries/164?periodo=2026
[2026-03-06T23:04:02.017Z] GET /api/entries/166?periodo=2026
[2026-03-06T23:04:02.017Z] GET /api/entries/170?periodo=2026
[2026-03-06T23:04:02.017Z] GET /api/entries/171?periodo=2026
[2026-03-06T23:04:02.018Z] GET /api/entries/172?periodo=2026
[2026-03-06T23:04:02.018Z] GET /api/entries/168?periodo=2026
[2026-03-06T23:04:02.019Z] GET /api/entries/169?periodo=2026
[2026-03-06T23:04:02.019Z] GET /api/entries/174?periodo=2026
[2026-03-06T23:04:02.020Z] GET /api/entries/175?periodo=2026
[2026-03-06T23:04:02.020Z] GET /api/entries/176?periodo=2026
[2026-03-06T23:04:02.020Z] GET /api/entries/173?periodo=2026
[2026-03-06T23:04:02.021Z] GET /api/entries/177?periodo=2026
[2026-03-06T23:04:02.021Z] GET /api/entries/178?periodo=2026
[2026-03-06T23:04:02.023Z] GET /api/entries/179?periodo=2026
[2026-03-06T23:04:02.025Z] GET /api/entries/180?periodo=2026
[2026-03-06T23:04:02.025Z] GET /api/entries/181?periodo=2026
[2026-03-06T23:04:02.025Z] GET /api/entries/182?periodo=2026
[2026-03-06T23:04:02.027Z] GET /api/entries/183?periodo=2026
[2026-03-06T23:04:02.027Z] GET /api/entries/184?periodo=2026
[2026-03-06T23:04:02.028Z] GET /api/entries/185?periodo=2026
[2026-03-06T23:04:02.028Z] GET /api/entries/186?periodo=2026
[2026-03-06T23:04:02.028Z] GET /api/entries/187?periodo=2026
[2026-03-06T23:04:02.029Z] GET /api/entries/188?periodo=2026
[2026-03-06T23:04:02.032Z] GET /api/entries/189?periodo=2026
[2026-03-06T23:04:02.033Z] GET /api/entries/190?periodo=2026
[2026-03-06T23:04:02.034Z] GET /api/entries/191?periodo=2026
[2026-03-06T23:04:02.035Z] GET /api/entries/192?periodo=2026
[2026-03-06T23:04:02.036Z] GET /api/entries/193?periodo=2026
[2026-03-06T23:04:02.036Z] GET /api/entries/194?periodo=2026
[2026-03-06T23:04:02.040Z] GET /api/entries/195?periodo=2026
[2026-03-06T23:04:02.041Z] GET /api/entries/196?periodo=2026
[2026-03-06T23:04:02.042Z] GET /api/entries/197?periodo=2026
[2026-03-06T23:04:02.042Z] GET /api/entries/198?periodo=2026
[2026-03-06T23:04:02.043Z] GET /api/entries/199?periodo=2026
[2026-03-06T23:04:02.043Z] GET /api/entries/200?periodo=2026
[2026-03-06T23:04:02.044Z] GET /api/entries/201?periodo=2026
[2026-03-06T23:04:02.044Z] GET /api/entries/202?periodo=2026
[2026-03-06T23:04:02.045Z] GET /api/entries/203?periodo=2026
[2026-03-06T23:04:02.045Z] GET /api/entries/204?periodo=2026
[2026-03-06T23:04:02.045Z] GET /api/entries/205?periodo=2026
[2026-03-06T23:04:02.046Z] GET /api/entries/206?periodo=2026
[2026-03-06T23:04:02.046Z] GET /api/entries/207?periodo=2026
[2026-03-06T23:04:02.047Z] GET /api/entries/208?periodo=2026
[2026-03-06T23:04:02.047Z] GET /api/entries/209?periodo=2026
[2026-03-06T23:04:02.048Z] GET /api/entries/210?periodo=2026
[2026-03-06T23:04:02.048Z] OPTIONS /api/entries/211?periodo=2026
[2026-03-06T23:04:02.048Z] OPTIONS /api/entries/213?periodo=2026
[2026-03-06T23:04:02.048Z] OPTIONS /api/entries/216?periodo=2026
[2026-03-06T23:04:02.049Z] OPTIONS /api/entries/215?periodo=2026
[2026-03-06T23:04:02.049Z] OPTIONS /api/entries/212?periodo=2026
[2026-03-06T23:04:02.049Z] OPTIONS /api/entries/222?periodo=2026
[2026-03-06T23:04:02.049Z] OPTIONS /api/entries/214?periodo=2026
[2026-03-06T23:04:02.049Z] OPTIONS /api/entries/217?periodo=2026
[2026-03-06T23:04:02.049Z] OPTIONS /api/entries/221?periodo=2026
[2026-03-06T23:04:02.049Z] OPTIONS /api/entries/219?periodo=2026
[2026-03-06T23:04:02.049Z] OPTIONS /api/entries/220?periodo=2026
[2026-03-06T23:04:02.049Z] OPTIONS /api/entries/228?periodo=2026
[2026-03-06T23:04:02.049Z] OPTIONS /api/entries/218?periodo=2026
[2026-03-06T23:04:02.050Z] OPTIONS /api/entries/225?periodo=2026
[2026-03-06T23:04:02.050Z] OPTIONS /api/entries/226?periodo=2026
[2026-03-06T23:04:02.050Z] OPTIONS /api/entries/229?periodo=2026
[2026-03-06T23:04:02.050Z] OPTIONS /api/entries/223?periodo=2026
[2026-03-06T23:04:02.050Z] OPTIONS /api/entries/224?periodo=2026
[2026-03-06T23:04:02.050Z] OPTIONS /api/entries/230?periodo=2026
[2026-03-06T23:04:02.050Z] OPTIONS /api/entries/233?periodo=2026
[2026-03-06T23:04:02.050Z] OPTIONS /api/entries/234?periodo=2026
[2026-03-06T23:04:02.050Z] OPTIONS /api/entries/237?periodo=2026
[2026-03-06T23:04:02.050Z] OPTIONS /api/entries/235?periodo=2026
[2026-03-06T23:04:02.050Z] OPTIONS /api/entries/236?periodo=2026
[2026-03-06T23:04:02.051Z] OPTIONS /api/entries/238?periodo=2026
[2026-03-06T23:04:02.051Z] OPTIONS /api/entries/239?periodo=2026
[2026-03-06T23:04:02.051Z] OPTIONS /api/entries/240?periodo=2026
[2026-03-06T23:04:02.051Z] OPTIONS /api/entries/242?periodo=2026
[2026-03-06T23:04:02.051Z] OPTIONS /api/entries/243?periodo=2026
[2026-03-06T23:04:02.051Z] OPTIONS /api/entries/244?periodo=2026
[2026-03-06T23:04:02.051Z] OPTIONS /api/entries/246?periodo=2026
[2026-03-06T23:04:02.051Z] OPTIONS /api/entries/245?periodo=2026
[2026-03-06T23:04:02.051Z] OPTIONS /api/entries/249?periodo=2026
[2026-03-06T23:04:02.051Z] OPTIONS /api/entries/248?periodo=2026
[2026-03-06T23:04:02.051Z] OPTIONS /api/entries/250?periodo=2026
[2026-03-06T23:04:02.051Z] OPTIONS /api/entries/247?periodo=2026
[2026-03-06T23:04:02.052Z] OPTIONS /api/entries/252?periodo=2026
[2026-03-06T23:04:02.052Z] OPTIONS /api/entries/255?periodo=2026
[2026-03-06T23:04:02.052Z] OPTIONS /api/entries/251?periodo=2026
[2026-03-06T23:04:02.052Z] OPTIONS /api/entries/254?periodo=2026
[2026-03-06T23:04:02.052Z] OPTIONS /api/entries/253?periodo=2026
[2026-03-06T23:04:02.052Z] OPTIONS /api/entries/257?periodo=2026
[2026-03-06T23:04:02.052Z] OPTIONS /api/entries/258?periodo=2026
[2026-03-06T23:04:02.052Z] OPTIONS /api/entries/259?periodo=2026
[2026-03-06T23:04:02.052Z] OPTIONS /api/entries/261?periodo=2026
[2026-03-06T23:04:02.052Z] OPTIONS /api/entries/260?periodo=2026
[2026-03-06T23:04:02.053Z] OPTIONS /api/entries/263?periodo=2026
[2026-03-06T23:04:02.053Z] OPTIONS /api/entries/262?periodo=2026
[2026-03-06T23:04:02.053Z] OPTIONS /api/entries/264?periodo=2026
[2026-03-06T23:04:02.053Z] OPTIONS /api/entries/265?periodo=2026
[2026-03-06T23:04:02.053Z] OPTIONS /api/entries/266?periodo=2026
[2026-03-06T23:04:02.053Z] OPTIONS /api/entries/267?periodo=2026
[2026-03-06T23:04:02.053Z] OPTIONS /api/entries/269?periodo=2026
[2026-03-06T23:04:02.053Z] OPTIONS /api/entries/270?periodo=2026
[2026-03-06T23:04:02.053Z] OPTIONS /api/entries/268?periodo=2026
[2026-03-06T23:04:02.054Z] OPTIONS /api/entries/271?periodo=2026
[2026-03-06T23:04:02.054Z] OPTIONS /api/entries/272?periodo=2026
[2026-03-06T23:04:02.054Z] OPTIONS /api/entries/273?periodo=2026
[2026-03-06T23:04:02.054Z] OPTIONS /api/entries/274?periodo=2026
[2026-03-06T23:04:02.054Z] OPTIONS /api/entries/275?periodo=2026
[2026-03-06T23:04:02.054Z] OPTIONS /api/entries/276?periodo=2026
[2026-03-06T23:04:02.054Z] OPTIONS /api/entries/277?periodo=2026
[2026-03-06T23:04:02.054Z] OPTIONS /api/entries/279?periodo=2026
[2026-03-06T23:04:02.054Z] OPTIONS /api/entries/278?periodo=2026
[2026-03-06T23:04:02.054Z] OPTIONS /api/entries/281?periodo=2026
[2026-03-06T23:04:02.054Z] OPTIONS /api/entries/283?periodo=2026
[2026-03-06T23:04:02.055Z] OPTIONS /api/entries/280?periodo=2026
[2026-03-06T23:04:02.055Z] OPTIONS /api/entries/284?periodo=2026
[2026-03-06T23:04:02.055Z] OPTIONS /api/entries/282?periodo=2026
[2026-03-06T23:04:02.055Z] OPTIONS /api/entries/289?periodo=2026
[2026-03-06T23:04:02.055Z] OPTIONS /api/entries/285?periodo=2026
[2026-03-06T23:04:02.055Z] OPTIONS /api/entries/286?periodo=2026
[2026-03-06T23:04:02.055Z] OPTIONS /api/entries/288?periodo=2026
[2026-03-06T23:04:02.055Z] OPTIONS /api/entries/291?periodo=2026
[2026-03-06T23:04:02.055Z] OPTIONS /api/entries/290?periodo=2026
[2026-03-06T23:04:02.055Z] OPTIONS /api/entries/294?periodo=2026
[2026-03-06T23:04:02.055Z] OPTIONS /api/entries/292?periodo=2026
[2026-03-06T23:04:02.055Z] OPTIONS /api/entries/293?periodo=2026
[2026-03-06T23:04:02.055Z] OPTIONS /api/entries/295?periodo=2026
[2026-03-06T23:04:02.056Z] OPTIONS /api/entries/296?periodo=2026
[2026-03-06T23:04:02.056Z] OPTIONS /api/entries/298?periodo=2026
[2026-03-06T23:04:02.056Z] OPTIONS /api/entries/297?periodo=2026
[2026-03-06T23:04:02.056Z] OPTIONS /api/entries/300?periodo=2026
[2026-03-06T23:04:02.056Z] OPTIONS /api/entries/299?periodo=2026
[2026-03-06T23:04:02.056Z] OPTIONS /api/entries/301?periodo=2026
[2026-03-06T23:04:02.056Z] OPTIONS /api/entries/302?periodo=2026
[2026-03-06T23:04:02.056Z] OPTIONS /api/entries/303?periodo=2026
[2026-03-06T23:04:02.056Z] OPTIONS /api/entries/304?periodo=2026
[2026-03-06T23:04:02.056Z] OPTIONS /api/entries/305?periodo=2026
[2026-03-06T23:04:02.056Z] OPTIONS /api/entries/306?periodo=2026
[2026-03-06T23:04:02.056Z] OPTIONS /api/entries/307?periodo=2026
[2026-03-06T23:04:02.057Z] OPTIONS /api/entries/308?periodo=2026
[2026-03-06T23:04:02.057Z] OPTIONS /api/entries/309?periodo=2026
[2026-03-06T23:04:02.057Z] OPTIONS /api/entries/311?periodo=2026
[2026-03-06T23:04:02.057Z] OPTIONS /api/entries/314?periodo=2026
[2026-03-06T23:04:02.057Z] OPTIONS /api/entries/312?periodo=2026
[2026-03-06T23:04:02.057Z] OPTIONS /api/entries/313?periodo=2026
[2026-03-06T23:04:02.057Z] OPTIONS /api/entries/316?periodo=2026
[2026-03-06T23:04:02.057Z] OPTIONS /api/entries/315?periodo=2026
[2026-03-06T23:04:02.057Z] OPTIONS /api/entries/317?periodo=2026
[2026-03-06T23:04:02.057Z] OPTIONS /api/entries/318?periodo=2026
[2026-03-06T23:04:02.057Z] OPTIONS /api/entries/325?periodo=2026
[2026-03-06T23:04:02.057Z] OPTIONS /api/entries/326?periodo=2026
[2026-03-06T23:04:02.057Z] OPTIONS /api/entries/327?periodo=2026
[2026-03-06T23:04:02.058Z] OPTIONS /api/entries/322?periodo=2026
[2026-03-06T23:04:02.058Z] OPTIONS /api/entries/324?periodo=2026
[2026-03-06T23:04:02.058Z] OPTIONS /api/entries/329?periodo=2026
[2026-03-06T23:04:02.058Z] OPTIONS /api/entries/328?periodo=2026
[2026-03-06T23:04:02.058Z] OPTIONS /api/entries/330?periodo=2026
[2026-03-06T23:04:02.058Z] OPTIONS /api/entries/331?periodo=2026
[2026-03-06T23:04:02.058Z] OPTIONS /api/entries/333?periodo=2026
[2026-03-06T23:04:02.058Z] OPTIONS /api/entries/332?periodo=2026
[2026-03-06T23:04:02.058Z] OPTIONS /api/entries/334?periodo=2026
[2026-03-06T23:04:02.058Z] OPTIONS /api/entries/335?periodo=2026
[2026-03-06T23:04:02.058Z] OPTIONS /api/entries/336?periodo=2026
[2026-03-06T23:04:02.058Z] OPTIONS /api/entries/337?periodo=2026
[2026-03-06T23:04:02.059Z] OPTIONS /api/entries/341?periodo=2026
[2026-03-06T23:04:02.059Z] OPTIONS /api/entries/343?periodo=2026
[2026-03-06T23:04:02.059Z] OPTIONS /api/entries/342?periodo=2026
[2026-03-06T23:04:02.059Z] OPTIONS /api/entries/344?periodo=2026
[2026-03-06T23:04:02.059Z] OPTIONS /api/entries/347?periodo=2026
[2026-03-06T23:04:02.059Z] OPTIONS /api/entries/348?periodo=2026
[2026-03-06T23:04:02.059Z] OPTIONS /api/entries/349?periodo=2026
[2026-03-06T23:04:02.059Z] OPTIONS /api/entries/350?periodo=2026
[2026-03-06T23:04:02.059Z] OPTIONS /api/entries/351?periodo=2026
[2026-03-06T23:04:02.059Z] OPTIONS /api/entries/352?periodo=2026
[2026-03-06T23:04:02.060Z] OPTIONS /api/entries/353?periodo=2026
[2026-03-06T23:04:02.060Z] OPTIONS /api/entries/354?periodo=2026
[2026-03-06T23:04:02.060Z] OPTIONS /api/entries/356?periodo=2026
[2026-03-06T23:04:02.060Z] OPTIONS /api/entries/355?periodo=2026
[2026-03-06T23:04:02.060Z] OPTIONS /api/entries/358?periodo=2026
[2026-03-06T23:04:02.060Z] OPTIONS /api/entries/357?periodo=2026
[2026-03-06T23:04:02.060Z] OPTIONS /api/entries/360?periodo=2026
[2026-03-06T23:04:02.060Z] OPTIONS /api/entries/359?periodo=2026
[2026-03-06T23:04:02.060Z] OPTIONS /api/entries/361?periodo=2026
[2026-03-06T23:04:02.060Z] OPTIONS /api/entries/364?periodo=2026
[2026-03-06T23:04:02.060Z] OPTIONS /api/entries/366?periodo=2026
[2026-03-06T23:04:02.060Z] OPTIONS /api/entries/362?periodo=2026
[2026-03-06T23:04:02.060Z] OPTIONS /api/entries/365?periodo=2026
[2026-03-06T23:04:02.060Z] OPTIONS /api/entries/363?periodo=2026
[2026-03-06T23:04:02.061Z] OPTIONS /api/entries/369?periodo=2026
[2026-03-06T23:04:02.061Z] OPTIONS /api/entries/371?periodo=2026
[2026-03-06T23:04:02.061Z] OPTIONS /api/entries/368?periodo=2026
[2026-03-06T23:04:02.061Z] OPTIONS /api/entries/370?periodo=2026
[2026-03-06T23:04:02.061Z] OPTIONS /api/entries/367?periodo=2026
[2026-03-06T23:04:02.061Z] OPTIONS /api/entries/373?periodo=2026
[2026-03-06T23:04:02.061Z] OPTIONS /api/entries/372?periodo=2026
[2026-03-06T23:04:02.061Z] OPTIONS /api/entries/375?periodo=2026
[2026-03-06T23:04:02.061Z] OPTIONS /api/entries/376?periodo=2026
[2026-03-06T23:04:02.061Z] OPTIONS /api/entries/377?periodo=2026
[2026-03-06T23:04:02.061Z] OPTIONS /api/entries/374?periodo=2026
[2026-03-06T23:04:02.061Z] OPTIONS /api/entries/378?periodo=2026
[2026-03-06T23:04:02.061Z] OPTIONS /api/entries/381?periodo=2026
[2026-03-06T23:04:02.061Z] OPTIONS /api/entries/382?periodo=2026
[2026-03-06T23:04:02.061Z] OPTIONS /api/entries/384?periodo=2026
[2026-03-06T23:04:02.061Z] OPTIONS /api/entries/379?periodo=2026
[2026-03-06T23:04:02.061Z] OPTIONS /api/entries/380?periodo=2026
[2026-03-06T23:04:02.062Z] OPTIONS /api/entries/383?periodo=2026
[2026-03-06T23:04:02.062Z] OPTIONS /api/entries/388?periodo=2026
[2026-03-06T23:04:02.062Z] OPTIONS /api/entries/389?periodo=2026
[2026-03-06T23:04:02.062Z] OPTIONS /api/entries/386?periodo=2026
[2026-03-06T23:04:02.062Z] OPTIONS /api/entries/385?periodo=2026
[2026-03-06T23:04:02.063Z] OPTIONS /api/entries/390?periodo=2026
[2026-03-06T23:04:02.063Z] OPTIONS /api/entries/391?periodo=2026
[2026-03-06T23:04:02.063Z] OPTIONS /api/entries/392?periodo=2026
[2026-03-06T23:04:02.063Z] OPTIONS /api/entries/393?periodo=2026
[2026-03-06T23:04:02.063Z] OPTIONS /api/entries/387?periodo=2026
[2026-03-06T23:04:02.063Z] OPTIONS /api/entries/395?periodo=2026
[2026-03-06T23:04:02.064Z] OPTIONS /api/entries/396?periodo=2026
[2026-03-06T23:04:02.064Z] OPTIONS /api/entries/397?periodo=2026
[2026-03-06T23:04:02.064Z] OPTIONS /api/entries/398?periodo=2026
[2026-03-06T23:04:02.065Z] OPTIONS /api/entries/394?periodo=2026
[2026-03-06T23:04:02.065Z] OPTIONS /api/entries/401?periodo=2026
[2026-03-06T23:04:02.065Z] OPTIONS /api/entries/399?periodo=2026
[2026-03-06T23:04:02.065Z] OPTIONS /api/entries/402?periodo=2026
[2026-03-06T23:04:02.065Z] OPTIONS /api/entries/400?periodo=2026
[2026-03-06T23:04:02.065Z] OPTIONS /api/entries/403?periodo=2026
[2026-03-06T23:04:02.065Z] OPTIONS /api/entries/404?periodo=2026
[2026-03-06T23:04:02.065Z] OPTIONS /api/entries/405?periodo=2026
[2026-03-06T23:04:02.066Z] OPTIONS /api/entries/407?periodo=2026
[2026-03-06T23:04:02.066Z] OPTIONS /api/entries/408?periodo=2026
[2026-03-06T23:04:02.066Z] OPTIONS /api/entries/411?periodo=2026
[2026-03-06T23:04:02.066Z] OPTIONS /api/entries/409?periodo=2026
[2026-03-06T23:04:02.066Z] OPTIONS /api/entries/406?periodo=2026
[2026-03-06T23:04:02.066Z] OPTIONS /api/entries/410?periodo=2026
[2026-03-06T23:04:02.066Z] OPTIONS /api/entries/412?periodo=2026
[2026-03-06T23:04:02.066Z] OPTIONS /api/entries/413?periodo=2026
[2026-03-06T23:04:02.066Z] OPTIONS /api/entries/414?periodo=2026
[2026-03-06T23:04:02.066Z] OPTIONS /api/entries/416?periodo=2026
[2026-03-06T23:04:02.066Z] OPTIONS /api/entries/417?periodo=2026
[2026-03-06T23:04:02.066Z] OPTIONS /api/entries/415?periodo=2026
[2026-03-06T23:04:02.066Z] GET /api/entries/211?periodo=2026
[2026-03-06T23:04:02.067Z] GET /api/entries/212?periodo=2026
[2026-03-06T23:04:02.067Z] GET /api/entries/222?periodo=2026
[2026-03-06T23:04:02.068Z] GET /api/entries/213?periodo=2026
[2026-03-06T23:04:02.068Z] GET /api/entries/216?periodo=2026
[2026-03-06T23:04:02.068Z] GET /api/entries/215?periodo=2026
[2026-03-06T23:04:02.069Z] GET /api/entries/214?periodo=2026
[2026-03-06T23:04:02.069Z] GET /api/entries/217?periodo=2026
[2026-03-06T23:04:02.070Z] GET /api/entries/221?periodo=2026
[2026-03-06T23:04:02.070Z] GET /api/entries/219?periodo=2026
[2026-03-06T23:04:02.070Z] GET /api/entries/220?periodo=2026
[2026-03-06T23:04:02.071Z] GET /api/entries/228?periodo=2026
[2026-03-06T23:04:02.072Z] GET /api/entries/218?periodo=2026
[2026-03-06T23:04:02.072Z] GET /api/entries/226?periodo=2026
[2026-03-06T23:04:02.073Z] GET /api/entries/225?periodo=2026
[2026-03-06T23:04:02.073Z] GET /api/entries/229?periodo=2026
[2026-03-06T23:04:02.073Z] GET /api/entries/223?periodo=2026
[2026-03-06T23:04:02.074Z] GET /api/entries/224?periodo=2026
[2026-03-06T23:04:02.075Z] GET /api/entries/230?periodo=2026
[2026-03-06T23:04:02.075Z] GET /api/entries/233?periodo=2026
[2026-03-06T23:04:02.076Z] GET /api/entries/234?periodo=2026
[2026-03-06T23:04:02.076Z] GET /api/entries/237?periodo=2026
[2026-03-06T23:04:02.077Z] GET /api/entries/235?periodo=2026
[2026-03-06T23:04:02.077Z] GET /api/entries/236?periodo=2026
[2026-03-06T23:04:02.079Z] GET /api/entries/238?periodo=2026
[2026-03-06T23:04:02.079Z] GET /api/entries/239?periodo=2026
[2026-03-06T23:04:02.079Z] GET /api/entries/240?periodo=2026
[2026-03-06T23:04:02.080Z] GET /api/entries/242?periodo=2026
[2026-03-06T23:04:02.081Z] GET /api/entries/243?periodo=2026
[2026-03-06T23:04:02.081Z] GET /api/entries/244?periodo=2026
[2026-03-06T23:04:02.081Z] GET /api/entries/248?periodo=2026
[2026-03-06T23:04:02.082Z] GET /api/entries/246?periodo=2026
[2026-03-06T23:04:02.082Z] GET /api/entries/245?periodo=2026
[2026-03-06T23:04:02.083Z] GET /api/entries/249?periodo=2026
[2026-03-06T23:04:02.083Z] GET /api/entries/252?periodo=2026
[2026-03-06T23:04:02.084Z] GET /api/entries/250?periodo=2026
[2026-03-06T23:04:02.084Z] GET /api/entries/247?periodo=2026
[2026-03-06T23:04:02.084Z] GET /api/entries/255?periodo=2026
[2026-03-06T23:04:02.085Z] GET /api/entries/251?periodo=2026
[2026-03-06T23:04:02.086Z] GET /api/entries/254?periodo=2026
[2026-03-06T23:04:02.086Z] GET /api/entries/253?periodo=2026
[2026-03-06T23:04:02.086Z] GET /api/entries/259?periodo=2026
[2026-03-06T23:04:02.087Z] GET /api/entries/257?periodo=2026
[2026-03-06T23:04:02.087Z] GET /api/entries/258?periodo=2026
[2026-03-06T23:04:02.087Z] GET /api/entries/263?periodo=2026
[2026-03-06T23:04:02.088Z] GET /api/entries/261?periodo=2026
[2026-03-06T23:04:02.089Z] GET /api/entries/260?periodo=2026
[2026-03-06T23:04:02.089Z] GET /api/entries/262?periodo=2026
[2026-03-06T23:04:02.089Z] GET /api/entries/264?periodo=2026
[2026-03-06T23:04:02.090Z] GET /api/entries/265?periodo=2026
[2026-03-06T23:04:02.090Z] GET /api/entries/266?periodo=2026
[2026-03-06T23:04:02.090Z] GET /api/entries/267?periodo=2026
[2026-03-06T23:04:02.091Z] GET /api/entries/269?periodo=2026
[2026-03-06T23:04:02.091Z] GET /api/entries/270?periodo=2026
[2026-03-06T23:04:02.092Z] GET /api/entries/268?periodo=2026
[2026-03-06T23:04:02.092Z] GET /api/entries/272?periodo=2026
[2026-03-06T23:04:02.092Z] GET /api/entries/271?periodo=2026
[2026-03-06T23:04:02.093Z] GET /api/entries/275?periodo=2026
[2026-03-06T23:04:02.093Z] GET /api/entries/273?periodo=2026
[2026-03-06T23:04:02.093Z] GET /api/entries/274?periodo=2026
[2026-03-06T23:04:02.094Z] GET /api/entries/277?periodo=2026
[2026-03-06T23:04:02.094Z] GET /api/entries/276?periodo=2026
[2026-03-06T23:04:02.094Z] GET /api/entries/279?periodo=2026
[2026-03-06T23:04:02.095Z] GET /api/entries/278?periodo=2026
[2026-03-06T23:04:02.095Z] GET /api/entries/281?periodo=2026
[2026-03-06T23:04:02.096Z] GET /api/entries/283?periodo=2026
[2026-03-06T23:04:02.097Z] GET /api/entries/280?periodo=2026
[2026-03-06T23:04:02.098Z] GET /api/entries/284?periodo=2026
[2026-03-06T23:04:02.098Z] GET /api/entries/289?periodo=2026
[2026-03-06T23:04:02.098Z] GET /api/entries/282?periodo=2026
[2026-03-06T23:04:02.099Z] GET /api/entries/285?periodo=2026
[2026-03-06T23:04:02.099Z] GET /api/entries/286?periodo=2026
[2026-03-06T23:04:02.099Z] GET /api/entries/288?periodo=2026
[2026-03-06T23:04:02.100Z] GET /api/entries/291?periodo=2026
[2026-03-06T23:04:02.100Z] GET /api/entries/290?periodo=2026
[2026-03-06T23:04:02.100Z] GET /api/entries/294?periodo=2026
[2026-03-06T23:04:02.101Z] GET /api/entries/292?periodo=2026
[2026-03-06T23:04:02.101Z] GET /api/entries/293?periodo=2026
[2026-03-06T23:04:02.102Z] GET /api/entries/295?periodo=2026
[2026-03-06T23:04:02.102Z] GET /api/entries/296?periodo=2026
[2026-03-06T23:04:02.102Z] GET /api/entries/298?periodo=2026
[2026-03-06T23:04:02.102Z] GET /api/entries/297?periodo=2026
[2026-03-06T23:04:02.103Z] GET /api/entries/300?periodo=2026
[2026-03-06T23:04:02.103Z] GET /api/entries/299?periodo=2026
[2026-03-06T23:04:02.104Z] GET /api/entries/301?periodo=2026
[2026-03-06T23:04:02.104Z] GET /api/entries/302?periodo=2026
[2026-03-06T23:04:02.104Z] GET /api/entries/305?periodo=2026
[2026-03-06T23:04:02.105Z] GET /api/entries/303?periodo=2026
[2026-03-06T23:04:02.105Z] GET /api/entries/304?periodo=2026
[2026-03-06T23:04:02.105Z] GET /api/entries/306?periodo=2026
[2026-03-06T23:04:02.108Z] GET /api/entries/307?periodo=2026
[2026-03-06T23:04:02.108Z] GET /api/entries/308?periodo=2026
[2026-03-06T23:04:02.108Z] GET /api/entries/309?periodo=2026
[2026-03-06T23:04:02.109Z] GET /api/entries/311?periodo=2026
[2026-03-06T23:04:02.109Z] GET /api/entries/314?periodo=2026
[2026-03-06T23:04:02.110Z] GET /api/entries/312?periodo=2026
[2026-03-06T23:04:02.110Z] GET /api/entries/313?periodo=2026
[2026-03-06T23:04:02.110Z] GET /api/entries/316?periodo=2026
[2026-03-06T23:04:02.111Z] GET /api/entries/315?periodo=2026
[2026-03-06T23:04:02.111Z] GET /api/entries/317?periodo=2026
[2026-03-06T23:04:02.112Z] GET /api/entries/318?periodo=2026
[2026-03-06T23:04:02.112Z] GET /api/entries/325?periodo=2026
[2026-03-06T23:04:02.113Z] GET /api/entries/326?periodo=2026
[2026-03-06T23:04:02.113Z] GET /api/entries/327?periodo=2026
[2026-03-06T23:04:02.114Z] GET /api/entries/329?periodo=2026
[2026-03-06T23:04:02.114Z] GET /api/entries/322?periodo=2026
[2026-03-06T23:04:02.115Z] GET /api/entries/328?periodo=2026
[2026-03-06T23:04:02.115Z] GET /api/entries/324?periodo=2026
[2026-03-06T23:04:02.115Z] GET /api/entries/333?periodo=2026
[2026-03-06T23:04:02.116Z] GET /api/entries/330?periodo=2026
[2026-03-06T23:04:02.116Z] GET /api/entries/331?periodo=2026
[2026-03-06T23:04:02.116Z] GET /api/entries/332?periodo=2026
[2026-03-06T23:04:02.117Z] GET /api/entries/334?periodo=2026
[2026-03-06T23:04:02.117Z] GET /api/entries/335?periodo=2026
[2026-03-06T23:04:02.118Z] GET /api/entries/336?periodo=2026
[2026-03-06T23:04:02.118Z] GET /api/entries/337?periodo=2026
[2026-03-06T23:04:02.118Z] GET /api/entries/341?periodo=2026
[2026-03-06T23:04:02.119Z] GET /api/entries/343?periodo=2026
[2026-03-06T23:04:02.119Z] GET /api/entries/342?periodo=2026
[2026-03-06T23:04:02.119Z] GET /api/entries/344?periodo=2026
[2026-03-06T23:04:02.120Z] GET /api/entries/347?periodo=2026
[2026-03-06T23:04:02.120Z] GET /api/entries/348?periodo=2026
[2026-03-06T23:04:02.120Z] GET /api/entries/350?periodo=2026
[2026-03-06T23:04:02.121Z] GET /api/entries/349?periodo=2026
[2026-03-06T23:04:02.121Z] GET /api/entries/351?periodo=2026
[2026-03-06T23:04:02.121Z] GET /api/entries/352?periodo=2026
[2026-03-06T23:04:02.122Z] GET /api/entries/353?periodo=2026
[2026-03-06T23:04:02.123Z] GET /api/entries/354?periodo=2026
[2026-03-06T23:04:02.124Z] GET /api/entries/356?periodo=2026
[2026-03-06T23:04:02.124Z] GET /api/entries/355?periodo=2026
[2026-03-06T23:04:02.125Z] GET /api/entries/358?periodo=2026
[2026-03-06T23:04:02.125Z] GET /api/entries/357?periodo=2026
[2026-03-06T23:04:02.126Z] GET /api/entries/360?periodo=2026
[2026-03-06T23:04:02.126Z] GET /api/entries/359?periodo=2026
[2026-03-06T23:04:02.126Z] GET /api/entries/361?periodo=2026
[2026-03-06T23:04:02.127Z] GET /api/entries/364?periodo=2026
[2026-03-06T23:04:02.127Z] GET /api/entries/366?periodo=2026
[2026-03-06T23:04:02.128Z] GET /api/entries/362?periodo=2026
[2026-03-06T23:04:02.128Z] GET /api/entries/365?periodo=2026
[2026-03-06T23:04:02.129Z] GET /api/entries/363?periodo=2026
[2026-03-06T23:04:02.129Z] GET /api/entries/369?periodo=2026
[2026-03-06T23:04:02.130Z] GET /api/entries/371?periodo=2026
[2026-03-06T23:04:02.131Z] GET /api/entries/368?periodo=2026
[2026-03-06T23:04:02.132Z] GET /api/entries/370?periodo=2026
[2026-03-06T23:04:02.132Z] GET /api/entries/367?periodo=2026
[2026-03-06T23:04:02.132Z] GET /api/entries/373?periodo=2026
[2026-03-06T23:04:02.133Z] GET /api/entries/372?periodo=2026
[2026-03-06T23:04:02.133Z] GET /api/entries/375?periodo=2026
[2026-03-06T23:04:02.134Z] GET /api/entries/376?periodo=2026
[2026-03-06T23:04:02.134Z] GET /api/entries/377?periodo=2026
[2026-03-06T23:04:02.134Z] GET /api/entries/374?periodo=2026
[2026-03-06T23:04:02.135Z] GET /api/entries/378?periodo=2026
[2026-03-06T23:04:02.135Z] GET /api/entries/381?periodo=2026
[2026-03-06T23:04:02.136Z] GET /api/entries/382?periodo=2026
[2026-03-06T23:04:02.136Z] GET /api/entries/384?periodo=2026
[2026-03-06T23:04:02.137Z] GET /api/entries/379?periodo=2026
[2026-03-06T23:04:02.137Z] GET /api/entries/380?periodo=2026
[2026-03-06T23:04:02.138Z] GET /api/entries/383?periodo=2026
[2026-03-06T23:04:02.138Z] GET /api/entries/388?periodo=2026
[2026-03-06T23:04:02.138Z] GET /api/entries/389?periodo=2026
[2026-03-06T23:04:02.139Z] GET /api/entries/386?periodo=2026
[2026-03-06T23:04:02.140Z] GET /api/entries/385?periodo=2026
[2026-03-06T23:04:02.140Z] GET /api/entries/390?periodo=2026
[2026-03-06T23:04:02.141Z] GET /api/entries/391?periodo=2026
[2026-03-06T23:04:02.141Z] GET /api/entries/392?periodo=2026
[2026-03-06T23:04:02.142Z] GET /api/entries/393?periodo=2026
[2026-03-06T23:04:02.142Z] GET /api/entries/387?periodo=2026
[2026-03-06T23:04:02.143Z] GET /api/entries/395?periodo=2026
[2026-03-06T23:04:02.143Z] GET /api/entries/396?periodo=2026
[2026-03-06T23:04:02.144Z] GET /api/entries/397?periodo=2026
[2026-03-06T23:04:02.144Z] GET /api/entries/394?periodo=2026
[2026-03-06T23:04:02.144Z] GET /api/entries/398?periodo=2026
[2026-03-06T23:04:02.145Z] GET /api/entries/400?periodo=2026
[2026-03-06T23:04:02.145Z] GET /api/entries/401?periodo=2026
[2026-03-06T23:04:02.146Z] GET /api/entries/402?periodo=2026
[2026-03-06T23:04:02.146Z] GET /api/entries/399?periodo=2026
[2026-03-06T23:04:02.147Z] GET /api/entries/403?periodo=2026
[2026-03-06T23:04:02.147Z] GET /api/entries/404?periodo=2026
[2026-03-06T23:04:02.147Z] GET /api/entries/405?periodo=2026
[2026-03-06T23:04:02.147Z] GET /api/entries/407?periodo=2026
[2026-03-06T23:04:02.148Z] GET /api/entries/408?periodo=2026
[2026-03-06T23:04:02.149Z] GET /api/entries/411?periodo=2026
[2026-03-06T23:04:02.149Z] GET /api/entries/410?periodo=2026
[2026-03-06T23:04:02.149Z] GET /api/entries/412?periodo=2026
[2026-03-06T23:04:02.150Z] GET /api/entries/409?periodo=2026
[2026-03-06T23:04:02.150Z] GET /api/entries/406?periodo=2026
[2026-03-06T23:04:02.151Z] GET /api/entries/416?periodo=2026
[2026-03-06T23:04:02.151Z] GET /api/entries/413?periodo=2026
[2026-03-06T23:04:02.152Z] GET /api/entries/414?periodo=2026
[2026-03-06T23:04:02.152Z] GET /api/entries/417?periodo=2026
[2026-03-06T23:04:02.152Z] GET /api/entries/415?periodo=2026
[2026-03-06T23:04:44.195Z] OPTIONS /api/auth/login
[2026-03-06T23:04:44.198Z] POST /api/auth/login
Login Successful: saluddemo@seplan.gob.mx | Roles: Capturista | Mission: 3
[2026-03-06T23:04:44.312Z] OPTIONS /api/tracking/observations/count?periodo=2026
[2026-03-06T23:04:44.312Z] OPTIONS /api/dashboard/stats?periodo=2026
[2026-03-06T23:04:44.313Z] GET /api/tracking/observations/count?periodo=2026
[2026-03-06T23:04:44.315Z] OPTIONS /api/activities?periodo=2026
[2026-03-06T23:04:44.315Z] GET /api/tracking/observations/count?periodo=2026
[2026-03-06T23:04:44.316Z] GET /api/dashboard/stats?periodo=2026
[2026-03-06T23:04:44.316Z] GET /api/activities?periodo=2026
[2026-03-06T23:04:44.320Z] GET /api/activities?periodo=2026
[2026-03-06T23:04:44.321Z] GET /api/dashboard/stats?periodo=2026
[2026-03-06T23:04:45.752Z] OPTIONS /api/catalogs/narrative-titles?periodo=2026
[2026-03-06T23:04:45.753Z] OPTIONS /api/catalogs/ods?periodo=2026
[2026-03-06T23:04:45.753Z] GET /api/catalogs/narrative-titles?periodo=2026
[2026-03-06T23:04:45.754Z] GET /api/catalogs/ods?periodo=2026
[2026-03-06T23:04:45.754Z] OPTIONS /api/catalogs/ped/missions?periodo=2026
[2026-03-06T23:04:45.755Z] OPTIONS /api/catalogs/ped/objectives
[2026-03-06T23:04:45.755Z] OPTIONS /api/catalogs/ped/strategies
[2026-03-06T23:04:45.755Z] OPTIONS /api/catalogs/ped/action-lines
[2026-03-06T23:04:45.755Z] OPTIONS /api/catalogs/ppas-types
[2026-03-06T23:04:45.755Z] OPTIONS /api/catalogs/budget-programs?periodo=2026
[2026-03-06T23:04:45.755Z] GET /api/catalogs/ped/missions?periodo=2026
[2026-03-06T23:04:45.756Z] GET /api/catalogs/ped/objectives
[2026-03-06T23:04:45.757Z] GET /api/catalogs/ped/strategies
[2026-03-06T23:04:45.757Z] GET /api/catalogs/ped/action-lines
[2026-03-06T23:04:45.757Z] GET /api/catalogs/ppas-types
[2026-03-06T23:04:45.761Z] GET /api/catalogs/budget-programs?periodo=2026
[2026-03-06T23:04:45.761Z] GET /api/catalogs/narrative-titles?periodo=2026
[2026-03-06T23:04:45.762Z] GET /api/catalogs/ped/missions?periodo=2026
[2026-03-06T23:04:45.768Z] GET /api/catalogs/ppas-types
[2026-03-06T23:04:45.771Z] GET /api/catalogs/ods?periodo=2026
[2026-03-06T23:04:45.773Z] GET /api/catalogs/ped/strategies
[2026-03-06T23:04:45.773Z] GET /api/catalogs/ped/objectives
[2026-03-06T23:04:45.774Z] GET /api/catalogs/ped/action-lines
[2026-03-06T23:04:45.775Z] GET /api/catalogs/budget-programs?periodo=2026
[2026-03-06T23:04:45.776Z] OPTIONS /api/catalogs/default-classification
[2026-03-06T23:04:45.776Z] GET /api/catalogs/default-classification
[default-classification] JWT user.id=156 type=string
[default-classification] depRaw=[{"name":"Secretaría de Salud"}]
Default classification for "Secretaría de Salud": titulo="SISTEMA DE SALUD PARA EL BIENESTAR"(14), tema="PROMOCIÓN, PREVENCIÓN Y ATENCIÓN TEMPRANA"(26), subtema="Cuidado de la salud mental y prevención de las adicciones"(14) | allowed: 1 titulos
[2026-03-06T23:04:45.801Z] GET /api/catalogs/default-classification
[default-classification] JWT user.id=156 type=string
[2026-03-06T23:04:45.802Z] OPTIONS /api/catalogs/narrative-themes?periodo=2026&title_id=14
[default-classification] depRaw=[{"name":"Secretaría de Salud"}]
[2026-03-06T23:04:45.804Z] GET /api/catalogs/narrative-themes?periodo=2026&title_id=14
Default classification for "Secretaría de Salud": titulo="SISTEMA DE SALUD PARA EL BIENESTAR"(14), tema="PROMOCIÓN, PREVENCIÓN Y ATENCIÓN TEMPRANA"(26), subtema="Cuidado de la salud mental y prevención de las adicciones"(14) | allowed: 1 titulos
[2026-03-06T23:04:45.807Z] OPTIONS /api/catalogs/narrative-subthemes?periodo=2026&theme_id=26
[2026-03-06T23:04:45.807Z] GET /api/catalogs/narrative-subthemes?periodo=2026&theme_id=26
[2026-03-06T23:04:45.808Z] GET /api/catalogs/narrative-themes?periodo=2026&title_id=14
[2026-03-06T23:04:45.826Z] GET /api/catalogs/narrative-subthemes?periodo=2026&theme_id=26
[2026-03-06T23:04:46.501Z] OPTIONS /api/narratives/my-captures?periodo=2026
[2026-03-06T23:04:46.502Z] GET /api/narratives/my-captures?periodo=2026
[2026-03-06T23:04:46.506Z] GET /api/narratives/my-captures?periodo=2026
[2026-03-06T23:05:29.892Z] POST /api/auth/login
Login Successful: astekfk11@gmail.com | Roles: Capturista dependencia | Mission: 1
[2026-03-06T23:05:29.903Z] GET /api/catalogs/ped/titles
[2026-03-06T23:05:29.905Z] GET /api/catalogs/ped/themes
[2026-03-06T23:05:29.906Z] POST /api/narratives
Error guardando narrativa: PrismaClientValidationError: 
Invalid `prisma.narrativeCapture.create()` invocation:

{
  data: {
    ppa_name: "Narrativa E2E Prueba Automatizada",
    new_ppa_name: null,
    ppas_type_id: 1n,
    investment_amount: "2500000",
    beneficiaries: 1500,
    narrative_breakdown: "<p>Registro automatizado para verificar flujo completo E2E. Todos los sistemas funcionan correctamente.</p>",
    highlighted: true,
                 ~~~~
    narrative_period_id: 5,
    status: "draft",
    dependency_id: "8",
    narrative_title_id: 1,
    narrative_theme_id: 1,
    narrative_sub_theme_id: 1,
    narrative_beneficiary_type_id: 1,
    budget_program_id: null,
    custom_budget_program: "Programa Especial E2E de Prueba",
    sequence_number: "NARR-329907"
  }
}

Argument `highlighted`: Invalid value provided. Expected String or Null, provided Boolean.
    at In (/Users/carlosf.caceres/Documents/PROYECTO SEPLAN/INFORME/capturainforme/backend/node_modules/@prisma/client/runtime/library.js:114:7526)
    at Ln.handleRequestError (/Users/carlosf.caceres/Documents/PROYECTO SEPLAN/INFORME/capturainforme/backend/node_modules/@prisma/client/runtime/library.js:121:7396)
    at Ln.handleAndLogRequestError (/Users/carlosf.caceres/Documents/PROYECTO SEPLAN/INFORME/capturainforme/backend/node_modules/@prisma/client/runtime/library.js:121:7061)
    at Ln.request (/Users/carlosf.caceres/Documents/PROYECTO SEPLAN/INFORME/capturainforme/backend/node_modules/@prisma/client/runtime/library.js:121:6745)
    at async l (/Users/carlosf.caceres/Documents/PROYECTO SEPLAN/INFORME/capturainforme/backend/node_modules/@prisma/client/runtime/library.js:130:9633)
    at async file:///Users/carlosf.caceres/Documents/PROYECTO%20SEPLAN/INFORME/capturainforme/backend/src/index.ts:2406:27 {
  clientVersion: '5.19.0'
}
[2026-03-06T23:06:48.347Z] POST /api/auth/login
Login Successful: astekfk11@gmail.com | Roles: Capturista dependencia | Mission: 1
[2026-03-06T23:06:48.359Z] GET /api/catalogs/narrative-titles
[2026-03-06T23:06:48.361Z] GET /api/catalogs/narrative-themes
[2026-03-06T23:06:48.369Z] POST /api/narratives
[2026-03-06T23:06:48.400Z] GET /api/dashboard/stats?periodo=2026
Bot error: EFATAL: Error: read ETIMEDOUT
Bot error: EFATAL: Error: getaddrinfo ENOTFOUND api.telegram.org
Bot error: EFATAL: Error: getaddrinfo ENOTFOUND api.telegram.org
Bot error: EFATAL: Error: getaddrinfo ENOTFOUND api.telegram.org
Bot error: EFATAL: Error: getaddrinfo ENOTFOUND api.telegram.org
Bot error: EFATAL: Error: getaddrinfo ENOTFOUND api.telegram.org
Bot error: EFATAL: Error: getaddrinfo ENOTFOUND api.telegram.org
Bot error: EFATAL: Error: getaddrinfo ENOTFOUND api.telegram.org
Bot error: EFATAL: Error: getaddrinfo ENOTFOUND api.telegram.org
Bot error: EFATAL: Error: getaddrinfo ENOTFOUND api.telegram.org
Bot error: EFATAL: Error: getaddrinfo ENOTFOUND api.telegram.org
Bot error: EFATAL: Error: getaddrinfo ENOTFOUND api.telegram.org
Bot error: EFATAL: Error: getaddrinfo ENOTFOUND api.telegram.org
Bot error: EFATAL: Error: getaddrinfo ENOTFOUND api.telegram.org
Bot error: EFATAL: Error: getaddrinfo ENOTFOUND api.telegram.org
Bot error: EFATAL: Error: getaddrinfo ENOTFOUND api.telegram.org
Bot error: EFATAL: Error: getaddrinfo ENOTFOUND api.telegram.org
Bot error: EFATAL: Error: getaddrinfo ENOTFOUND api.telegram.org
Bot error: EFATAL: Error: getaddrinfo ENOTFOUND api.telegram.org
Bot error: EFATAL: Error: getaddrinfo ENOTFOUND api.telegram.org
Bot error: EFATAL: Error: getaddrinfo ENOTFOUND api.telegram.org
Bot error: EFATAL: Error: getaddrinfo ENOTFOUND api.telegram.org
Bot error: EFATAL: Error: getaddrinfo ENOTFOUND api.telegram.org
Bot error: EFATAL: Error: getaddrinfo ENOTFOUND api.telegram.org
Bot error: EFATAL: Error: getaddrinfo ENOTFOUND api.telegram.org
Bot error: EFATAL: Error: getaddrinfo ENOTFOUND api.telegram.org
Bot error: EFATAL: Error: getaddrinfo ENOTFOUND api.telegram.org
Bot error: EFATAL: Error: getaddrinfo ENOTFOUND api.telegram.org
Bot error: EFATAL: Error: getaddrinfo ENOTFOUND api.telegram.org
Bot error: EFATAL: Error: getaddrinfo ENOTFOUND api.telegram.org
Bot error: EFATAL: Error: getaddrinfo ENOTFOUND api.telegram.org
Bot error: EFATAL: Error: getaddrinfo ENOTFOUND api.telegram.org
Bot error: EFATAL: Error: getaddrinfo ENOTFOUND api.telegram.org
Bot error: EFATAL: Error: getaddrinfo ENOTFOUND api.telegram.org
Bot error: EFATAL: Error: getaddrinfo ENOTFOUND api.telegram.org
Bot error: EFATAL: Error: getaddrinfo ENOTFOUND api.telegram.org
Bot error: EFATAL: Error: getaddrinfo ENOTFOUND api.telegram.org
Bot error: EFATAL: Error: getaddrinfo ENOTFOUND api.telegram.org
Bot error: EFATAL: Error: getaddrinfo ENOTFOUND api.telegram.org
Bot error: EFATAL: Error: getaddrinfo ENOTFOUND api.telegram.org
Bot error: EFATAL: Error: read ETIMEDOUT
Bot error: EFATAL: Error: getaddrinfo ENOTFOUND api.telegram.org
Bot error: EFATAL: Error: getaddrinfo ENOTFOUND api.telegram.org
Bot error: EFATAL: Error: getaddrinfo ENOTFOUND api.telegram.org
Bot error: EFATAL: Error: getaddrinfo ENOTFOUND api.telegram.org
Bot error: EFATAL: Error: getaddrinfo ENOTFOUND api.telegram.org
Bot error: EFATAL: Error: getaddrinfo ENOTFOUND api.telegram.org
Bot error: EFATAL: Error: getaddrinfo ENOTFOUND api.telegram.org
Bot error: EFATAL: Error: getaddrinfo ENOTFOUND api.telegram.org
Bot error: EFATAL: Error: getaddrinfo ENOTFOUND api.telegram.org
Bot error: EFATAL: Error: getaddrinfo ENOTFOUND api.telegram.org
Bot error: EFATAL: Error: getaddrinfo ENOTFOUND api.telegram.org
Bot error: EFATAL: Error: getaddrinfo ENOTFOUND api.telegram.org
Bot error: EFATAL: Error: getaddrinfo ENOTFOUND api.telegram.org
Bot error: EFATAL: Error: getaddrinfo ENOTFOUND api.telegram.org
Bot error: EFATAL: Error: getaddrinfo ENOTFOUND api.telegram.org
Bot error: EFATAL: Error: getaddrinfo ENOTFOUND api.telegram.org
Bot error: EFATAL: Error: getaddrinfo ENOTFOUND api.telegram.org
Bot error: EFATAL: Error: getaddrinfo ENOTFOUND api.telegram.org
Bot error: EFATAL: Error: getaddrinfo ENOTFOUND api.telegram.org
Bot error: EFATAL: Error: getaddrinfo ENOTFOUND api.telegram.org
Bot error: EFATAL: Error: getaddrinfo ENOTFOUND api.telegram.org
Bot error: EFATAL: Error: getaddrinfo ENOTFOUND api.telegram.org
Bot error: EFATAL: Error: getaddrinfo ENOTFOUND api.telegram.org
Bot error: EFATAL: Error: getaddrinfo ENOTFOUND api.telegram.org
Bot error: EFATAL: Error: getaddrinfo ENOTFOUND api.telegram.org
Bot error: EFATAL: Error: getaddrinfo ENOTFOUND api.telegram.org
Bot error: EFATAL: Error: getaddrinfo ENOTFOUND api.telegram.org
Bot error: EFATAL: Error: getaddrinfo ENOTFOUND api.telegram.org
Bot error: EFATAL: Error: getaddrinfo ENOTFOUND api.telegram.org
Bot error: EFATAL: Error: getaddrinfo ENOTFOUND api.telegram.org
Bot error: EFATAL: Error: getaddrinfo ENOTFOUND api.telegram.org
Bot error: EFATAL: Error: getaddrinfo ENOTFOUND api.telegram.org
Bot error: EFATAL: Error: getaddrinfo ENOTFOUND api.telegram.org
Bot error: EFATAL: Error: getaddrinfo ENOTFOUND api.telegram.org
Bot error: EFATAL: Error: getaddrinfo ENOTFOUND api.telegram.org
Bot error: EFATAL: Error: getaddrinfo ENOTFOUND api.telegram.org
Bot error: EFATAL: Error: getaddrinfo ENOTFOUND api.telegram.org
Bot error: EFATAL: Error: getaddrinfo ENOTFOUND api.telegram.org
Bot error: EFATAL: Error: getaddrinfo ENOTFOUND api.telegram.org
Bot error: EFATAL: Error: getaddrinfo ENOTFOUND api.telegram.org
Bot error: EFATAL: Error: getaddrinfo ENOTFOUND api.telegram.org
Bot error: EFATAL: Error: getaddrinfo ENOTFOUND api.telegram.org
Bot error: EFATAL: Error: getaddrinfo ENOTFOUND api.telegram.org
Bot error: EFATAL: Error: getaddrinfo ENOTFOUND api.telegram.org
Bot error: EFATAL: Error: getaddrinfo ENOTFOUND api.telegram.org
Bot error: EFATAL: Error: getaddrinfo ENOTFOUND api.telegram.org
Bot error: EFATAL: Error: getaddrinfo ENOTFOUND api.telegram.org
Bot error: EFATAL: Error: getaddrinfo ENOTFOUND api.telegram.org
Bot error: EFATAL: Error: getaddrinfo ENOTFOUND api.telegram.org
Bot error: EFATAL: Error: getaddrinfo ENOTFOUND api.telegram.org
Bot error: EFATAL: Error: getaddrinfo ENOTFOUND api.telegram.org
Bot error: EFATAL: Error: getaddrinfo ENOTFOUND api.telegram.org
Bot error: EFATAL: Error: getaddrinfo ENOTFOUND api.telegram.org
Bot error: EFATAL: Error: getaddrinfo ENOTFOUND api.telegram.org
Bot error: EFATAL: Error: getaddrinfo ENOTFOUND api.telegram.org
Bot error: EFATAL: Error: getaddrinfo ENOTFOUND api.telegram.org
Bot error: EFATAL: Error: getaddrinfo ENOTFOUND api.telegram.org
Bot error: EFATAL: Error: getaddrinfo ENOTFOUND api.telegram.org
Bot error: EFATAL: Error: getaddrinfo ENOTFOUND api.telegram.org
Bot error: EFATAL: Error: getaddrinfo ENOTFOUND api.telegram.org
Bot error: EFATAL: Error: getaddrinfo ENOTFOUND api.telegram.org
Bot error: EFATAL: Error: getaddrinfo ENOTFOUND api.telegram.org
Bot error: EFATAL: Error: getaddrinfo ENOTFOUND api.telegram.org
Bot error: EFATAL: Error: getaddrinfo ENOTFOUND api.telegram.org
Bot error: EFATAL: Error: getaddrinfo ENOTFOUND api.telegram.org
Bot error: EFATAL: Error: getaddrinfo ENOTFOUND api.telegram.org
Bot error: EFATAL: Error: getaddrinfo ENOTFOUND api.telegram.org
Bot error: EFATAL: Error: getaddrinfo ENOTFOUND api.telegram.org
Bot error: EFATAL: Error: getaddrinfo ENOTFOUND api.telegram.org
Bot error: EFATAL: Error: getaddrinfo ENOTFOUND api.telegram.org
Bot error: EFATAL: Error: getaddrinfo ENOTFOUND api.telegram.org
Bot error: EFATAL: Error: getaddrinfo ENOTFOUND api.telegram.org
Bot error: EFATAL: Error: getaddrinfo ENOTFOUND api.telegram.org
Bot error: EFATAL: Error: getaddrinfo ENOTFOUND api.telegram.org
Bot error: EFATAL: Error: getaddrinfo ENOTFOUND api.telegram.org
Bot error: EFATAL: Error: getaddrinfo ENOTFOUND api.telegram.org
Bot error: EFATAL: Error: getaddrinfo ENOTFOUND api.telegram.org
Bot error: EFATAL: Error: getaddrinfo ENOTFOUND api.telegram.org
Bot error: EFATAL: Error: getaddrinfo ENOTFOUND api.telegram.org
Bot error: EFATAL: Error: getaddrinfo ENOTFOUND api.telegram.org
Bot error: EFATAL: Error: getaddrinfo ENOTFOUND api.telegram.org
Bot error: EFATAL: Error: getaddrinfo ENOTFOUND api.telegram.org
Bot error: EFATAL: Error: getaddrinfo ENOTFOUND api.telegram.org
Bot error: EFATAL: Error: getaddrinfo ENOTFOUND api.telegram.org
Bot error: EFATAL: Error: getaddrinfo ENOTFOUND api.telegram.org
Bot error: EFATAL: Error: getaddrinfo ENOTFOUND api.telegram.org
Bot error: EFATAL: Error: getaddrinfo ENOTFOUND api.telegram.org
Bot error: EFATAL: Error: getaddrinfo ENOTFOUND api.telegram.org
Bot error: EFATAL: Error: getaddrinfo ENOTFOUND api.telegram.org
Bot error: EFATAL: Error: getaddrinfo ENOTFOUND api.telegram.org
Bot error: EFATAL: Error: getaddrinfo ENOTFOUND api.telegram.org
Bot error: EFATAL: Error: getaddrinfo ENOTFOUND api.telegram.org
Bot error: EFATAL: Error: getaddrinfo ENOTFOUND api.telegram.org
Bot error: EFATAL: Error: getaddrinfo ENOTFOUND api.telegram.org
Bot error: EFATAL: Error: getaddrinfo ENOTFOUND api.telegram.org
Bot error: EFATAL: Error: getaddrinfo ENOTFOUND api.telegram.org
Bot error: EFATAL: Error: getaddrinfo ENOTFOUND api.telegram.org
Bot error: EFATAL: Error: getaddrinfo ENOTFOUND api.telegram.org
Bot error: EFATAL: Error: getaddrinfo ENOTFOUND api.telegram.org
Bot error: EFATAL: Error: getaddrinfo ENOTFOUND api.telegram.org
Bot error: EFATAL: Error: getaddrinfo ENOTFOUND api.telegram.org
Bot error: EFATAL: Error: getaddrinfo ENOTFOUND api.telegram.org
Bot error: EFATAL: Error: getaddrinfo ENOTFOUND api.telegram.org
Bot error: EFATAL: Error: getaddrinfo ENOTFOUND api.telegram.org
Bot error: EFATAL: Error: getaddrinfo ENOTFOUND api.telegram.org
Bot error: EFATAL: Error: getaddrinfo ENOTFOUND api.telegram.org
Bot error: EFATAL: Error: getaddrinfo ENOTFOUND api.telegram.org
Bot error: EFATAL: Error: getaddrinfo ENOTFOUND api.telegram.org
Bot error: EFATAL: Error: getaddrinfo ENOTFOUND api.telegram.org
Bot error: EFATAL: Error: getaddrinfo ENOTFOUND api.telegram.org
Bot error: EFATAL: Error: getaddrinfo ENOTFOUND api.telegram.org
Bot error: EFATAL: Error: getaddrinfo ENOTFOUND api.telegram.org
Bot error: EFATAL: Error: getaddrinfo ENOTFOUND api.telegram.org
Bot error: EFATAL: Error: getaddrinfo ENOTFOUND api.telegram.org
Bot error: EFATAL: Error: getaddrinfo ENOTFOUND api.telegram.org
Bot error: EFATAL: Error: getaddrinfo ENOTFOUND api.telegram.org
Bot error: EFATAL: Error: getaddrinfo ENOTFOUND api.telegram.org
Bot error: EFATAL: Error: getaddrinfo ENOTFOUND api.telegram.org
Bot error: EFATAL: Error: getaddrinfo ENOTFOUND api.telegram.org
Bot error: EFATAL: Error: getaddrinfo ENOTFOUND api.telegram.org
Bot error: EFATAL: Error: getaddrinfo ENOTFOUND api.telegram.org
Bot error: EFATAL: Error: getaddrinfo ENOTFOUND api.telegram.org
Bot error: EFATAL: Error: getaddrinfo ENOTFOUND api.telegram.org
Bot error: EFATAL: Error: getaddrinfo ENOTFOUND api.telegram.org
Bot error: EFATAL: Error: getaddrinfo ENOTFOUND api.telegram.org
Bot error: EFATAL: Error: getaddrinfo ENOTFOUND api.telegram.org
Bot error: EFATAL: Error: getaddrinfo ENOTFOUND api.telegram.org
Bot error: EFATAL: Error: getaddrinfo ENOTFOUND api.telegram.org
Bot error: EFATAL: Error: getaddrinfo ENOTFOUND api.telegram.org
Bot error: EFATAL: Error: getaddrinfo ENOTFOUND api.telegram.org
Bot error: EFATAL: Error: read ECONNRESET
Bot error: EFATAL: Error: read ETIMEDOUT
Bot error: EFATAL: Error: getaddrinfo ENOTFOUND api.telegram.org
Bot error: EFATAL: Error: getaddrinfo ENOTFOUND api.telegram.org
Bot error: EFATAL: Error: getaddrinfo ENOTFOUND api.telegram.org
Bot error: EFATAL: Error: getaddrinfo ENOTFOUND api.telegram.org
Bot error: EFATAL: Error: getaddrinfo ENOTFOUND api.telegram.org
Bot error: EFATAL: Error: getaddrinfo ENOTFOUND api.telegram.org
Bot error: EFATAL: Error: getaddrinfo ENOTFOUND api.telegram.org
Bot error: EFATAL: Error: getaddrinfo ENOTFOUND api.telegram.org
Bot error: EFATAL: Error: getaddrinfo ENOTFOUND api.telegram.org
Bot error: EFATAL: Error: getaddrinfo ENOTFOUND api.telegram.org
Bot error: EFATAL: Error: getaddrinfo ENOTFOUND api.telegram.org
Bot error: EFATAL: Error: getaddrinfo ENOTFOUND api.telegram.org
Bot error: EFATAL: Error: getaddrinfo ENOTFOUND api.telegram.org
Bot error: EFATAL: Error: getaddrinfo ENOTFOUND api.telegram.org
Bot error: EFATAL: Error: getaddrinfo ENOTFOUND api.telegram.org
Bot error: EFATAL: Error: getaddrinfo ENOTFOUND api.telegram.org
Bot error: EFATAL: Error: getaddrinfo ENOTFOUND api.telegram.org
Bot error: EFATAL: Error: getaddrinfo ENOTFOUND api.telegram.org
Bot error: EFATAL: Error: getaddrinfo ENOTFOUND api.telegram.org
Bot error: EFATAL: Error: getaddrinfo ENOTFOUND api.telegram.org
Bot error: EFATAL: Error: getaddrinfo ENOTFOUND api.telegram.org
Bot error: EFATAL: Error: getaddrinfo ENOTFOUND api.telegram.org
Bot error: EFATAL: Error: getaddrinfo ENOTFOUND api.telegram.org
Bot error: EFATAL: Error: getaddrinfo ENOTFOUND api.telegram.org
Bot error: EFATAL: Error: getaddrinfo ENOTFOUND api.telegram.org
Bot error: EFATAL: Error: getaddrinfo ENOTFOUND api.telegram.org
Bot error: EFATAL: Error: getaddrinfo ENOTFOUND api.telegram.org
Bot error: EFATAL: Error: getaddrinfo ENOTFOUND api.telegram.org
Bot error: EFATAL: Error: getaddrinfo ENOTFOUND api.telegram.org
Bot error: EFATAL: Error: getaddrinfo ENOTFOUND api.telegram.org
Bot error: EFATAL: Error: getaddrinfo ENOTFOUND api.telegram.org
Bot error: EFATAL: Error: getaddrinfo ENOTFOUND api.telegram.org
Bot error: EFATAL: Error: getaddrinfo ENOTFOUND api.telegram.org
Bot error: EFATAL: Error: read ECONNRESET
Bot error: EFATAL: Error: read ETIMEDOUT
Bot error: EFATAL: Error: getaddrinfo ENOTFOUND api.telegram.org
Bot error: EFATAL: Error: getaddrinfo ENOTFOUND api.telegram.org
Bot error: EFATAL: Error: getaddrinfo ENOTFOUND api.telegram.org
Bot error: EFATAL: Error: getaddrinfo ENOTFOUND api.telegram.org
[2026-03-06T23:27:51.666Z] OPTIONS /api/auth/login
[2026-03-06T23:27:51.673Z] POST /api/auth/login
Login Successful: admin@seplan.gob.mx | Roles: SuperAdministrador | Mission: undefined
[2026-03-06T23:27:51.845Z] OPTIONS /api/dashboard/stats?periodo=2026
[2026-03-06T23:27:51.846Z] GET /api/dashboard/stats?periodo=2026
[2026-03-06T23:27:51.849Z] OPTIONS /api/activities?periodo=2026
[2026-03-06T23:27:51.849Z] GET /api/activities?periodo=2026
[2026-03-06T23:27:51.897Z] GET /api/activities?periodo=2026
[2026-03-06T23:27:51.898Z] GET /api/dashboard/stats?periodo=2026
[2026-03-06T23:27:53.598Z] OPTIONS /api/tracking/all
[2026-03-06T23:27:53.598Z] GET /api/tracking/all
[2026-03-06T23:27:53.637Z] GET /api/tracking/all
[2026-03-06T23:27:55.458Z] OPTIONS /api/narratives/inbox?periodo=2026
[2026-03-06T23:27:55.458Z] GET /api/narratives/inbox?periodo=2026
[2026-03-06T23:27:55.466Z] GET /api/narratives/inbox?periodo=2026
[2026-03-06T23:27:58.887Z] OPTIONS /api/tracking/narrativa/2473
[2026-03-06T23:27:58.888Z] GET /api/tracking/narrativa/2473
DB Fetch error for tracking narrativa: PrismaClientValidationError: 
Invalid `prisma.narrativeCapture.findUnique()` invocation:

{
  where: {
    id: 2473
  },
  include: {
    cat_narrative_titles: true,
    cat_narrative_themes: true,
    cat_narrative_sub_themes: true,
    cat_programs: true,
    ~~~~~~~~~~~~
?   entity_linkage_narrative?: true,
?   miss_obj_stra_act_narrative?: true,
?   municipality_locality_narrative?: true,
?   narrative_capture_status_histories?: true,
?   budget_program?: true,
?   users_narrative_captures_created_byTousers?: true,
?   dependency?: true,
?   users_narrative_captures_edited_byTousers?: true,
?   cat_narrative_beneficiary_types?: true,
?   cat_narrative_periods?: true,
?   cat_ppas_types?: true,
?   ods_linkage_narrative?: true
  }
}

Unknown field `cat_programs` for include statement on model `NarrativeCapture`. Available options are marked with ?.
    at In (/Users/carlosf.caceres/Documents/PROYECTO SEPLAN/INFORME/capturainforme/backend/node_modules/@prisma/client/runtime/library.js:114:7526)
    at Ln.handleRequestError (/Users/carlosf.caceres/Documents/PROYECTO SEPLAN/INFORME/capturainforme/backend/node_modules/@prisma/client/runtime/library.js:121:7396)
    at Ln.handleAndLogRequestError (/Users/carlosf.caceres/Documents/PROYECTO SEPLAN/INFORME/capturainforme/backend/node_modules/@prisma/client/runtime/library.js:121:7061)
    at Ln.request (/Users/carlosf.caceres/Documents/PROYECTO SEPLAN/INFORME/capturainforme/backend/node_modules/@prisma/client/runtime/library.js:121:6745)
    at async l (/Users/carlosf.caceres/Documents/PROYECTO SEPLAN/INFORME/capturainforme/backend/node_modules/@prisma/client/runtime/library.js:130:9633)
    at async file:///Users/carlosf.caceres/Documents/PROYECTO%20SEPLAN/INFORME/capturainforme/backend/src/index.ts:843:29 {
  clientVersion: '5.19.0'
}
[2026-03-06T23:27:58.894Z] GET /api/tracking/narrativa/2473
DB Fetch error for tracking narrativa: PrismaClientValidationError: 
Invalid `prisma.narrativeCapture.findUnique()` invocation:

{
  where: {
    id: 2473
  },
  include: {
    cat_narrative_titles: true,
    cat_narrative_themes: true,
    cat_narrative_sub_themes: true,
    cat_programs: true,
    ~~~~~~~~~~~~
?   entity_linkage_narrative?: true,
?   miss_obj_stra_act_narrative?: true,
?   municipality_locality_narrative?: true,
?   narrative_capture_status_histories?: true,
?   budget_program?: true,
?   users_narrative_captures_created_byTousers?: true,
?   dependency?: true,
?   users_narrative_captures_edited_byTousers?: true,
?   cat_narrative_beneficiary_types?: true,
?   cat_narrative_periods?: true,
?   cat_ppas_types?: true,
?   ods_linkage_narrative?: true
  }
}

Unknown field `cat_programs` for include statement on model `NarrativeCapture`. Available options are marked with ?.
    at In (/Users/carlosf.caceres/Documents/PROYECTO SEPLAN/INFORME/capturainforme/backend/node_modules/@prisma/client/runtime/library.js:114:7526)
    at Ln.handleRequestError (/Users/carlosf.caceres/Documents/PROYECTO SEPLAN/INFORME/capturainforme/backend/node_modules/@prisma/client/runtime/library.js:121:7396)
    at Ln.handleAndLogRequestError (/Users/carlosf.caceres/Documents/PROYECTO SEPLAN/INFORME/capturainforme/backend/node_modules/@prisma/client/runtime/library.js:121:7061)
    at Ln.request (/Users/carlosf.caceres/Documents/PROYECTO SEPLAN/INFORME/capturainforme/backend/node_modules/@prisma/client/runtime/library.js:121:6745)
    at async l (/Users/carlosf.caceres/Documents/PROYECTO SEPLAN/INFORME/capturainforme/backend/node_modules/@prisma/client/runtime/library.js:130:9633)
    at async file:///Users/carlosf.caceres/Documents/PROYECTO%20SEPLAN/INFORME/capturainforme/backend/src/index.ts:843:29 {
  clientVersion: '5.19.0'
}
[2026-03-06T23:28:00.873Z] OPTIONS /api/narratives/inbox?periodo=2026
[2026-03-06T23:28:00.874Z] GET /api/narratives/inbox?periodo=2026
[2026-03-06T23:28:00.883Z] GET /api/narratives/inbox?periodo=2026
[2026-03-06T23:28:05.484Z] OPTIONS /api/tracking/narrativa/2473
[2026-03-06T23:28:05.484Z] GET /api/tracking/narrativa/2473
[2026-03-06T23:28:05.485Z] OPTIONS /api/tracking/narrativa/2473
DB Fetch error for tracking narrativa: PrismaClientValidationError: 
Invalid `prisma.narrativeCapture.findUnique()` invocation:

{
  where: {
    id: 2473
  },
  include: {
    cat_narrative_titles: true,
    cat_narrative_themes: true,
    cat_narrative_sub_themes: true,
    cat_programs: true,
    ~~~~~~~~~~~~
?   entity_linkage_narrative?: true,
?   miss_obj_stra_act_narrative?: true,
?   municipality_locality_narrative?: true,
?   narrative_capture_status_histories?: true,
?   budget_program?: true,
?   users_narrative_captures_created_byTousers?: true,
?   dependency?: true,
?   users_narrative_captures_edited_byTousers?: true,
?   cat_narrative_beneficiary_types?: true,
?   cat_narrative_periods?: true,
?   cat_ppas_types?: true,
?   ods_linkage_narrative?: true
  }
}

Unknown field `cat_programs` for include statement on model `NarrativeCapture`. Available options are marked with ?.
    at In (/Users/carlosf.caceres/Documents/PROYECTO SEPLAN/INFORME/capturainforme/backend/node_modules/@prisma/client/runtime/library.js:114:7526)
    at Ln.handleRequestError (/Users/carlosf.caceres/Documents/PROYECTO SEPLAN/INFORME/capturainforme/backend/node_modules/@prisma/client/runtime/library.js:121:7396)
    at Ln.handleAndLogRequestError (/Users/carlosf.caceres/Documents/PROYECTO SEPLAN/INFORME/capturainforme/backend/node_modules/@prisma/client/runtime/library.js:121:7061)
    at Ln.request (/Users/carlosf.caceres/Documents/PROYECTO SEPLAN/INFORME/capturainforme/backend/node_modules/@prisma/client/runtime/library.js:121:6745)
    at async l (/Users/carlosf.caceres/Documents/PROYECTO SEPLAN/INFORME/capturainforme/backend/node_modules/@prisma/client/runtime/library.js:130:9633)
    at async file:///Users/carlosf.caceres/Documents/PROYECTO%20SEPLAN/INFORME/capturainforme/backend/src/index.ts:843:29 {
  clientVersion: '5.19.0'
}
[2026-03-06T23:28:05.489Z] GET /api/tracking/narrativa/2473
DB Fetch error for tracking narrativa: PrismaClientValidationError: 
Invalid `prisma.narrativeCapture.findUnique()` invocation:

{
  where: {
    id: 2473
  },
  include: {
    cat_narrative_titles: true,
    cat_narrative_themes: true,
    cat_narrative_sub_themes: true,
    cat_programs: true,
    ~~~~~~~~~~~~
?   entity_linkage_narrative?: true,
?   miss_obj_stra_act_narrative?: true,
?   municipality_locality_narrative?: true,
?   narrative_capture_status_histories?: true,
?   budget_program?: true,
?   users_narrative_captures_created_byTousers?: true,
?   dependency?: true,
?   users_narrative_captures_edited_byTousers?: true,
?   cat_narrative_beneficiary_types?: true,
?   cat_narrative_periods?: true,
?   cat_ppas_types?: true,
?   ods_linkage_narrative?: true
  }
}

Unknown field `cat_programs` for include statement on model `NarrativeCapture`. Available options are marked with ?.
    at In (/Users/carlosf.caceres/Documents/PROYECTO SEPLAN/INFORME/capturainforme/backend/node_modules/@prisma/client/runtime/library.js:114:7526)
    at Ln.handleRequestError (/Users/carlosf.caceres/Documents/PROYECTO SEPLAN/INFORME/capturainforme/backend/node_modules/@prisma/client/runtime/library.js:121:7396)
    at Ln.handleAndLogRequestError (/Users/carlosf.caceres/Documents/PROYECTO SEPLAN/INFORME/capturainforme/backend/node_modules/@prisma/client/runtime/library.js:121:7061)
    at Ln.request (/Users/carlosf.caceres/Documents/PROYECTO SEPLAN/INFORME/capturainforme/backend/node_modules/@prisma/client/runtime/library.js:121:6745)
    at async l (/Users/carlosf.caceres/Documents/PROYECTO SEPLAN/INFORME/capturainforme/backend/node_modules/@prisma/client/runtime/library.js:130:9633)
    at async file:///Users/carlosf.caceres/Documents/PROYECTO%20SEPLAN/INFORME/capturainforme/backend/src/index.ts:843:29 {
  clientVersion: '5.19.0'
}
