
> backend@1.0.0 dev
> ts-node --transpile-only src/index.ts

[dotenv@17.3.1] injecting env (0) from .env -- tip: 🔐 encrypt with Dotenvx: https://dotenvx.com
🚀 API Superior V2 corriendo en http://localhost:3001
🤖 Bot de Telegram activo.
✅ Conexión a Base de Datos de Producción estable.
[2026-03-07T00:19:29.042Z] OPTIONS /api/stats/global?periodo=2026
[2026-03-07T00:19:29.049Z] GET /api/stats/global?periodo=2026
[2026-03-07T00:19:29.064Z] OPTIONS /api/stats/global?periodo=2026
[2026-03-07T00:19:29.065Z] GET /api/stats/global?periodo=2026
[2026-03-07T00:19:33.104Z] OPTIONS /api/stats/global?periodo=2026
[2026-03-07T00:19:33.105Z] GET /api/stats/global?periodo=2026
[2026-03-07T00:19:33.106Z] OPTIONS /api/stats/global?periodo=2026
[2026-03-07T00:19:33.107Z] GET /api/stats/global?periodo=2026
[2026-03-07T00:19:42.024Z] OPTIONS /api/auth/login
[2026-03-07T00:19:42.026Z] POST /api/auth/login
Login Successful: admin@seplan.gob.mx | Roles: SuperAdministrador | Mission: undefined
[2026-03-07T00:19:42.098Z] OPTIONS /api/dashboard/stats?periodo=2026
[2026-03-07T00:19:42.099Z] OPTIONS /api/activities?periodo=2026
[2026-03-07T00:19:42.099Z] GET /api/dashboard/stats?periodo=2026
[2026-03-07T00:19:42.100Z] GET /api/activities?periodo=2026
[2026-03-07T00:19:42.130Z] GET /api/activities?periodo=2026
[2026-03-07T00:19:42.137Z] GET /api/dashboard/stats?periodo=2026
[2026-03-07T00:19:44.938Z] OPTIONS /api/stats/global?periodo=2026
[2026-03-07T00:19:44.938Z] GET /api/stats/global?periodo=2026
[2026-03-07T00:19:44.982Z] GET /api/stats/global?periodo=2026
[2026-03-07T00:20:03.562Z] OPTIONS /api/entities?periodo=2026
[2026-03-07T00:20:03.563Z] GET /api/entities?periodo=2026
[2026-03-07T00:20:03.607Z] GET /api/entities?periodo=2026
[2026-03-07T00:20:03.615Z] OPTIONS /api/entries/2?periodo=2026
[2026-03-07T00:20:03.617Z] OPTIONS /api/entries/3?periodo=2026
[2026-03-07T00:20:03.625Z] OPTIONS /api/entries/4?periodo=2026
[2026-03-07T00:20:03.627Z] GET /api/entries/2?periodo=2026
[2026-03-07T00:20:03.628Z] OPTIONS /api/entries/5?periodo=2026
[2026-03-07T00:20:03.656Z] GET /api/entries/3?periodo=2026
[2026-03-07T00:20:03.663Z] OPTIONS /api/entries/9?periodo=2026
[2026-03-07T00:20:03.663Z] OPTIONS /api/entries/6?periodo=2026
[2026-03-07T00:20:03.663Z] OPTIONS /api/entries/10?periodo=2026
[2026-03-07T00:20:03.663Z] OPTIONS /api/entries/7?periodo=2026
[2026-03-07T00:20:03.663Z] OPTIONS /api/entries/8?periodo=2026
[2026-03-07T00:20:03.664Z] OPTIONS /api/entries/11?periodo=2026
[2026-03-07T00:20:03.664Z] OPTIONS /api/entries/12?periodo=2026
[2026-03-07T00:20:03.664Z] OPTIONS /api/entries/15?periodo=2026
[2026-03-07T00:20:03.664Z] OPTIONS /api/entries/13?periodo=2026
[2026-03-07T00:20:03.665Z] OPTIONS /api/entries/14?periodo=2026
[2026-03-07T00:20:03.665Z] OPTIONS /api/entries/17?periodo=2026
[2026-03-07T00:20:03.665Z] OPTIONS /api/entries/18?periodo=2026
[2026-03-07T00:20:03.665Z] OPTIONS /api/entries/16?periodo=2026
[2026-03-07T00:20:03.665Z] OPTIONS /api/entries/21?periodo=2026
[2026-03-07T00:20:03.665Z] OPTIONS /api/entries/19?periodo=2026
[2026-03-07T00:20:03.665Z] OPTIONS /api/entries/22?periodo=2026
[2026-03-07T00:20:03.665Z] OPTIONS /api/entries/23?periodo=2026
[2026-03-07T00:20:03.666Z] OPTIONS /api/entries/24?periodo=2026
[2026-03-07T00:20:03.666Z] OPTIONS /api/entries/25?periodo=2026
[2026-03-07T00:20:03.666Z] OPTIONS /api/entries/26?periodo=2026
[2026-03-07T00:20:03.666Z] OPTIONS /api/entries/28?periodo=2026
[2026-03-07T00:20:03.666Z] OPTIONS /api/entries/30?periodo=2026
[2026-03-07T00:20:03.666Z] GET /api/entries/4?periodo=2026
[2026-03-07T00:20:03.667Z] OPTIONS /api/entries/29?periodo=2026
[2026-03-07T00:20:03.667Z] OPTIONS /api/entries/32?periodo=2026
[2026-03-07T00:20:03.667Z] OPTIONS /api/entries/31?periodo=2026
[2026-03-07T00:20:03.667Z] GET /api/entries/5?periodo=2026
[2026-03-07T00:20:03.668Z] OPTIONS /api/entries/33?periodo=2026
[2026-03-07T00:20:03.668Z] OPTIONS /api/entries/34?periodo=2026
[2026-03-07T00:20:03.669Z] OPTIONS /api/entries/35?periodo=2026
[2026-03-07T00:20:03.669Z] OPTIONS /api/entries/36?periodo=2026
[2026-03-07T00:20:03.670Z] OPTIONS /api/entries/37?periodo=2026
[2026-03-07T00:20:03.670Z] OPTIONS /api/entries/39?periodo=2026
[2026-03-07T00:20:03.672Z] OPTIONS /api/entries/40?periodo=2026
[2026-03-07T00:20:03.673Z] OPTIONS /api/entries/41?periodo=2026
[2026-03-07T00:20:03.675Z] OPTIONS /api/entries/42?periodo=2026
[2026-03-07T00:20:03.676Z] OPTIONS /api/entries/43?periodo=2026
[2026-03-07T00:20:03.676Z] OPTIONS /api/entries/45?periodo=2026
[2026-03-07T00:20:03.680Z] OPTIONS /api/entries/46?periodo=2026
[2026-03-07T00:20:03.681Z] OPTIONS /api/entries/47?periodo=2026
[2026-03-07T00:20:03.682Z] OPTIONS /api/entries/48?periodo=2026
[2026-03-07T00:20:03.683Z] OPTIONS /api/entries/49?periodo=2026
[2026-03-07T00:20:03.685Z] OPTIONS /api/entries/50?periodo=2026
[2026-03-07T00:20:03.685Z] OPTIONS /api/entries/51?periodo=2026
[2026-03-07T00:20:03.685Z] OPTIONS /api/entries/52?periodo=2026
[2026-03-07T00:20:03.686Z] OPTIONS /api/entries/53?periodo=2026
[2026-03-07T00:20:03.686Z] OPTIONS /api/entries/54?periodo=2026
[2026-03-07T00:20:03.686Z] OPTIONS /api/entries/56?periodo=2026
[2026-03-07T00:20:03.686Z] OPTIONS /api/entries/57?periodo=2026
[2026-03-07T00:20:03.687Z] OPTIONS /api/entries/58?periodo=2026
[2026-03-07T00:20:03.687Z] OPTIONS /api/entries/59?periodo=2026
[2026-03-07T00:20:03.687Z] OPTIONS /api/entries/60?periodo=2026
[2026-03-07T00:20:03.689Z] OPTIONS /api/entries/61?periodo=2026
[2026-03-07T00:20:03.689Z] OPTIONS /api/entries/62?periodo=2026
[2026-03-07T00:20:03.689Z] OPTIONS /api/entries/63?periodo=2026
[2026-03-07T00:20:03.692Z] OPTIONS /api/entries/65?periodo=2026
[2026-03-07T00:20:03.692Z] OPTIONS /api/entries/66?periodo=2026
[2026-03-07T00:20:03.692Z] OPTIONS /api/entries/67?periodo=2026
[2026-03-07T00:20:03.693Z] OPTIONS /api/entries/69?periodo=2026
[2026-03-07T00:20:03.693Z] OPTIONS /api/entries/70?periodo=2026
[2026-03-07T00:20:03.693Z] OPTIONS /api/entries/71?periodo=2026
[2026-03-07T00:20:03.693Z] OPTIONS /api/entries/72?periodo=2026
[2026-03-07T00:20:03.693Z] OPTIONS /api/entries/73?periodo=2026
[2026-03-07T00:20:03.693Z] OPTIONS /api/entries/74?periodo=2026
[2026-03-07T00:20:03.694Z] OPTIONS /api/entries/75?periodo=2026
[2026-03-07T00:20:03.694Z] OPTIONS /api/entries/76?periodo=2026
[2026-03-07T00:20:03.696Z] OPTIONS /api/entries/77?periodo=2026
[2026-03-07T00:20:03.696Z] OPTIONS /api/entries/78?periodo=2026
[2026-03-07T00:20:03.697Z] OPTIONS /api/entries/79?periodo=2026
[2026-03-07T00:20:03.697Z] OPTIONS /api/entries/81?periodo=2026
[2026-03-07T00:20:03.697Z] OPTIONS /api/entries/82?periodo=2026
[2026-03-07T00:20:03.698Z] OPTIONS /api/entries/83?periodo=2026
[2026-03-07T00:20:03.699Z] OPTIONS /api/entries/84?periodo=2026
[2026-03-07T00:20:03.700Z] OPTIONS /api/entries/85?periodo=2026
[2026-03-07T00:20:03.703Z] OPTIONS /api/entries/86?periodo=2026
[2026-03-07T00:20:03.703Z] OPTIONS /api/entries/87?periodo=2026
[2026-03-07T00:20:03.703Z] OPTIONS /api/entries/89?periodo=2026
[2026-03-07T00:20:03.703Z] OPTIONS /api/entries/91?periodo=2026
[2026-03-07T00:20:03.704Z] OPTIONS /api/entries/92?periodo=2026
[2026-03-07T00:20:03.705Z] GET /api/entries/9?periodo=2026
[2026-03-07T00:20:03.706Z] GET /api/entries/6?periodo=2026
[2026-03-07T00:20:03.706Z] GET /api/entries/10?periodo=2026
[2026-03-07T00:20:03.707Z] GET /api/entries/7?periodo=2026
[2026-03-07T00:20:03.707Z] GET /api/entries/8?periodo=2026
[2026-03-07T00:20:03.708Z] GET /api/entries/11?periodo=2026
[2026-03-07T00:20:03.709Z] GET /api/entries/12?periodo=2026
[2026-03-07T00:20:03.709Z] GET /api/entries/15?periodo=2026
[2026-03-07T00:20:03.709Z] GET /api/entries/13?periodo=2026
[2026-03-07T00:20:03.710Z] OPTIONS /api/entries/93?periodo=2026
[2026-03-07T00:20:03.710Z] GET /api/entries/14?periodo=2026
[2026-03-07T00:20:03.710Z] GET /api/entries/17?periodo=2026
[2026-03-07T00:20:03.711Z] OPTIONS /api/entries/95?periodo=2026
[2026-03-07T00:20:03.711Z] GET /api/entries/18?periodo=2026
[2026-03-07T00:20:03.711Z] GET /api/entries/16?periodo=2026
[2026-03-07T00:20:03.712Z] GET /api/entries/21?periodo=2026
[2026-03-07T00:20:03.712Z] OPTIONS /api/entries/96?periodo=2026
[2026-03-07T00:20:03.713Z] GET /api/entries/22?periodo=2026
[2026-03-07T00:20:03.713Z] GET /api/entries/19?periodo=2026
[2026-03-07T00:20:03.713Z] GET /api/entries/23?periodo=2026
[2026-03-07T00:20:03.714Z] OPTIONS /api/entries/97?periodo=2026
[2026-03-07T00:20:03.714Z] GET /api/entries/24?periodo=2026
[2026-03-07T00:20:03.715Z] GET /api/entries/25?periodo=2026
[2026-03-07T00:20:03.715Z] GET /api/entries/26?periodo=2026
[2026-03-07T00:20:03.716Z] GET /api/entries/28?periodo=2026
[2026-03-07T00:20:03.716Z] GET /api/entries/30?periodo=2026
[2026-03-07T00:20:03.716Z] OPTIONS /api/entries/98?periodo=2026
[2026-03-07T00:20:03.716Z] GET /api/entries/29?periodo=2026
[2026-03-07T00:20:03.717Z] OPTIONS /api/entries/99?periodo=2026
[2026-03-07T00:20:03.717Z] GET /api/entries/32?periodo=2026
[2026-03-07T00:20:03.718Z] GET /api/entries/31?periodo=2026
[2026-03-07T00:20:03.718Z] OPTIONS /api/entries/100?periodo=2026
[2026-03-07T00:20:03.718Z] OPTIONS /api/entries/101?periodo=2026
[2026-03-07T00:20:03.718Z] GET /api/entries/35?periodo=2026
[2026-03-07T00:20:03.719Z] GET /api/entries/33?periodo=2026
[2026-03-07T00:20:03.720Z] GET /api/entries/34?periodo=2026
[2026-03-07T00:20:03.720Z] OPTIONS /api/entries/102?periodo=2026
[2026-03-07T00:20:03.720Z] GET /api/entries/36?periodo=2026
[2026-03-07T00:20:03.721Z] OPTIONS /api/entries/103?periodo=2026
[2026-03-07T00:20:03.721Z] GET /api/entries/37?periodo=2026
[2026-03-07T00:20:03.721Z] OPTIONS /api/entries/104?periodo=2026
[2026-03-07T00:20:03.721Z] GET /api/entries/39?periodo=2026
[2026-03-07T00:20:03.722Z] OPTIONS /api/entries/107?periodo=2026
[2026-03-07T00:20:03.722Z] OPTIONS /api/entries/108?periodo=2026
[2026-03-07T00:20:03.722Z] GET /api/entries/40?periodo=2026
[2026-03-07T00:20:03.723Z] OPTIONS /api/entries/110?periodo=2026
[2026-03-07T00:20:03.723Z] OPTIONS /api/entries/111?periodo=2026
[2026-03-07T00:20:03.723Z] OPTIONS /api/entries/112?periodo=2026
[2026-03-07T00:20:03.723Z] OPTIONS /api/entries/113?periodo=2026
[2026-03-07T00:20:03.723Z] GET /api/entries/41?periodo=2026
[2026-03-07T00:20:03.723Z] OPTIONS /api/entries/114?periodo=2026
[2026-03-07T00:20:03.724Z] OPTIONS /api/entries/115?periodo=2026
[2026-03-07T00:20:03.724Z] OPTIONS /api/entries/116?periodo=2026
[2026-03-07T00:20:03.724Z] OPTIONS /api/entries/117?periodo=2026
[2026-03-07T00:20:03.724Z] OPTIONS /api/entries/118?periodo=2026
[2026-03-07T00:20:03.725Z] OPTIONS /api/entries/119?periodo=2026
[2026-03-07T00:20:03.725Z] GET /api/entries/42?periodo=2026
[2026-03-07T00:20:03.726Z] OPTIONS /api/entries/120?periodo=2026
[2026-03-07T00:20:03.726Z] OPTIONS /api/entries/121?periodo=2026
[2026-03-07T00:20:03.726Z] GET /api/entries/43?periodo=2026
[2026-03-07T00:20:03.727Z] GET /api/entries/45?periodo=2026
[2026-03-07T00:20:03.727Z] OPTIONS /api/entries/122?periodo=2026
[2026-03-07T00:20:03.727Z] OPTIONS /api/entries/123?periodo=2026
[2026-03-07T00:20:03.727Z] OPTIONS /api/entries/124?periodo=2026
[2026-03-07T00:20:03.727Z] OPTIONS /api/entries/125?periodo=2026
[2026-03-07T00:20:03.728Z] OPTIONS /api/entries/126?periodo=2026
[2026-03-07T00:20:03.728Z] OPTIONS /api/entries/127?periodo=2026
[2026-03-07T00:20:03.729Z] OPTIONS /api/entries/128?periodo=2026
[2026-03-07T00:20:03.729Z] OPTIONS /api/entries/129?periodo=2026
[2026-03-07T00:20:03.729Z] OPTIONS /api/entries/130?periodo=2026
[2026-03-07T00:20:03.730Z] GET /api/entries/46?periodo=2026
[2026-03-07T00:20:03.730Z] OPTIONS /api/entries/131?periodo=2026
[2026-03-07T00:20:03.731Z] OPTIONS /api/entries/132?periodo=2026
[2026-03-07T00:20:03.731Z] OPTIONS /api/entries/133?periodo=2026
[2026-03-07T00:20:03.731Z] GET /api/entries/47?periodo=2026
[2026-03-07T00:20:03.731Z] OPTIONS /api/entries/134?periodo=2026
[2026-03-07T00:20:03.731Z] OPTIONS /api/entries/135?periodo=2026
[2026-03-07T00:20:03.731Z] OPTIONS /api/entries/136?periodo=2026
[2026-03-07T00:20:03.732Z] OPTIONS /api/entries/137?periodo=2026
[2026-03-07T00:20:03.732Z] OPTIONS /api/entries/138?periodo=2026
[2026-03-07T00:20:03.732Z] OPTIONS /api/entries/139?periodo=2026
[2026-03-07T00:20:03.732Z] GET /api/entries/48?periodo=2026
[2026-03-07T00:20:03.732Z] OPTIONS /api/entries/140?periodo=2026
[2026-03-07T00:20:03.732Z] GET /api/entries/49?periodo=2026
[2026-03-07T00:20:03.733Z] OPTIONS /api/entries/141?periodo=2026
[2026-03-07T00:20:03.733Z] OPTIONS /api/entries/142?periodo=2026
[2026-03-07T00:20:03.733Z] OPTIONS /api/entries/144?periodo=2026
[2026-03-07T00:20:03.733Z] OPTIONS /api/entries/143?periodo=2026
[2026-03-07T00:20:03.734Z] OPTIONS /api/entries/146?periodo=2026
[2026-03-07T00:20:03.734Z] OPTIONS /api/entries/147?periodo=2026
[2026-03-07T00:20:03.734Z] OPTIONS /api/entries/145?periodo=2026
[2026-03-07T00:20:03.734Z] OPTIONS /api/entries/148?periodo=2026
[2026-03-07T00:20:03.734Z] OPTIONS /api/entries/149?periodo=2026
[2026-03-07T00:20:03.735Z] OPTIONS /api/entries/151?periodo=2026
[2026-03-07T00:20:03.735Z] OPTIONS /api/entries/152?periodo=2026
[2026-03-07T00:20:03.735Z] OPTIONS /api/entries/150?periodo=2026
[2026-03-07T00:20:03.735Z] OPTIONS /api/entries/153?periodo=2026
[2026-03-07T00:20:03.735Z] OPTIONS /api/entries/154?periodo=2026
[2026-03-07T00:20:03.735Z] GET /api/entries/50?periodo=2026
[2026-03-07T00:20:03.736Z] OPTIONS /api/entries/155?periodo=2026
[2026-03-07T00:20:03.736Z] OPTIONS /api/entries/156?periodo=2026
[2026-03-07T00:20:03.736Z] GET /api/entries/51?periodo=2026
[2026-03-07T00:20:03.736Z] GET /api/entries/52?periodo=2026
[2026-03-07T00:20:03.736Z] OPTIONS /api/entries/158?periodo=2026
[2026-03-07T00:20:03.737Z] OPTIONS /api/entries/159?periodo=2026
[2026-03-07T00:20:03.737Z] GET /api/entries/53?periodo=2026
[2026-03-07T00:20:03.737Z] OPTIONS /api/entries/160?periodo=2026
[2026-03-07T00:20:03.738Z] GET /api/entries/54?periodo=2026
[2026-03-07T00:20:03.738Z] GET /api/entries/56?periodo=2026
[2026-03-07T00:20:03.738Z] OPTIONS /api/entries/161?periodo=2026
[2026-03-07T00:20:03.739Z] OPTIONS /api/entries/162?periodo=2026
[2026-03-07T00:20:03.739Z] GET /api/entries/57?periodo=2026
[2026-03-07T00:20:03.739Z] OPTIONS /api/entries/163?periodo=2026
[2026-03-07T00:20:03.740Z] GET /api/entries/58?periodo=2026
[2026-03-07T00:20:03.740Z] GET /api/entries/59?periodo=2026
[2026-03-07T00:20:03.741Z] GET /api/entries/60?periodo=2026
[2026-03-07T00:20:03.741Z] OPTIONS /api/entries/164?periodo=2026
[2026-03-07T00:20:03.741Z] OPTIONS /api/entries/166?periodo=2026
[2026-03-07T00:20:03.741Z] OPTIONS /api/entries/167?periodo=2026
[2026-03-07T00:20:03.741Z] OPTIONS /api/entries/168?periodo=2026
[2026-03-07T00:20:03.741Z] OPTIONS /api/entries/170?periodo=2026
[2026-03-07T00:20:03.742Z] OPTIONS /api/entries/169?periodo=2026
[2026-03-07T00:20:03.742Z] OPTIONS /api/entries/172?periodo=2026
[2026-03-07T00:20:03.742Z] OPTIONS /api/entries/171?periodo=2026
[2026-03-07T00:20:03.742Z] OPTIONS /api/entries/174?periodo=2026
[2026-03-07T00:20:03.742Z] OPTIONS /api/entries/173?periodo=2026
[2026-03-07T00:20:03.742Z] OPTIONS /api/entries/175?periodo=2026
[2026-03-07T00:20:03.742Z] GET /api/entries/61?periodo=2026
[2026-03-07T00:20:03.743Z] OPTIONS /api/entries/177?periodo=2026
[2026-03-07T00:20:03.743Z] OPTIONS /api/entries/176?periodo=2026
[2026-03-07T00:20:03.743Z] OPTIONS /api/entries/178?periodo=2026
[2026-03-07T00:20:03.743Z] GET /api/entries/62?periodo=2026
[2026-03-07T00:20:03.744Z] GET /api/entries/63?periodo=2026
[2026-03-07T00:20:03.744Z] OPTIONS /api/entries/180?periodo=2026
[2026-03-07T00:20:03.744Z] OPTIONS /api/entries/181?periodo=2026
[2026-03-07T00:20:03.744Z] OPTIONS /api/entries/179?periodo=2026
[2026-03-07T00:20:03.744Z] OPTIONS /api/entries/182?periodo=2026
[2026-03-07T00:20:03.744Z] OPTIONS /api/entries/185?periodo=2026
[2026-03-07T00:20:03.745Z] OPTIONS /api/entries/183?periodo=2026
[2026-03-07T00:20:03.745Z] OPTIONS /api/entries/184?periodo=2026
[2026-03-07T00:20:03.745Z] OPTIONS /api/entries/186?periodo=2026
[2026-03-07T00:20:03.745Z] OPTIONS /api/entries/187?periodo=2026
[2026-03-07T00:20:03.745Z] OPTIONS /api/entries/188?periodo=2026
[2026-03-07T00:20:03.746Z] OPTIONS /api/entries/191?periodo=2026
[2026-03-07T00:20:03.746Z] OPTIONS /api/entries/192?periodo=2026
[2026-03-07T00:20:03.746Z] OPTIONS /api/entries/189?periodo=2026
[2026-03-07T00:20:03.746Z] OPTIONS /api/entries/190?periodo=2026
[2026-03-07T00:20:03.746Z] OPTIONS /api/entries/193?periodo=2026
[2026-03-07T00:20:03.746Z] OPTIONS /api/entries/195?periodo=2026
[2026-03-07T00:20:03.747Z] OPTIONS /api/entries/194?periodo=2026
[2026-03-07T00:20:03.747Z] OPTIONS /api/entries/198?periodo=2026
[2026-03-07T00:20:03.747Z] OPTIONS /api/entries/196?periodo=2026
[2026-03-07T00:20:03.747Z] GET /api/entries/65?periodo=2026
[2026-03-07T00:20:03.748Z] OPTIONS /api/entries/197?periodo=2026
[2026-03-07T00:20:03.748Z] GET /api/entries/66?periodo=2026
[2026-03-07T00:20:03.748Z] GET /api/entries/67?periodo=2026
[2026-03-07T00:20:03.749Z] OPTIONS /api/entries/200?periodo=2026
[2026-03-07T00:20:03.749Z] OPTIONS /api/entries/201?periodo=2026
[2026-03-07T00:20:03.749Z] OPTIONS /api/entries/199?periodo=2026
[2026-03-07T00:20:03.749Z] GET /api/entries/69?periodo=2026
[2026-03-07T00:20:03.749Z] OPTIONS /api/entries/202?periodo=2026
[2026-03-07T00:20:03.749Z] GET /api/entries/70?periodo=2026
[2026-03-07T00:20:03.750Z] OPTIONS /api/entries/203?periodo=2026
[2026-03-07T00:20:03.750Z] GET /api/entries/71?periodo=2026
[2026-03-07T00:20:03.751Z] GET /api/entries/72?periodo=2026
[2026-03-07T00:20:03.751Z] OPTIONS /api/entries/204?periodo=2026
[2026-03-07T00:20:03.751Z] GET /api/entries/73?periodo=2026
[2026-03-07T00:20:03.751Z] OPTIONS /api/entries/205?periodo=2026
[2026-03-07T00:20:03.752Z] OPTIONS /api/entries/206?periodo=2026
[2026-03-07T00:20:03.752Z] GET /api/entries/74?periodo=2026
[2026-03-07T00:20:03.752Z] OPTIONS /api/entries/207?periodo=2026
[2026-03-07T00:20:03.753Z] GET /api/entries/75?periodo=2026
[2026-03-07T00:20:03.753Z] OPTIONS /api/entries/208?periodo=2026
[2026-03-07T00:20:03.753Z] OPTIONS /api/entries/209?periodo=2026
[2026-03-07T00:20:03.753Z] OPTIONS /api/entries/210?periodo=2026
[2026-03-07T00:20:03.753Z] OPTIONS /api/entries/211?periodo=2026
[2026-03-07T00:20:03.753Z] GET /api/entries/76?periodo=2026
[2026-03-07T00:20:03.754Z] OPTIONS /api/entries/212?periodo=2026
[2026-03-07T00:20:03.754Z] OPTIONS /api/entries/213?periodo=2026
[2026-03-07T00:20:03.754Z] OPTIONS /api/entries/214?periodo=2026
[2026-03-07T00:20:03.754Z] OPTIONS /api/entries/216?periodo=2026
[2026-03-07T00:20:03.754Z] OPTIONS /api/entries/215?periodo=2026
[2026-03-07T00:20:03.754Z] OPTIONS /api/entries/217?periodo=2026
[2026-03-07T00:20:03.754Z] OPTIONS /api/entries/218?periodo=2026
[2026-03-07T00:20:03.754Z] OPTIONS /api/entries/219?periodo=2026
[2026-03-07T00:20:03.755Z] OPTIONS /api/entries/220?periodo=2026
[2026-03-07T00:20:03.755Z] OPTIONS /api/entries/221?periodo=2026
[2026-03-07T00:20:03.755Z] OPTIONS /api/entries/222?periodo=2026
[2026-03-07T00:20:03.755Z] OPTIONS /api/entries/223?periodo=2026
[2026-03-07T00:20:03.755Z] OPTIONS /api/entries/224?periodo=2026
[2026-03-07T00:20:03.755Z] GET /api/entries/77?periodo=2026
[2026-03-07T00:20:03.756Z] GET /api/entries/78?periodo=2026
[2026-03-07T00:20:03.756Z] OPTIONS /api/entries/225?periodo=2026
[2026-03-07T00:20:03.756Z] OPTIONS /api/entries/226?periodo=2026
[2026-03-07T00:20:03.756Z] OPTIONS /api/entries/228?periodo=2026
[2026-03-07T00:20:03.756Z] OPTIONS /api/entries/229?periodo=2026
[2026-03-07T00:20:03.756Z] OPTIONS /api/entries/230?periodo=2026
[2026-03-07T00:20:03.756Z] GET /api/entries/79?periodo=2026
[2026-03-07T00:20:03.757Z] OPTIONS /api/entries/233?periodo=2026
[2026-03-07T00:20:03.757Z] GET /api/entries/81?periodo=2026
[2026-03-07T00:20:03.757Z] OPTIONS /api/entries/234?periodo=2026
[2026-03-07T00:20:03.758Z] OPTIONS /api/entries/235?periodo=2026
[2026-03-07T00:20:03.758Z] OPTIONS /api/entries/236?periodo=2026
[2026-03-07T00:20:03.758Z] GET /api/entries/82?periodo=2026
[2026-03-07T00:20:03.758Z] OPTIONS /api/entries/239?periodo=2026
[2026-03-07T00:20:03.758Z] OPTIONS /api/entries/237?periodo=2026
[2026-03-07T00:20:03.758Z] OPTIONS /api/entries/238?periodo=2026
[2026-03-07T00:20:03.759Z] OPTIONS /api/entries/240?periodo=2026
[2026-03-07T00:20:03.759Z] OPTIONS /api/entries/242?periodo=2026
[2026-03-07T00:20:03.759Z] GET /api/entries/83?periodo=2026
[2026-03-07T00:20:03.759Z] OPTIONS /api/entries/243?periodo=2026
[2026-03-07T00:20:03.759Z] OPTIONS /api/entries/244?periodo=2026
[2026-03-07T00:20:03.759Z] OPTIONS /api/entries/246?periodo=2026
[2026-03-07T00:20:03.759Z] OPTIONS /api/entries/245?periodo=2026
[2026-03-07T00:20:03.759Z] OPTIONS /api/entries/247?periodo=2026
[2026-03-07T00:20:03.760Z] OPTIONS /api/entries/248?periodo=2026
[2026-03-07T00:20:03.760Z] OPTIONS /api/entries/249?periodo=2026
[2026-03-07T00:20:03.760Z] GET /api/entries/84?periodo=2026
[2026-03-07T00:20:03.760Z] OPTIONS /api/entries/250?periodo=2026
[2026-03-07T00:20:03.760Z] OPTIONS /api/entries/251?periodo=2026
[2026-03-07T00:20:03.760Z] OPTIONS /api/entries/252?periodo=2026
[2026-03-07T00:20:03.760Z] OPTIONS /api/entries/253?periodo=2026
[2026-03-07T00:20:03.761Z] OPTIONS /api/entries/254?periodo=2026
[2026-03-07T00:20:03.761Z] OPTIONS /api/entries/255?periodo=2026
[2026-03-07T00:20:03.761Z] OPTIONS /api/entries/257?periodo=2026
[2026-03-07T00:20:03.761Z] OPTIONS /api/entries/258?periodo=2026
[2026-03-07T00:20:03.761Z] GET /api/entries/85?periodo=2026
[2026-03-07T00:20:03.762Z] OPTIONS /api/entries/259?periodo=2026
[2026-03-07T00:20:03.762Z] OPTIONS /api/entries/260?periodo=2026
[2026-03-07T00:20:03.762Z] OPTIONS /api/entries/261?periodo=2026
[2026-03-07T00:20:03.762Z] OPTIONS /api/entries/262?periodo=2026
[2026-03-07T00:20:03.762Z] OPTIONS /api/entries/265?periodo=2026
[2026-03-07T00:20:03.762Z] OPTIONS /api/entries/266?periodo=2026
[2026-03-07T00:20:03.762Z] OPTIONS /api/entries/263?periodo=2026
[2026-03-07T00:20:03.762Z] OPTIONS /api/entries/264?periodo=2026
[2026-03-07T00:20:03.762Z] OPTIONS /api/entries/268?periodo=2026
[2026-03-07T00:20:03.763Z] GET /api/entries/86?periodo=2026
[2026-03-07T00:20:03.763Z] OPTIONS /api/entries/269?periodo=2026
[2026-03-07T00:20:03.763Z] OPTIONS /api/entries/267?periodo=2026
[2026-03-07T00:20:03.763Z] OPTIONS /api/entries/271?periodo=2026
[2026-03-07T00:20:03.763Z] OPTIONS /api/entries/270?periodo=2026
[2026-03-07T00:20:03.763Z] GET /api/entries/91?periodo=2026
[2026-03-07T00:20:03.764Z] GET /api/entries/87?periodo=2026
[2026-03-07T00:20:03.764Z] GET /api/entries/89?periodo=2026
[2026-03-07T00:20:03.764Z] OPTIONS /api/entries/272?periodo=2026
[2026-03-07T00:20:03.764Z] GET /api/entries/92?periodo=2026
[2026-03-07T00:20:03.765Z] OPTIONS /api/entries/273?periodo=2026
[2026-03-07T00:20:03.765Z] OPTIONS /api/entries/274?periodo=2026
[2026-03-07T00:20:03.765Z] OPTIONS /api/entries/275?periodo=2026
[2026-03-07T00:20:03.765Z] OPTIONS /api/entries/277?periodo=2026
[2026-03-07T00:20:03.765Z] OPTIONS /api/entries/276?periodo=2026
[2026-03-07T00:20:03.765Z] OPTIONS /api/entries/278?periodo=2026
[2026-03-07T00:20:03.766Z] OPTIONS /api/entries/279?periodo=2026
[2026-03-07T00:20:03.766Z] OPTIONS /api/entries/280?periodo=2026
[2026-03-07T00:20:03.766Z] OPTIONS /api/entries/281?periodo=2026
[2026-03-07T00:20:03.766Z] OPTIONS /api/entries/282?periodo=2026
[2026-03-07T00:20:03.766Z] OPTIONS /api/entries/283?periodo=2026
[2026-03-07T00:20:03.766Z] OPTIONS /api/entries/284?periodo=2026
[2026-03-07T00:20:03.766Z] OPTIONS /api/entries/285?periodo=2026
[2026-03-07T00:20:03.766Z] OPTIONS /api/entries/286?periodo=2026
[2026-03-07T00:20:03.766Z] OPTIONS /api/entries/288?periodo=2026
[2026-03-07T00:20:03.766Z] OPTIONS /api/entries/289?periodo=2026
[2026-03-07T00:20:03.767Z] OPTIONS /api/entries/290?periodo=2026
[2026-03-07T00:20:03.767Z] OPTIONS /api/entries/291?periodo=2026
[2026-03-07T00:20:03.767Z] OPTIONS /api/entries/292?periodo=2026
[2026-03-07T00:20:03.767Z] OPTIONS /api/entries/293?periodo=2026
[2026-03-07T00:20:03.767Z] OPTIONS /api/entries/294?periodo=2026
[2026-03-07T00:20:03.767Z] OPTIONS /api/entries/295?periodo=2026
[2026-03-07T00:20:03.767Z] OPTIONS /api/entries/296?periodo=2026
[2026-03-07T00:20:03.767Z] OPTIONS /api/entries/297?periodo=2026
[2026-03-07T00:20:03.767Z] GET /api/entries/93?periodo=2026
[2026-03-07T00:20:03.768Z] OPTIONS /api/entries/302?periodo=2026
[2026-03-07T00:20:03.768Z] OPTIONS /api/entries/298?periodo=2026
[2026-03-07T00:20:03.768Z] OPTIONS /api/entries/299?periodo=2026
[2026-03-07T00:20:03.768Z] OPTIONS /api/entries/300?periodo=2026
[2026-03-07T00:20:03.768Z] OPTIONS /api/entries/301?periodo=2026
[2026-03-07T00:20:03.768Z] GET /api/entries/95?periodo=2026
[2026-03-07T00:20:03.769Z] OPTIONS /api/entries/303?periodo=2026
[2026-03-07T00:20:03.769Z] OPTIONS /api/entries/304?periodo=2026
[2026-03-07T00:20:03.769Z] OPTIONS /api/entries/305?periodo=2026
[2026-03-07T00:20:03.769Z] OPTIONS /api/entries/307?periodo=2026
[2026-03-07T00:20:03.769Z] OPTIONS /api/entries/308?periodo=2026
[2026-03-07T00:20:03.769Z] OPTIONS /api/entries/309?periodo=2026
[2026-03-07T00:20:03.769Z] OPTIONS /api/entries/306?periodo=2026
[2026-03-07T00:20:03.770Z] OPTIONS /api/entries/311?periodo=2026
[2026-03-07T00:20:03.770Z] OPTIONS /api/entries/312?periodo=2026
[2026-03-07T00:20:03.770Z] GET /api/entries/96?periodo=2026
[2026-03-07T00:20:03.770Z] OPTIONS /api/entries/313?periodo=2026
[2026-03-07T00:20:03.770Z] OPTIONS /api/entries/316?periodo=2026
[2026-03-07T00:20:03.770Z] OPTIONS /api/entries/317?periodo=2026
[2026-03-07T00:20:03.770Z] OPTIONS /api/entries/314?periodo=2026
[2026-03-07T00:20:03.770Z] OPTIONS /api/entries/315?periodo=2026
[2026-03-07T00:20:03.770Z] OPTIONS /api/entries/322?periodo=2026
[2026-03-07T00:20:03.771Z] OPTIONS /api/entries/324?periodo=2026
[2026-03-07T00:20:03.771Z] OPTIONS /api/entries/318?periodo=2026
[2026-03-07T00:20:03.771Z] GET /api/entries/97?periodo=2026
[2026-03-07T00:20:03.771Z] OPTIONS /api/entries/325?periodo=2026
[2026-03-07T00:20:03.771Z] OPTIONS /api/entries/326?periodo=2026
[2026-03-07T00:20:03.771Z] OPTIONS /api/entries/327?periodo=2026
[2026-03-07T00:20:03.771Z] OPTIONS /api/entries/328?periodo=2026
[2026-03-07T00:20:03.771Z] OPTIONS /api/entries/329?periodo=2026
[2026-03-07T00:20:03.772Z] OPTIONS /api/entries/330?periodo=2026
[2026-03-07T00:20:03.772Z] OPTIONS /api/entries/331?periodo=2026
[2026-03-07T00:20:03.772Z] OPTIONS /api/entries/332?periodo=2026
[2026-03-07T00:20:03.772Z] OPTIONS /api/entries/333?periodo=2026
[2026-03-07T00:20:03.772Z] OPTIONS /api/entries/334?periodo=2026
[2026-03-07T00:20:03.772Z] GET /api/entries/98?periodo=2026
[2026-03-07T00:20:03.772Z] OPTIONS /api/entries/335?periodo=2026
[2026-03-07T00:20:03.773Z] OPTIONS /api/entries/336?periodo=2026
[2026-03-07T00:20:03.773Z] OPTIONS /api/entries/337?periodo=2026
[2026-03-07T00:20:03.773Z] OPTIONS /api/entries/341?periodo=2026
[2026-03-07T00:20:03.773Z] GET /api/entries/99?periodo=2026
[2026-03-07T00:20:03.774Z] OPTIONS /api/entries/342?periodo=2026
[2026-03-07T00:20:03.774Z] OPTIONS /api/entries/347?periodo=2026
[2026-03-07T00:20:03.774Z] OPTIONS /api/entries/343?periodo=2026
[2026-03-07T00:20:03.774Z] OPTIONS /api/entries/344?periodo=2026
[2026-03-07T00:20:03.774Z] OPTIONS /api/entries/349?periodo=2026
[2026-03-07T00:20:03.774Z] OPTIONS /api/entries/350?periodo=2026
[2026-03-07T00:20:03.774Z] OPTIONS /api/entries/348?periodo=2026
[2026-03-07T00:20:03.774Z] OPTIONS /api/entries/352?periodo=2026
[2026-03-07T00:20:03.774Z] OPTIONS /api/entries/351?periodo=2026
[2026-03-07T00:20:03.775Z] GET /api/entries/100?periodo=2026
[2026-03-07T00:20:03.775Z] GET /api/entries/101?periodo=2026
[2026-03-07T00:20:03.775Z] OPTIONS /api/entries/353?periodo=2026
[2026-03-07T00:20:03.775Z] OPTIONS /api/entries/354?periodo=2026
[2026-03-07T00:20:03.776Z] OPTIONS /api/entries/355?periodo=2026
[2026-03-07T00:20:03.776Z] OPTIONS /api/entries/356?periodo=2026
[2026-03-07T00:20:03.776Z] OPTIONS /api/entries/357?periodo=2026
[2026-03-07T00:20:03.776Z] OPTIONS /api/entries/358?periodo=2026
[2026-03-07T00:20:03.776Z] OPTIONS /api/entries/359?periodo=2026
[2026-03-07T00:20:03.776Z] OPTIONS /api/entries/360?periodo=2026
[2026-03-07T00:20:03.776Z] OPTIONS /api/entries/361?periodo=2026
[2026-03-07T00:20:03.777Z] GET /api/entries/102?periodo=2026
[2026-03-07T00:20:03.777Z] OPTIONS /api/entries/362?periodo=2026
[2026-03-07T00:20:03.777Z] OPTIONS /api/entries/363?periodo=2026
[2026-03-07T00:20:03.777Z] GET /api/entries/103?periodo=2026
[2026-03-07T00:20:03.777Z] OPTIONS /api/entries/364?periodo=2026
[2026-03-07T00:20:03.777Z] OPTIONS /api/entries/365?periodo=2026
[2026-03-07T00:20:03.778Z] OPTIONS /api/entries/366?periodo=2026
[2026-03-07T00:20:03.778Z] GET /api/entries/104?periodo=2026
[2026-03-07T00:20:03.778Z] OPTIONS /api/entries/367?periodo=2026
[2026-03-07T00:20:03.778Z] OPTIONS /api/entries/369?periodo=2026
[2026-03-07T00:20:03.778Z] OPTIONS /api/entries/368?periodo=2026
[2026-03-07T00:20:03.778Z] OPTIONS /api/entries/370?periodo=2026
[2026-03-07T00:20:03.778Z] GET /api/entries/107?periodo=2026
[2026-03-07T00:20:03.779Z] OPTIONS /api/entries/371?periodo=2026
[2026-03-07T00:20:03.779Z] GET /api/entries/108?periodo=2026
[2026-03-07T00:20:03.779Z] OPTIONS /api/entries/374?periodo=2026
[2026-03-07T00:20:03.779Z] OPTIONS /api/entries/372?periodo=2026
[2026-03-07T00:20:03.779Z] OPTIONS /api/entries/373?periodo=2026
[2026-03-07T00:20:03.779Z] OPTIONS /api/entries/375?periodo=2026
[2026-03-07T00:20:03.780Z] GET /api/entries/111?periodo=2026
[2026-03-07T00:20:03.780Z] GET /api/entries/110?periodo=2026
[2026-03-07T00:20:03.780Z] OPTIONS /api/entries/376?periodo=2026
[2026-03-07T00:20:03.780Z] GET /api/entries/112?periodo=2026
[2026-03-07T00:20:03.781Z] GET /api/entries/113?periodo=2026
[2026-03-07T00:20:03.781Z] GET /api/entries/114?periodo=2026
[2026-03-07T00:20:03.782Z] OPTIONS /api/entries/377?periodo=2026
[2026-03-07T00:20:03.782Z] GET /api/entries/115?periodo=2026
[2026-03-07T00:20:03.783Z] OPTIONS /api/entries/378?periodo=2026
[2026-03-07T00:20:03.783Z] GET /api/entries/116?periodo=2026
[2026-03-07T00:20:03.783Z] OPTIONS /api/entries/379?periodo=2026
[2026-03-07T00:20:03.783Z] GET /api/entries/117?periodo=2026
[2026-03-07T00:20:03.784Z] OPTIONS /api/entries/380?periodo=2026
[2026-03-07T00:20:03.784Z] GET /api/entries/118?periodo=2026
[2026-03-07T00:20:03.784Z] GET /api/entries/119?periodo=2026
[2026-03-07T00:20:03.784Z] OPTIONS /api/entries/382?periodo=2026
[2026-03-07T00:20:03.785Z] OPTIONS /api/entries/381?periodo=2026
[2026-03-07T00:20:03.785Z] OPTIONS /api/entries/383?periodo=2026
[2026-03-07T00:20:03.785Z] OPTIONS /api/entries/384?periodo=2026
[2026-03-07T00:20:03.785Z] GET /api/entries/120?periodo=2026
[2026-03-07T00:20:03.785Z] OPTIONS /api/entries/385?periodo=2026
[2026-03-07T00:20:03.786Z] GET /api/entries/121?periodo=2026
[2026-03-07T00:20:03.786Z] OPTIONS /api/entries/386?periodo=2026
[2026-03-07T00:20:03.786Z] OPTIONS /api/entries/387?periodo=2026
[2026-03-07T00:20:03.787Z] OPTIONS /api/entries/388?periodo=2026
[2026-03-07T00:20:03.787Z] OPTIONS /api/entries/392?periodo=2026
[2026-03-07T00:20:03.787Z] OPTIONS /api/entries/389?periodo=2026
[2026-03-07T00:20:03.787Z] OPTIONS /api/entries/390?periodo=2026
[2026-03-07T00:20:03.787Z] OPTIONS /api/entries/391?periodo=2026
[2026-03-07T00:20:03.787Z] OPTIONS /api/entries/394?periodo=2026
[2026-03-07T00:20:03.787Z] GET /api/entries/122?periodo=2026
[2026-03-07T00:20:03.787Z] OPTIONS /api/entries/395?periodo=2026
[2026-03-07T00:20:03.787Z] OPTIONS /api/entries/393?periodo=2026
[2026-03-07T00:20:03.787Z] GET /api/entries/124?periodo=2026
[2026-03-07T00:20:03.788Z] GET /api/entries/125?periodo=2026
[2026-03-07T00:20:03.788Z] GET /api/entries/123?periodo=2026
[2026-03-07T00:20:03.788Z] OPTIONS /api/entries/396?periodo=2026
[2026-03-07T00:20:03.789Z] OPTIONS /api/entries/397?periodo=2026
[2026-03-07T00:20:03.789Z] GET /api/entries/126?periodo=2026
[2026-03-07T00:20:03.789Z] OPTIONS /api/entries/398?periodo=2026
[2026-03-07T00:20:03.789Z] GET /api/entries/127?periodo=2026
[2026-03-07T00:20:03.791Z] OPTIONS /api/entries/399?periodo=2026
[2026-03-07T00:20:03.791Z] OPTIONS /api/entries/400?periodo=2026
[2026-03-07T00:20:03.791Z] OPTIONS /api/entries/401?periodo=2026
[2026-03-07T00:20:03.791Z] OPTIONS /api/entries/402?periodo=2026
[2026-03-07T00:20:03.791Z] OPTIONS /api/entries/403?periodo=2026
[2026-03-07T00:20:03.791Z] OPTIONS /api/entries/404?periodo=2026
[2026-03-07T00:20:03.791Z] OPTIONS /api/entries/405?periodo=2026
[2026-03-07T00:20:03.792Z] OPTIONS /api/entries/406?periodo=2026
[2026-03-07T00:20:03.792Z] OPTIONS /api/entries/407?periodo=2026
[2026-03-07T00:20:03.792Z] GET /api/entries/128?periodo=2026
[2026-03-07T00:20:03.792Z] OPTIONS /api/entries/408?periodo=2026
[2026-03-07T00:20:03.793Z] OPTIONS /api/entries/409?periodo=2026
[2026-03-07T00:20:03.793Z] GET /api/entries/129?periodo=2026
[2026-03-07T00:20:03.793Z] OPTIONS /api/entries/410?periodo=2026
[2026-03-07T00:20:03.793Z] OPTIONS /api/entries/411?periodo=2026
[2026-03-07T00:20:03.793Z] OPTIONS /api/entries/412?periodo=2026
[2026-03-07T00:20:03.793Z] GET /api/entries/130?periodo=2026
[2026-03-07T00:20:03.794Z] OPTIONS /api/entries/413?periodo=2026
[2026-03-07T00:20:03.794Z] OPTIONS /api/entries/415?periodo=2026
[2026-03-07T00:20:03.794Z] OPTIONS /api/entries/416?periodo=2026
[2026-03-07T00:20:03.794Z] OPTIONS /api/entries/414?periodo=2026
[2026-03-07T00:20:03.794Z] OPTIONS /api/entries/417?periodo=2026
[2026-03-07T00:20:03.794Z] GET /api/entries/132?periodo=2026
[2026-03-07T00:20:03.794Z] GET /api/entries/131?periodo=2026
[2026-03-07T00:20:03.795Z] GET /api/entries/135?periodo=2026
[2026-03-07T00:20:03.795Z] GET /api/entries/133?periodo=2026
[2026-03-07T00:20:03.795Z] GET /api/entries/134?periodo=2026
[2026-03-07T00:20:03.796Z] GET /api/entries/136?periodo=2026
[2026-03-07T00:20:03.796Z] GET /api/entries/137?periodo=2026
[2026-03-07T00:20:03.797Z] GET /api/entries/138?periodo=2026
[2026-03-07T00:20:03.797Z] GET /api/entries/139?periodo=2026
[2026-03-07T00:20:03.798Z] GET /api/entries/140?periodo=2026
[2026-03-07T00:20:03.798Z] GET /api/entries/141?periodo=2026
[2026-03-07T00:20:03.799Z] GET /api/entries/142?periodo=2026
[2026-03-07T00:20:03.799Z] GET /api/entries/144?periodo=2026
[2026-03-07T00:20:03.799Z] GET /api/entries/143?periodo=2026
[2026-03-07T00:20:03.800Z] GET /api/entries/146?periodo=2026
[2026-03-07T00:20:03.800Z] GET /api/entries/147?periodo=2026
[2026-03-07T00:20:03.801Z] GET /api/entries/145?periodo=2026
[2026-03-07T00:20:03.802Z] GET /api/entries/148?periodo=2026
[2026-03-07T00:20:03.802Z] GET /api/entries/149?periodo=2026
[2026-03-07T00:20:03.802Z] GET /api/entries/151?periodo=2026
[2026-03-07T00:20:03.803Z] GET /api/entries/152?periodo=2026
[2026-03-07T00:20:03.803Z] GET /api/entries/150?periodo=2026
[2026-03-07T00:20:03.804Z] GET /api/entries/153?periodo=2026
[2026-03-07T00:20:03.805Z] GET /api/entries/154?periodo=2026
[2026-03-07T00:20:03.806Z] GET /api/entries/155?periodo=2026
[2026-03-07T00:20:03.806Z] GET /api/entries/156?periodo=2026
[2026-03-07T00:20:03.807Z] GET /api/entries/158?periodo=2026
[2026-03-07T00:20:03.808Z] GET /api/entries/159?periodo=2026
[2026-03-07T00:20:03.809Z] GET /api/entries/160?periodo=2026
[2026-03-07T00:20:03.809Z] GET /api/entries/161?periodo=2026
[2026-03-07T00:20:03.810Z] GET /api/entries/162?periodo=2026
[2026-03-07T00:20:03.810Z] GET /api/entries/163?periodo=2026
[2026-03-07T00:20:03.810Z] GET /api/entries/164?periodo=2026
[2026-03-07T00:20:03.811Z] GET /api/entries/166?periodo=2026
[2026-03-07T00:20:03.811Z] GET /api/entries/167?periodo=2026
[2026-03-07T00:20:03.813Z] GET /api/entries/168?periodo=2026
[2026-03-07T00:20:03.813Z] GET /api/entries/170?periodo=2026
[2026-03-07T00:20:03.813Z] GET /api/entries/169?periodo=2026
[2026-03-07T00:20:03.814Z] GET /api/entries/172?periodo=2026
[2026-03-07T00:20:03.814Z] GET /api/entries/171?periodo=2026
[2026-03-07T00:20:03.815Z] GET /api/entries/174?periodo=2026
[2026-03-07T00:20:03.816Z] GET /api/entries/173?periodo=2026
[2026-03-07T00:20:03.817Z] GET /api/entries/175?periodo=2026
[2026-03-07T00:20:03.817Z] GET /api/entries/177?periodo=2026
[2026-03-07T00:20:03.818Z] GET /api/entries/176?periodo=2026
[2026-03-07T00:20:03.818Z] GET /api/entries/178?periodo=2026
[2026-03-07T00:20:03.819Z] GET /api/entries/180?periodo=2026
[2026-03-07T00:20:03.820Z] GET /api/entries/181?periodo=2026
[2026-03-07T00:20:03.820Z] GET /api/entries/179?periodo=2026
[2026-03-07T00:20:03.821Z] GET /api/entries/182?periodo=2026
[2026-03-07T00:20:03.821Z] GET /api/entries/185?periodo=2026
[2026-03-07T00:20:03.822Z] GET /api/entries/183?periodo=2026
[2026-03-07T00:20:03.823Z] GET /api/entries/184?periodo=2026
[2026-03-07T00:20:03.824Z] GET /api/entries/186?periodo=2026
[2026-03-07T00:20:03.824Z] GET /api/entries/187?periodo=2026
[2026-03-07T00:20:03.824Z] GET /api/entries/188?periodo=2026
[2026-03-07T00:20:03.825Z] GET /api/entries/191?periodo=2026
[2026-03-07T00:20:03.825Z] GET /api/entries/192?periodo=2026
[2026-03-07T00:20:03.825Z] GET /api/entries/189?periodo=2026
[2026-03-07T00:20:03.826Z] GET /api/entries/190?periodo=2026
[2026-03-07T00:20:03.826Z] GET /api/entries/193?periodo=2026
[2026-03-07T00:20:03.827Z] GET /api/entries/195?periodo=2026
[2026-03-07T00:20:03.827Z] GET /api/entries/194?periodo=2026
[2026-03-07T00:20:03.828Z] GET /api/entries/196?periodo=2026
[2026-03-07T00:20:03.828Z] GET /api/entries/198?periodo=2026
[2026-03-07T00:20:03.829Z] GET /api/entries/197?periodo=2026
[2026-03-07T00:20:03.829Z] GET /api/entries/200?periodo=2026
[2026-03-07T00:20:03.830Z] GET /api/entries/201?periodo=2026
[2026-03-07T00:20:03.830Z] GET /api/entries/199?periodo=2026
[2026-03-07T00:20:03.830Z] GET /api/entries/202?periodo=2026
[2026-03-07T00:20:03.831Z] GET /api/entries/203?periodo=2026
[2026-03-07T00:20:03.831Z] GET /api/entries/204?periodo=2026
[2026-03-07T00:20:03.831Z] GET /api/entries/205?periodo=2026
[2026-03-07T00:20:03.832Z] GET /api/entries/206?periodo=2026
[2026-03-07T00:20:03.833Z] GET /api/entries/207?periodo=2026
[2026-03-07T00:20:03.833Z] GET /api/entries/208?periodo=2026
[2026-03-07T00:20:03.834Z] GET /api/entries/209?periodo=2026
[2026-03-07T00:20:03.834Z] GET /api/entries/210?periodo=2026
[2026-03-07T00:20:03.834Z] GET /api/entries/211?periodo=2026
[2026-03-07T00:20:03.835Z] GET /api/entries/212?periodo=2026
[2026-03-07T00:20:03.835Z] GET /api/entries/213?periodo=2026
[2026-03-07T00:20:03.836Z] GET /api/entries/216?periodo=2026
[2026-03-07T00:20:03.836Z] GET /api/entries/214?periodo=2026
[2026-03-07T00:20:03.837Z] GET /api/entries/217?periodo=2026
[2026-03-07T00:20:03.839Z] GET /api/entries/215?periodo=2026
[2026-03-07T00:20:03.839Z] GET /api/entries/218?periodo=2026
[2026-03-07T00:20:03.840Z] GET /api/entries/219?periodo=2026
[2026-03-07T00:20:03.840Z] GET /api/entries/220?periodo=2026
[2026-03-07T00:20:03.841Z] GET /api/entries/221?periodo=2026
[2026-03-07T00:20:03.841Z] GET /api/entries/222?periodo=2026
[2026-03-07T00:20:03.841Z] GET /api/entries/223?periodo=2026
[2026-03-07T00:20:03.842Z] GET /api/entries/224?periodo=2026
[2026-03-07T00:20:03.842Z] GET /api/entries/225?periodo=2026
[2026-03-07T00:20:03.843Z] GET /api/entries/226?periodo=2026
[2026-03-07T00:20:03.843Z] GET /api/entries/228?periodo=2026
[2026-03-07T00:20:03.843Z] GET /api/entries/229?periodo=2026
[2026-03-07T00:20:03.844Z] GET /api/entries/230?periodo=2026
[2026-03-07T00:20:03.844Z] GET /api/entries/233?periodo=2026
[2026-03-07T00:20:03.845Z] GET /api/entries/234?periodo=2026
[2026-03-07T00:20:03.845Z] GET /api/entries/235?periodo=2026
[2026-03-07T00:20:03.846Z] GET /api/entries/236?periodo=2026
[2026-03-07T00:20:03.846Z] GET /api/entries/239?periodo=2026
[2026-03-07T00:20:03.846Z] GET /api/entries/237?periodo=2026
[2026-03-07T00:20:03.847Z] GET /api/entries/240?periodo=2026
[2026-03-07T00:20:03.847Z] GET /api/entries/238?periodo=2026
[2026-03-07T00:20:03.848Z] GET /api/entries/242?periodo=2026
[2026-03-07T00:20:03.848Z] GET /api/entries/243?periodo=2026
[2026-03-07T00:20:03.849Z] GET /api/entries/244?periodo=2026
[2026-03-07T00:20:03.849Z] GET /api/entries/246?periodo=2026
[2026-03-07T00:20:03.850Z] GET /api/entries/245?periodo=2026
[2026-03-07T00:20:03.850Z] GET /api/entries/247?periodo=2026
[2026-03-07T00:20:03.851Z] GET /api/entries/248?periodo=2026
[2026-03-07T00:20:03.851Z] GET /api/entries/249?periodo=2026
[2026-03-07T00:20:03.852Z] GET /api/entries/250?periodo=2026
[2026-03-07T00:20:03.852Z] GET /api/entries/251?periodo=2026
[2026-03-07T00:20:03.853Z] GET /api/entries/252?periodo=2026
[2026-03-07T00:20:03.853Z] GET /api/entries/253?periodo=2026
[2026-03-07T00:20:03.855Z] GET /api/entries/254?periodo=2026
[2026-03-07T00:20:03.855Z] GET /api/entries/255?periodo=2026
[2026-03-07T00:20:03.856Z] GET /api/entries/257?periodo=2026
[2026-03-07T00:20:03.857Z] GET /api/entries/258?periodo=2026
[2026-03-07T00:20:03.857Z] GET /api/entries/259?periodo=2026
[2026-03-07T00:20:03.857Z] GET /api/entries/260?periodo=2026
[2026-03-07T00:20:03.858Z] GET /api/entries/261?periodo=2026
[2026-03-07T00:20:03.858Z] GET /api/entries/262?periodo=2026
[2026-03-07T00:20:03.859Z] GET /api/entries/265?periodo=2026
[2026-03-07T00:20:03.859Z] GET /api/entries/266?periodo=2026
[2026-03-07T00:20:03.859Z] GET /api/entries/263?periodo=2026
[2026-03-07T00:20:03.860Z] GET /api/entries/264?periodo=2026
[2026-03-07T00:20:03.861Z] GET /api/entries/268?periodo=2026
[2026-03-07T00:20:03.861Z] GET /api/entries/269?periodo=2026
[2026-03-07T00:20:03.862Z] GET /api/entries/267?periodo=2026
[2026-03-07T00:20:03.862Z] GET /api/entries/271?periodo=2026
[2026-03-07T00:20:03.862Z] GET /api/entries/270?periodo=2026
[2026-03-07T00:20:03.863Z] GET /api/entries/272?periodo=2026
[2026-03-07T00:20:03.864Z] GET /api/entries/273?periodo=2026
[2026-03-07T00:20:03.864Z] GET /api/entries/274?periodo=2026
[2026-03-07T00:20:03.864Z] GET /api/entries/275?periodo=2026
[2026-03-07T00:20:03.865Z] GET /api/entries/277?periodo=2026
[2026-03-07T00:20:03.866Z] GET /api/entries/276?periodo=2026
[2026-03-07T00:20:03.866Z] GET /api/entries/278?periodo=2026
[2026-03-07T00:20:03.866Z] GET /api/entries/279?periodo=2026
[2026-03-07T00:20:03.867Z] GET /api/entries/281?periodo=2026
[2026-03-07T00:20:03.867Z] GET /api/entries/280?periodo=2026
[2026-03-07T00:20:03.868Z] GET /api/entries/282?periodo=2026
[2026-03-07T00:20:03.868Z] GET /api/entries/283?periodo=2026
[2026-03-07T00:20:03.869Z] GET /api/entries/284?periodo=2026
[2026-03-07T00:20:03.869Z] GET /api/entries/285?periodo=2026
[2026-03-07T00:20:03.870Z] GET /api/entries/286?periodo=2026
[2026-03-07T00:20:03.870Z] GET /api/entries/288?periodo=2026
[2026-03-07T00:20:03.870Z] GET /api/entries/289?periodo=2026
[2026-03-07T00:20:03.870Z] GET /api/entries/290?periodo=2026
[2026-03-07T00:20:03.871Z] GET /api/entries/291?periodo=2026
[2026-03-07T00:20:03.873Z] GET /api/entries/294?periodo=2026
[2026-03-07T00:20:03.873Z] GET /api/entries/292?periodo=2026
[2026-03-07T00:20:03.874Z] GET /api/entries/293?periodo=2026
[2026-03-07T00:20:03.874Z] GET /api/entries/295?periodo=2026
[2026-03-07T00:20:03.874Z] GET /api/entries/296?periodo=2026
[2026-03-07T00:20:03.875Z] GET /api/entries/297?periodo=2026
[2026-03-07T00:20:03.876Z] GET /api/entries/302?periodo=2026
[2026-03-07T00:20:03.877Z] GET /api/entries/298?periodo=2026
[2026-03-07T00:20:03.877Z] GET /api/entries/299?periodo=2026
[2026-03-07T00:20:03.878Z] GET /api/entries/300?periodo=2026
[2026-03-07T00:20:03.878Z] GET /api/entries/301?periodo=2026
[2026-03-07T00:20:03.878Z] GET /api/entries/303?periodo=2026
[2026-03-07T00:20:03.879Z] GET /api/entries/304?periodo=2026
[2026-03-07T00:20:03.879Z] GET /api/entries/305?periodo=2026
[2026-03-07T00:20:03.880Z] GET /api/entries/307?periodo=2026
[2026-03-07T00:20:03.880Z] GET /api/entries/308?periodo=2026
[2026-03-07T00:20:03.880Z] GET /api/entries/309?periodo=2026
[2026-03-07T00:20:03.881Z] GET /api/entries/306?periodo=2026
[2026-03-07T00:20:03.882Z] GET /api/entries/311?periodo=2026
[2026-03-07T00:20:03.882Z] GET /api/entries/312?periodo=2026
[2026-03-07T00:20:03.882Z] GET /api/entries/313?periodo=2026
[2026-03-07T00:20:03.883Z] GET /api/entries/316?periodo=2026
[2026-03-07T00:20:03.883Z] GET /api/entries/317?periodo=2026
[2026-03-07T00:20:03.884Z] GET /api/entries/314?periodo=2026
[2026-03-07T00:20:03.885Z] GET /api/entries/315?periodo=2026
[2026-03-07T00:20:03.885Z] GET /api/entries/322?periodo=2026
[2026-03-07T00:20:03.886Z] GET /api/entries/318?periodo=2026
[2026-03-07T00:20:03.886Z] GET /api/entries/324?periodo=2026
[2026-03-07T00:20:03.886Z] GET /api/entries/325?periodo=2026
[2026-03-07T00:20:03.887Z] GET /api/entries/327?periodo=2026
[2026-03-07T00:20:03.887Z] GET /api/entries/326?periodo=2026
[2026-03-07T00:20:03.889Z] GET /api/entries/329?periodo=2026
[2026-03-07T00:20:03.889Z] GET /api/entries/328?periodo=2026
[2026-03-07T00:20:03.889Z] GET /api/entries/330?periodo=2026
[2026-03-07T00:20:03.890Z] GET /api/entries/331?periodo=2026
[2026-03-07T00:20:03.890Z] GET /api/entries/332?periodo=2026
[2026-03-07T00:20:03.891Z] GET /api/entries/333?periodo=2026
[2026-03-07T00:20:03.900Z] GET /api/entries/334?periodo=2026
[2026-03-07T00:20:03.901Z] GET /api/entries/335?periodo=2026
[2026-03-07T00:20:03.901Z] GET /api/entries/336?periodo=2026
[2026-03-07T00:20:03.902Z] GET /api/entries/337?periodo=2026
[2026-03-07T00:20:03.902Z] GET /api/entries/341?periodo=2026
[2026-03-07T00:20:03.902Z] GET /api/entries/342?periodo=2026
[2026-03-07T00:20:03.903Z] GET /api/entries/347?periodo=2026
[2026-03-07T00:20:03.903Z] GET /api/entries/343?periodo=2026
[2026-03-07T00:20:03.905Z] GET /api/entries/344?periodo=2026
[2026-03-07T00:20:03.906Z] GET /api/entries/349?periodo=2026
[2026-03-07T00:20:03.907Z] GET /api/entries/350?periodo=2026
[2026-03-07T00:20:03.907Z] GET /api/entries/348?periodo=2026
[2026-03-07T00:20:03.908Z] GET /api/entries/351?periodo=2026
[2026-03-07T00:20:03.908Z] GET /api/entries/352?periodo=2026
[2026-03-07T00:20:03.909Z] GET /api/entries/353?periodo=2026
[2026-03-07T00:20:03.909Z] GET /api/entries/355?periodo=2026
[2026-03-07T00:20:03.909Z] GET /api/entries/354?periodo=2026
[2026-03-07T00:20:03.910Z] GET /api/entries/356?periodo=2026
[2026-03-07T00:20:03.910Z] GET /api/entries/357?periodo=2026
[2026-03-07T00:20:03.911Z] GET /api/entries/359?periodo=2026
[2026-03-07T00:20:03.911Z] GET /api/entries/358?periodo=2026
[2026-03-07T00:20:03.912Z] GET /api/entries/360?periodo=2026
[2026-03-07T00:20:03.912Z] GET /api/entries/361?periodo=2026
[2026-03-07T00:20:03.913Z] GET /api/entries/362?periodo=2026
[2026-03-07T00:20:03.913Z] GET /api/entries/363?periodo=2026
[2026-03-07T00:20:03.913Z] GET /api/entries/364?periodo=2026
[2026-03-07T00:20:03.914Z] GET /api/entries/365?periodo=2026
[2026-03-07T00:20:03.914Z] GET /api/entries/366?periodo=2026
[2026-03-07T00:20:03.915Z] GET /api/entries/367?periodo=2026
[2026-03-07T00:20:03.915Z] GET /api/entries/369?periodo=2026
[2026-03-07T00:20:03.915Z] GET /api/entries/368?periodo=2026
[2026-03-07T00:20:03.916Z] GET /api/entries/370?periodo=2026
[2026-03-07T00:20:03.916Z] GET /api/entries/371?periodo=2026
[2026-03-07T00:20:03.917Z] GET /api/entries/374?periodo=2026
[2026-03-07T00:20:03.917Z] GET /api/entries/372?periodo=2026
[2026-03-07T00:20:03.918Z] GET /api/entries/373?periodo=2026
[2026-03-07T00:20:03.918Z] GET /api/entries/375?periodo=2026
[2026-03-07T00:20:03.919Z] GET /api/entries/376?periodo=2026
[2026-03-07T00:20:03.919Z] GET /api/entries/377?periodo=2026
[2026-03-07T00:20:03.919Z] GET /api/entries/378?periodo=2026
[2026-03-07T00:20:03.920Z] GET /api/entries/379?periodo=2026
[2026-03-07T00:20:03.920Z] GET /api/entries/380?periodo=2026
[2026-03-07T00:20:03.920Z] GET /api/entries/382?periodo=2026
[2026-03-07T00:20:03.921Z] GET /api/entries/381?periodo=2026
[2026-03-07T00:20:03.921Z] GET /api/entries/383?periodo=2026
[2026-03-07T00:20:03.922Z] GET /api/entries/384?periodo=2026
[2026-03-07T00:20:03.922Z] GET /api/entries/385?periodo=2026
[2026-03-07T00:20:03.923Z] GET /api/entries/386?periodo=2026
[2026-03-07T00:20:03.923Z] GET /api/entries/387?periodo=2026
[2026-03-07T00:20:03.924Z] GET /api/entries/388?periodo=2026
[2026-03-07T00:20:03.924Z] GET /api/entries/392?periodo=2026
[2026-03-07T00:20:03.925Z] GET /api/entries/389?periodo=2026
[2026-03-07T00:20:03.925Z] GET /api/entries/390?periodo=2026
[2026-03-07T00:20:03.926Z] GET /api/entries/391?periodo=2026
[2026-03-07T00:20:03.926Z] GET /api/entries/394?periodo=2026
[2026-03-07T00:20:03.927Z] GET /api/entries/395?periodo=2026
[2026-03-07T00:20:03.927Z] GET /api/entries/393?periodo=2026
[2026-03-07T00:20:03.929Z] GET /api/entries/396?periodo=2026
[2026-03-07T00:20:03.929Z] GET /api/entries/397?periodo=2026
[2026-03-07T00:20:03.930Z] GET /api/entries/398?periodo=2026
[2026-03-07T00:20:03.930Z] GET /api/entries/399?periodo=2026
[2026-03-07T00:20:03.930Z] GET /api/entries/400?periodo=2026
[2026-03-07T00:20:03.931Z] GET /api/entries/401?periodo=2026
[2026-03-07T00:20:03.931Z] GET /api/entries/402?periodo=2026
[2026-03-07T00:20:03.931Z] GET /api/entries/403?periodo=2026
[2026-03-07T00:20:03.933Z] GET /api/entries/404?periodo=2026
[2026-03-07T00:20:03.933Z] GET /api/entries/405?periodo=2026
[2026-03-07T00:20:03.933Z] GET /api/entries/406?periodo=2026
[2026-03-07T00:20:03.934Z] GET /api/entries/407?periodo=2026
[2026-03-07T00:20:03.934Z] GET /api/entries/408?periodo=2026
[2026-03-07T00:20:03.935Z] GET /api/entries/409?periodo=2026
[2026-03-07T00:20:03.935Z] GET /api/entries/410?periodo=2026
[2026-03-07T00:20:03.935Z] GET /api/entries/411?periodo=2026
[2026-03-07T00:20:03.936Z] GET /api/entries/412?periodo=2026
[2026-03-07T00:20:03.936Z] GET /api/entries/413?periodo=2026
[2026-03-07T00:20:03.936Z] GET /api/entries/415?periodo=2026
[2026-03-07T00:20:03.937Z] GET /api/entries/416?periodo=2026
[2026-03-07T00:20:03.937Z] GET /api/entries/414?periodo=2026
[2026-03-07T00:20:03.939Z] GET /api/entries/417?periodo=2026
[2026-03-07T00:20:03.939Z] OPTIONS /api/entries/2?periodo=2026
[2026-03-07T00:20:03.939Z] OPTIONS /api/entries/3?periodo=2026
[2026-03-07T00:20:03.940Z] OPTIONS /api/entries/4?periodo=2026
[2026-03-07T00:20:03.940Z] OPTIONS /api/entries/5?periodo=2026
[2026-03-07T00:20:03.940Z] OPTIONS /api/entries/6?periodo=2026
[2026-03-07T00:20:03.940Z] OPTIONS /api/entries/7?periodo=2026
[2026-03-07T00:20:03.940Z] OPTIONS /api/entries/8?periodo=2026
[2026-03-07T00:20:03.941Z] OPTIONS /api/entries/9?periodo=2026
[2026-03-07T00:20:03.941Z] OPTIONS /api/entries/10?periodo=2026
[2026-03-07T00:20:03.941Z] OPTIONS /api/entries/11?periodo=2026
[2026-03-07T00:20:03.941Z] OPTIONS /api/entries/13?periodo=2026
[2026-03-07T00:20:03.941Z] OPTIONS /api/entries/12?periodo=2026
[2026-03-07T00:20:03.941Z] OPTIONS /api/entries/14?periodo=2026
[2026-03-07T00:20:03.941Z] OPTIONS /api/entries/15?periodo=2026
[2026-03-07T00:20:03.941Z] OPTIONS /api/entries/16?periodo=2026
[2026-03-07T00:20:03.941Z] OPTIONS /api/entries/22?periodo=2026
[2026-03-07T00:20:03.942Z] OPTIONS /api/entries/17?periodo=2026
[2026-03-07T00:20:03.942Z] OPTIONS /api/entries/18?periodo=2026
[2026-03-07T00:20:03.942Z] OPTIONS /api/entries/19?periodo=2026
[2026-03-07T00:20:03.942Z] OPTIONS /api/entries/21?periodo=2026
[2026-03-07T00:20:03.942Z] OPTIONS /api/entries/24?periodo=2026
[2026-03-07T00:20:03.942Z] OPTIONS /api/entries/25?periodo=2026
[2026-03-07T00:20:03.942Z] OPTIONS /api/entries/23?periodo=2026
[2026-03-07T00:20:03.942Z] OPTIONS /api/entries/26?periodo=2026
[2026-03-07T00:20:03.942Z] OPTIONS /api/entries/28?periodo=2026
[2026-03-07T00:20:03.942Z] OPTIONS /api/entries/29?periodo=2026
[2026-03-07T00:20:03.942Z] OPTIONS /api/entries/30?periodo=2026
[2026-03-07T00:20:03.943Z] OPTIONS /api/entries/31?periodo=2026
[2026-03-07T00:20:03.943Z] OPTIONS /api/entries/32?periodo=2026
[2026-03-07T00:20:03.943Z] OPTIONS /api/entries/33?periodo=2026
[2026-03-07T00:20:03.943Z] OPTIONS /api/entries/34?periodo=2026
[2026-03-07T00:20:03.943Z] OPTIONS /api/entries/35?periodo=2026
[2026-03-07T00:20:03.943Z] OPTIONS /api/entries/40?periodo=2026
[2026-03-07T00:20:03.943Z] OPTIONS /api/entries/41?periodo=2026
[2026-03-07T00:20:03.943Z] OPTIONS /api/entries/36?periodo=2026
[2026-03-07T00:20:03.943Z] OPTIONS /api/entries/37?periodo=2026
[2026-03-07T00:20:03.943Z] OPTIONS /api/entries/39?periodo=2026
[2026-03-07T00:20:03.943Z] OPTIONS /api/entries/42?periodo=2026
[2026-03-07T00:20:03.943Z] OPTIONS /api/entries/43?periodo=2026
[2026-03-07T00:20:03.944Z] OPTIONS /api/entries/45?periodo=2026
[2026-03-07T00:20:03.944Z] OPTIONS /api/entries/46?periodo=2026
[2026-03-07T00:20:03.944Z] OPTIONS /api/entries/47?periodo=2026
[2026-03-07T00:20:03.944Z] OPTIONS /api/entries/48?periodo=2026
[2026-03-07T00:20:03.944Z] OPTIONS /api/entries/49?periodo=2026
[2026-03-07T00:20:03.944Z] OPTIONS /api/entries/50?periodo=2026
[2026-03-07T00:20:03.944Z] OPTIONS /api/entries/51?periodo=2026
[2026-03-07T00:20:03.945Z] OPTIONS /api/entries/52?periodo=2026
[2026-03-07T00:20:03.945Z] OPTIONS /api/entries/53?periodo=2026
[2026-03-07T00:20:03.945Z] OPTIONS /api/entries/54?periodo=2026
[2026-03-07T00:20:03.945Z] OPTIONS /api/entries/56?periodo=2026
[2026-03-07T00:20:03.945Z] OPTIONS /api/entries/57?periodo=2026
[2026-03-07T00:20:03.945Z] OPTIONS /api/entries/58?periodo=2026
[2026-03-07T00:20:03.946Z] OPTIONS /api/entries/59?periodo=2026
[2026-03-07T00:20:03.946Z] OPTIONS /api/entries/63?periodo=2026
[2026-03-07T00:20:03.946Z] OPTIONS /api/entries/65?periodo=2026
[2026-03-07T00:20:03.946Z] OPTIONS /api/entries/66?periodo=2026
[2026-03-07T00:20:03.946Z] OPTIONS /api/entries/60?periodo=2026
[2026-03-07T00:20:03.946Z] OPTIONS /api/entries/61?periodo=2026
[2026-03-07T00:20:03.946Z] OPTIONS /api/entries/62?periodo=2026
[2026-03-07T00:20:03.946Z] OPTIONS /api/entries/67?periodo=2026
[2026-03-07T00:20:03.946Z] OPTIONS /api/entries/69?periodo=2026
[2026-03-07T00:20:03.946Z] OPTIONS /api/entries/70?periodo=2026
[2026-03-07T00:20:03.946Z] OPTIONS /api/entries/71?periodo=2026
[2026-03-07T00:20:03.947Z] OPTIONS /api/entries/74?periodo=2026
[2026-03-07T00:20:03.947Z] OPTIONS /api/entries/75?periodo=2026
[2026-03-07T00:20:03.947Z] OPTIONS /api/entries/72?periodo=2026
[2026-03-07T00:20:03.947Z] OPTIONS /api/entries/73?periodo=2026
[2026-03-07T00:20:03.947Z] OPTIONS /api/entries/76?periodo=2026
[2026-03-07T00:20:03.947Z] OPTIONS /api/entries/77?periodo=2026
[2026-03-07T00:20:03.947Z] OPTIONS /api/entries/78?periodo=2026
[2026-03-07T00:20:03.947Z] OPTIONS /api/entries/79?periodo=2026
[2026-03-07T00:20:03.947Z] OPTIONS /api/entries/81?periodo=2026
[2026-03-07T00:20:03.947Z] OPTIONS /api/entries/85?periodo=2026
[2026-03-07T00:20:03.947Z] OPTIONS /api/entries/86?periodo=2026
[2026-03-07T00:20:03.947Z] OPTIONS /api/entries/82?periodo=2026
[2026-03-07T00:20:03.947Z] OPTIONS /api/entries/83?periodo=2026
[2026-03-07T00:20:03.948Z] OPTIONS /api/entries/84?periodo=2026
[2026-03-07T00:20:03.948Z] OPTIONS /api/entries/89?periodo=2026
[2026-03-07T00:20:03.948Z] OPTIONS /api/entries/91?periodo=2026
[2026-03-07T00:20:03.948Z] OPTIONS /api/entries/92?periodo=2026
[2026-03-07T00:20:03.948Z] OPTIONS /api/entries/93?periodo=2026
[2026-03-07T00:20:03.948Z] OPTIONS /api/entries/87?periodo=2026
[2026-03-07T00:20:03.948Z] OPTIONS /api/entries/96?periodo=2026
[2026-03-07T00:20:03.948Z] OPTIONS /api/entries/97?periodo=2026
[2026-03-07T00:20:03.948Z] OPTIONS /api/entries/98?periodo=2026
[2026-03-07T00:20:03.948Z] OPTIONS /api/entries/99?periodo=2026
[2026-03-07T00:20:03.948Z] OPTIONS /api/entries/95?periodo=2026
[2026-03-07T00:20:03.948Z] OPTIONS /api/entries/101?periodo=2026
[2026-03-07T00:20:03.948Z] OPTIONS /api/entries/100?periodo=2026
[2026-03-07T00:20:03.949Z] OPTIONS /api/entries/102?periodo=2026
[2026-03-07T00:20:03.949Z] OPTIONS /api/entries/103?periodo=2026
[2026-03-07T00:20:03.949Z] OPTIONS /api/entries/104?periodo=2026
[2026-03-07T00:20:03.949Z] OPTIONS /api/entries/111?periodo=2026
[2026-03-07T00:20:03.949Z] OPTIONS /api/entries/107?periodo=2026
[2026-03-07T00:20:03.949Z] OPTIONS /api/entries/108?periodo=2026
[2026-03-07T00:20:03.949Z] OPTIONS /api/entries/110?periodo=2026
[2026-03-07T00:20:03.949Z] OPTIONS /api/entries/113?periodo=2026
[2026-03-07T00:20:03.949Z] OPTIONS /api/entries/112?periodo=2026
[2026-03-07T00:20:03.949Z] OPTIONS /api/entries/114?periodo=2026
[2026-03-07T00:20:03.950Z] OPTIONS /api/entries/115?periodo=2026
[2026-03-07T00:20:03.950Z] OPTIONS /api/entries/116?periodo=2026
[2026-03-07T00:20:03.950Z] OPTIONS /api/entries/117?periodo=2026
[2026-03-07T00:20:03.950Z] OPTIONS /api/entries/118?periodo=2026
[2026-03-07T00:20:03.950Z] OPTIONS /api/entries/119?periodo=2026
[2026-03-07T00:20:03.950Z] OPTIONS /api/entries/120?periodo=2026
[2026-03-07T00:20:03.950Z] OPTIONS /api/entries/121?periodo=2026
[2026-03-07T00:20:03.951Z] OPTIONS /api/entries/122?periodo=2026
[2026-03-07T00:20:03.951Z] OPTIONS /api/entries/123?periodo=2026
[2026-03-07T00:20:03.951Z] OPTIONS /api/entries/124?periodo=2026
[2026-03-07T00:20:03.951Z] OPTIONS /api/entries/125?periodo=2026
[2026-03-07T00:20:03.951Z] OPTIONS /api/entries/128?periodo=2026
[2026-03-07T00:20:03.951Z] OPTIONS /api/entries/126?periodo=2026
[2026-03-07T00:20:03.951Z] OPTIONS /api/entries/127?periodo=2026
[2026-03-07T00:20:03.951Z] OPTIONS /api/entries/129?periodo=2026
[2026-03-07T00:20:03.951Z] OPTIONS /api/entries/130?periodo=2026
[2026-03-07T00:20:03.951Z] OPTIONS /api/entries/131?periodo=2026
[2026-03-07T00:20:03.951Z] OPTIONS /api/entries/132?periodo=2026
[2026-03-07T00:20:03.951Z] OPTIONS /api/entries/133?periodo=2026
[2026-03-07T00:20:03.952Z] OPTIONS /api/entries/134?periodo=2026
[2026-03-07T00:20:03.952Z] OPTIONS /api/entries/135?periodo=2026
[2026-03-07T00:20:03.952Z] OPTIONS /api/entries/136?periodo=2026
[2026-03-07T00:20:03.952Z] OPTIONS /api/entries/137?periodo=2026
[2026-03-07T00:20:03.952Z] OPTIONS /api/entries/138?periodo=2026
[2026-03-07T00:20:03.952Z] OPTIONS /api/entries/139?periodo=2026
[2026-03-07T00:20:03.952Z] OPTIONS /api/entries/140?periodo=2026
[2026-03-07T00:20:03.952Z] OPTIONS /api/entries/141?periodo=2026
[2026-03-07T00:20:03.952Z] OPTIONS /api/entries/142?periodo=2026
[2026-03-07T00:20:03.953Z] OPTIONS /api/entries/143?periodo=2026
[2026-03-07T00:20:03.953Z] OPTIONS /api/entries/144?periodo=2026
[2026-03-07T00:20:03.953Z] OPTIONS /api/entries/145?periodo=2026
[2026-03-07T00:20:03.953Z] OPTIONS /api/entries/146?periodo=2026
[2026-03-07T00:20:03.953Z] OPTIONS /api/entries/147?periodo=2026
[2026-03-07T00:20:03.953Z] OPTIONS /api/entries/148?periodo=2026
[2026-03-07T00:20:03.953Z] OPTIONS /api/entries/149?periodo=2026
[2026-03-07T00:20:03.953Z] OPTIONS /api/entries/150?periodo=2026
[2026-03-07T00:20:03.954Z] OPTIONS /api/entries/151?periodo=2026
[2026-03-07T00:20:03.954Z] OPTIONS /api/entries/152?periodo=2026
[2026-03-07T00:20:03.954Z] OPTIONS /api/entries/153?periodo=2026
[2026-03-07T00:20:03.954Z] OPTIONS /api/entries/154?periodo=2026
[2026-03-07T00:20:03.954Z] OPTIONS /api/entries/155?periodo=2026
[2026-03-07T00:20:03.954Z] OPTIONS /api/entries/156?periodo=2026
[2026-03-07T00:20:03.954Z] OPTIONS /api/entries/158?periodo=2026
[2026-03-07T00:20:03.954Z] OPTIONS /api/entries/159?periodo=2026
[2026-03-07T00:20:03.954Z] OPTIONS /api/entries/160?periodo=2026
[2026-03-07T00:20:03.954Z] OPTIONS /api/entries/161?periodo=2026
[2026-03-07T00:20:03.954Z] OPTIONS /api/entries/162?periodo=2026
[2026-03-07T00:20:03.955Z] OPTIONS /api/entries/163?periodo=2026
[2026-03-07T00:20:03.955Z] OPTIONS /api/entries/164?periodo=2026
[2026-03-07T00:20:03.955Z] OPTIONS /api/entries/166?periodo=2026
[2026-03-07T00:20:03.955Z] OPTIONS /api/entries/167?periodo=2026
[2026-03-07T00:20:03.955Z] OPTIONS /api/entries/168?periodo=2026
[2026-03-07T00:20:03.956Z] OPTIONS /api/entries/170?periodo=2026
[2026-03-07T00:20:03.956Z] OPTIONS /api/entries/172?periodo=2026
[2026-03-07T00:20:03.956Z] OPTIONS /api/entries/169?periodo=2026
[2026-03-07T00:20:03.956Z] OPTIONS /api/entries/174?periodo=2026
[2026-03-07T00:20:03.956Z] OPTIONS /api/entries/173?periodo=2026
[2026-03-07T00:20:03.956Z] OPTIONS /api/entries/178?periodo=2026
[2026-03-07T00:20:03.956Z] OPTIONS /api/entries/175?periodo=2026
[2026-03-07T00:20:03.956Z] OPTIONS /api/entries/171?periodo=2026
[2026-03-07T00:20:03.956Z] OPTIONS /api/entries/176?periodo=2026
[2026-03-07T00:20:03.956Z] OPTIONS /api/entries/180?periodo=2026
[2026-03-07T00:20:03.956Z] OPTIONS /api/entries/181?periodo=2026
[2026-03-07T00:20:03.956Z] OPTIONS /api/entries/179?periodo=2026
[2026-03-07T00:20:03.956Z] OPTIONS /api/entries/177?periodo=2026
[2026-03-07T00:20:03.957Z] OPTIONS /api/entries/182?periodo=2026
[2026-03-07T00:20:03.957Z] OPTIONS /api/entries/183?periodo=2026
[2026-03-07T00:20:03.957Z] OPTIONS /api/entries/184?periodo=2026
[2026-03-07T00:20:03.957Z] OPTIONS /api/entries/186?periodo=2026
[2026-03-07T00:20:03.957Z] OPTIONS /api/entries/185?periodo=2026
[2026-03-07T00:20:03.957Z] OPTIONS /api/entries/188?periodo=2026
[2026-03-07T00:20:03.957Z] OPTIONS /api/entries/192?periodo=2026
[2026-03-07T00:20:03.957Z] OPTIONS /api/entries/189?periodo=2026
[2026-03-07T00:20:03.957Z] OPTIONS /api/entries/191?periodo=2026
[2026-03-07T00:20:03.957Z] OPTIONS /api/entries/187?periodo=2026
[2026-03-07T00:20:03.957Z] OPTIONS /api/entries/193?periodo=2026
[2026-03-07T00:20:03.957Z] OPTIONS /api/entries/195?periodo=2026
[2026-03-07T00:20:03.957Z] OPTIONS /api/entries/190?periodo=2026
[2026-03-07T00:20:03.957Z] OPTIONS /api/entries/194?periodo=2026
[2026-03-07T00:20:03.957Z] OPTIONS /api/entries/196?periodo=2026
[2026-03-07T00:20:03.958Z] OPTIONS /api/entries/198?periodo=2026
[2026-03-07T00:20:03.958Z] OPTIONS /api/entries/197?periodo=2026
[2026-03-07T00:20:03.958Z] OPTIONS /api/entries/200?periodo=2026
[2026-03-07T00:20:03.958Z] OPTIONS /api/entries/201?periodo=2026
[2026-03-07T00:20:03.958Z] OPTIONS /api/entries/199?periodo=2026
[2026-03-07T00:20:03.958Z] OPTIONS /api/entries/202?periodo=2026
[2026-03-07T00:20:03.958Z] OPTIONS /api/entries/203?periodo=2026
[2026-03-07T00:20:03.958Z] OPTIONS /api/entries/205?periodo=2026
[2026-03-07T00:20:03.958Z] OPTIONS /api/entries/204?periodo=2026
[2026-03-07T00:20:03.958Z] OPTIONS /api/entries/206?periodo=2026
[2026-03-07T00:20:03.959Z] OPTIONS /api/entries/207?periodo=2026
[2026-03-07T00:20:03.959Z] OPTIONS /api/entries/208?periodo=2026
[2026-03-07T00:20:03.959Z] OPTIONS /api/entries/209?periodo=2026
[2026-03-07T00:20:03.959Z] OPTIONS /api/entries/210?periodo=2026
[2026-03-07T00:20:03.959Z] OPTIONS /api/entries/211?periodo=2026
[2026-03-07T00:20:03.959Z] OPTIONS /api/entries/212?periodo=2026
[2026-03-07T00:20:03.959Z] OPTIONS /api/entries/213?periodo=2026
[2026-03-07T00:20:03.959Z] OPTIONS /api/entries/216?periodo=2026
[2026-03-07T00:20:03.959Z] OPTIONS /api/entries/217?periodo=2026
[2026-03-07T00:20:03.959Z] OPTIONS /api/entries/214?periodo=2026
[2026-03-07T00:20:03.959Z] OPTIONS /api/entries/221?periodo=2026
[2026-03-07T00:20:03.960Z] OPTIONS /api/entries/215?periodo=2026
[2026-03-07T00:20:03.960Z] OPTIONS /api/entries/218?periodo=2026
[2026-03-07T00:20:03.960Z] OPTIONS /api/entries/219?periodo=2026
[2026-03-07T00:20:03.960Z] OPTIONS /api/entries/223?periodo=2026
[2026-03-07T00:20:03.960Z] OPTIONS /api/entries/224?periodo=2026
[2026-03-07T00:20:03.960Z] OPTIONS /api/entries/225?periodo=2026
[2026-03-07T00:20:03.960Z] OPTIONS /api/entries/220?periodo=2026
[2026-03-07T00:20:03.960Z] OPTIONS /api/entries/222?periodo=2026
[2026-03-07T00:20:03.960Z] OPTIONS /api/entries/228?periodo=2026
[2026-03-07T00:20:03.960Z] GET /api/entries/309?periodo=2026
[2026-03-07T00:20:03.961Z] OPTIONS /api/entries/230?periodo=2026
[2026-03-07T00:20:03.961Z] OPTIONS /api/entries/226?periodo=2026
[2026-03-07T00:20:03.961Z] GET /api/entries/306?periodo=2026
[2026-03-07T00:20:03.962Z] OPTIONS /api/entries/229?periodo=2026
[2026-03-07T00:20:03.962Z] OPTIONS /api/entries/233?periodo=2026
[2026-03-07T00:20:03.962Z] OPTIONS /api/entries/234?periodo=2026
[2026-03-07T00:20:03.962Z] GET /api/entries/311?periodo=2026
[2026-03-07T00:20:03.962Z] OPTIONS /api/entries/236?periodo=2026
[2026-03-07T00:20:03.962Z] OPTIONS /api/entries/235?periodo=2026
[2026-03-07T00:20:03.962Z] GET /api/entries/312?periodo=2026
[2026-03-07T00:20:03.963Z] GET /api/entries/313?periodo=2026
[2026-03-07T00:20:03.963Z] OPTIONS /api/entries/239?periodo=2026
[2026-03-07T00:20:03.963Z] OPTIONS /api/entries/237?periodo=2026
[2026-03-07T00:20:03.963Z] GET /api/entries/316?periodo=2026
[2026-03-07T00:20:03.964Z] GET /api/entries/317?periodo=2026
[2026-03-07T00:20:03.964Z] OPTIONS /api/entries/240?periodo=2026
[2026-03-07T00:20:03.964Z] GET /api/entries/314?periodo=2026
[2026-03-07T00:20:03.964Z] GET /api/entries/315?periodo=2026
[2026-03-07T00:20:03.965Z] OPTIONS /api/entries/238?periodo=2026
[2026-03-07T00:20:03.965Z] OPTIONS /api/entries/242?periodo=2026
[2026-03-07T00:20:03.965Z] OPTIONS /api/entries/243?periodo=2026
[2026-03-07T00:20:03.965Z] OPTIONS /api/entries/244?periodo=2026
[2026-03-07T00:20:03.965Z] OPTIONS /api/entries/246?periodo=2026
[2026-03-07T00:20:03.965Z] OPTIONS /api/entries/245?periodo=2026
[2026-03-07T00:20:03.965Z] GET /api/entries/322?periodo=2026
[2026-03-07T00:20:03.966Z] OPTIONS /api/entries/247?periodo=2026
[2026-03-07T00:20:03.966Z] GET /api/entries/318?periodo=2026
[2026-03-07T00:20:03.966Z] GET /api/entries/324?periodo=2026
[2026-03-07T00:20:03.967Z] GET /api/entries/325?periodo=2026
[2026-03-07T00:20:03.967Z] GET /api/entries/327?periodo=2026
[2026-03-07T00:20:03.967Z] OPTIONS /api/entries/248?periodo=2026
[2026-03-07T00:20:03.968Z] GET /api/entries/326?periodo=2026
[2026-03-07T00:20:03.968Z] OPTIONS /api/entries/249?periodo=2026
[2026-03-07T00:20:03.968Z] OPTIONS /api/entries/250?periodo=2026
[2026-03-07T00:20:03.968Z] OPTIONS /api/entries/251?periodo=2026
[2026-03-07T00:20:03.969Z] OPTIONS /api/entries/252?periodo=2026
[2026-03-07T00:20:03.969Z] OPTIONS /api/entries/253?periodo=2026
[2026-03-07T00:20:03.969Z] OPTIONS /api/entries/254?periodo=2026
[2026-03-07T00:20:03.969Z] OPTIONS /api/entries/255?periodo=2026
[2026-03-07T00:20:03.969Z] OPTIONS /api/entries/257?periodo=2026
[2026-03-07T00:20:03.969Z] OPTIONS /api/entries/258?periodo=2026
[2026-03-07T00:20:03.969Z] OPTIONS /api/entries/259?periodo=2026
[2026-03-07T00:20:03.969Z] OPTIONS /api/entries/261?periodo=2026
[2026-03-07T00:20:03.969Z] OPTIONS /api/entries/260?periodo=2026
[2026-03-07T00:20:03.969Z] OPTIONS /api/entries/266?periodo=2026
[2026-03-07T00:20:03.970Z] OPTIONS /api/entries/262?periodo=2026
[2026-03-07T00:20:03.970Z] OPTIONS /api/entries/265?periodo=2026
[2026-03-07T00:20:03.970Z] OPTIONS /api/entries/263?periodo=2026
[2026-03-07T00:20:03.970Z] OPTIONS /api/entries/264?periodo=2026
[2026-03-07T00:20:03.970Z] OPTIONS /api/entries/269?periodo=2026
[2026-03-07T00:20:03.970Z] OPTIONS /api/entries/267?periodo=2026
[2026-03-07T00:20:03.970Z] OPTIONS /api/entries/271?periodo=2026
[2026-03-07T00:20:03.970Z] OPTIONS /api/entries/270?periodo=2026
[2026-03-07T00:20:03.970Z] OPTIONS /api/entries/268?periodo=2026
[2026-03-07T00:20:03.970Z] OPTIONS /api/entries/273?periodo=2026
[2026-03-07T00:20:03.970Z] OPTIONS /api/entries/272?periodo=2026
[2026-03-07T00:20:03.970Z] OPTIONS /api/entries/274?periodo=2026
[2026-03-07T00:20:03.970Z] OPTIONS /api/entries/275?periodo=2026
[2026-03-07T00:20:03.971Z] OPTIONS /api/entries/277?periodo=2026
[2026-03-07T00:20:03.971Z] OPTIONS /api/entries/276?periodo=2026
[2026-03-07T00:20:03.971Z] OPTIONS /api/entries/278?periodo=2026
[2026-03-07T00:20:03.971Z] OPTIONS /api/entries/279?periodo=2026
[2026-03-07T00:20:03.971Z] OPTIONS /api/entries/281?periodo=2026
[2026-03-07T00:20:03.972Z] OPTIONS /api/entries/280?periodo=2026
[2026-03-07T00:20:03.972Z] OPTIONS /api/entries/283?periodo=2026
[2026-03-07T00:20:03.972Z] OPTIONS /api/entries/284?periodo=2026
[2026-03-07T00:20:03.972Z] OPTIONS /api/entries/285?periodo=2026
[2026-03-07T00:20:03.972Z] OPTIONS /api/entries/286?periodo=2026
[2026-03-07T00:20:03.972Z] OPTIONS /api/entries/282?periodo=2026
[2026-03-07T00:20:03.972Z] OPTIONS /api/entries/289?periodo=2026
[2026-03-07T00:20:03.972Z] OPTIONS /api/entries/290?periodo=2026
[2026-03-07T00:20:03.973Z] OPTIONS /api/entries/294?periodo=2026
[2026-03-07T00:20:03.973Z] OPTIONS /api/entries/291?periodo=2026
[2026-03-07T00:20:03.973Z] OPTIONS /api/entries/288?periodo=2026
[2026-03-07T00:20:03.973Z] GET /api/entries/328?periodo=2026
[2026-03-07T00:20:03.974Z] OPTIONS /api/entries/292?periodo=2026
[2026-03-07T00:20:03.974Z] GET /api/entries/331?periodo=2026
[2026-03-07T00:20:03.974Z] GET /api/entries/329?periodo=2026
[2026-03-07T00:20:03.976Z] GET /api/entries/333?periodo=2026
[2026-03-07T00:20:03.976Z] GET /api/entries/330?periodo=2026
[2026-03-07T00:20:03.977Z] OPTIONS /api/entries/293?periodo=2026
[2026-03-07T00:20:03.977Z] GET /api/entries/332?periodo=2026
[2026-03-07T00:20:03.978Z] OPTIONS /api/entries/295?periodo=2026
[2026-03-07T00:20:03.978Z] OPTIONS /api/entries/296?periodo=2026
[2026-03-07T00:20:03.978Z] OPTIONS /api/entries/297?periodo=2026
[2026-03-07T00:20:03.978Z] OPTIONS /api/entries/298?periodo=2026
[2026-03-07T00:20:03.978Z] GET /api/entries/334?periodo=2026
[2026-03-07T00:20:03.978Z] OPTIONS /api/entries/302?periodo=2026
[2026-03-07T00:20:03.978Z] OPTIONS /api/entries/301?periodo=2026
[2026-03-07T00:20:03.978Z] OPTIONS /api/entries/299?periodo=2026
[2026-03-07T00:20:03.979Z] OPTIONS /api/entries/300?periodo=2026
[2026-03-07T00:20:03.979Z] OPTIONS /api/entries/303?periodo=2026
[2026-03-07T00:20:03.979Z] GET /api/entries/336?periodo=2026
[2026-03-07T00:20:03.979Z] OPTIONS /api/entries/304?periodo=2026
[2026-03-07T00:20:03.979Z] OPTIONS /api/entries/305?periodo=2026
[2026-03-07T00:20:03.979Z] OPTIONS /api/entries/307?periodo=2026
[2026-03-07T00:20:03.979Z] OPTIONS /api/entries/308?periodo=2026
[2026-03-07T00:20:03.979Z] GET /api/entries/335?periodo=2026
[2026-03-07T00:20:03.980Z] GET /api/entries/337?periodo=2026
[2026-03-07T00:20:03.980Z] GET /api/entries/347?periodo=2026
[2026-03-07T00:20:03.980Z] GET /api/entries/343?periodo=2026
[2026-03-07T00:20:03.981Z] GET /api/entries/341?periodo=2026
[2026-03-07T00:20:03.981Z] GET /api/entries/342?periodo=2026
[2026-03-07T00:20:03.982Z] GET /api/entries/349?periodo=2026
[2026-03-07T00:20:03.982Z] GET /api/entries/350?periodo=2026
[2026-03-07T00:20:03.983Z] GET /api/entries/344?periodo=2026
[2026-03-07T00:20:03.983Z] GET /api/entries/348?periodo=2026
[2026-03-07T00:20:03.984Z] GET /api/entries/351?periodo=2026
[2026-03-07T00:20:03.984Z] GET /api/entries/352?periodo=2026
[2026-03-07T00:20:03.984Z] GET /api/entries/355?periodo=2026
[2026-03-07T00:20:03.985Z] GET /api/entries/353?periodo=2026
[2026-03-07T00:20:03.985Z] GET /api/entries/354?periodo=2026
[2026-03-07T00:20:03.986Z] GET /api/entries/356?periodo=2026
[2026-03-07T00:20:03.986Z] GET /api/entries/357?periodo=2026
[2026-03-07T00:20:03.987Z] GET /api/entries/359?periodo=2026
[2026-03-07T00:20:03.987Z] GET /api/entries/358?periodo=2026
[2026-03-07T00:20:03.988Z] GET /api/entries/361?periodo=2026
[2026-03-07T00:20:03.988Z] GET /api/entries/360?periodo=2026
[2026-03-07T00:20:03.989Z] GET /api/entries/362?periodo=2026
[2026-03-07T00:20:03.989Z] GET /api/entries/363?periodo=2026
[2026-03-07T00:20:03.990Z] GET /api/entries/364?periodo=2026
[2026-03-07T00:20:03.990Z] GET /api/entries/365?periodo=2026
[2026-03-07T00:20:03.990Z] GET /api/entries/366?periodo=2026
[2026-03-07T00:20:03.991Z] GET /api/entries/367?periodo=2026
[2026-03-07T00:20:03.991Z] GET /api/entries/369?periodo=2026
[2026-03-07T00:20:03.991Z] GET /api/entries/368?periodo=2026
[2026-03-07T00:20:03.992Z] GET /api/entries/370?periodo=2026
[2026-03-07T00:20:03.992Z] GET /api/entries/371?periodo=2026
[2026-03-07T00:20:03.993Z] GET /api/entries/374?periodo=2026
[2026-03-07T00:20:03.993Z] GET /api/entries/372?periodo=2026
[2026-03-07T00:20:03.993Z] GET /api/entries/373?periodo=2026
[2026-03-07T00:20:03.994Z] GET /api/entries/375?periodo=2026
[2026-03-07T00:20:03.994Z] GET /api/entries/376?periodo=2026
[2026-03-07T00:20:03.995Z] GET /api/entries/377?periodo=2026
[2026-03-07T00:20:03.995Z] GET /api/entries/378?periodo=2026
[2026-03-07T00:20:03.995Z] GET /api/entries/379?periodo=2026
[2026-03-07T00:20:03.996Z] GET /api/entries/380?periodo=2026
[2026-03-07T00:20:03.996Z] GET /api/entries/382?periodo=2026
[2026-03-07T00:20:03.997Z] GET /api/entries/381?periodo=2026
[2026-03-07T00:20:03.997Z] GET /api/entries/383?periodo=2026
[2026-03-07T00:20:03.997Z] GET /api/entries/384?periodo=2026
[2026-03-07T00:20:03.998Z] GET /api/entries/385?periodo=2026
[2026-03-07T00:20:03.998Z] GET /api/entries/386?periodo=2026
[2026-03-07T00:20:03.999Z] GET /api/entries/387?periodo=2026
[2026-03-07T00:20:04.000Z] GET /api/entries/388?periodo=2026
[2026-03-07T00:20:04.000Z] GET /api/entries/392?periodo=2026
[2026-03-07T00:20:04.000Z] GET /api/entries/389?periodo=2026
[2026-03-07T00:20:04.001Z] GET /api/entries/390?periodo=2026
[2026-03-07T00:20:04.001Z] GET /api/entries/391?periodo=2026
[2026-03-07T00:20:04.001Z] GET /api/entries/394?periodo=2026
[2026-03-07T00:20:04.002Z] GET /api/entries/395?periodo=2026
[2026-03-07T00:20:04.003Z] GET /api/entries/393?periodo=2026
[2026-03-07T00:20:04.003Z] GET /api/entries/396?periodo=2026
[2026-03-07T00:20:04.004Z] GET /api/entries/397?periodo=2026
[2026-03-07T00:20:04.004Z] GET /api/entries/398?periodo=2026
[2026-03-07T00:20:04.004Z] GET /api/entries/401?periodo=2026
[2026-03-07T00:20:04.005Z] GET /api/entries/402?periodo=2026
[2026-03-07T00:20:04.005Z] GET /api/entries/400?periodo=2026
[2026-03-07T00:20:04.006Z] GET /api/entries/399?periodo=2026
[2026-03-07T00:20:04.006Z] GET /api/entries/403?periodo=2026
[2026-03-07T00:20:04.007Z] GET /api/entries/404?periodo=2026
[2026-03-07T00:20:04.007Z] GET /api/entries/405?periodo=2026
[2026-03-07T00:20:04.007Z] GET /api/entries/406?periodo=2026
[2026-03-07T00:20:04.008Z] GET /api/entries/407?periodo=2026
[2026-03-07T00:20:04.008Z] GET /api/entries/408?periodo=2026
[2026-03-07T00:20:04.009Z] GET /api/entries/409?periodo=2026
[2026-03-07T00:20:04.009Z] GET /api/entries/410?periodo=2026
[2026-03-07T00:20:04.009Z] GET /api/entries/411?periodo=2026
[2026-03-07T00:20:04.010Z] GET /api/entries/413?periodo=2026
[2026-03-07T00:20:04.010Z] GET /api/entries/2?periodo=2026
[2026-03-07T00:20:04.012Z] GET /api/entries/3?periodo=2026
[2026-03-07T00:20:04.012Z] GET /api/entries/4?periodo=2026
[2026-03-07T00:20:04.012Z] GET /api/entries/5?periodo=2026
[2026-03-07T00:20:04.013Z] GET /api/entries/6?periodo=2026
[2026-03-07T00:20:04.013Z] GET /api/entries/7?periodo=2026
[2026-03-07T00:20:04.013Z] OPTIONS /api/entries/412?periodo=2026
[2026-03-07T00:20:04.014Z] GET /api/entries/8?periodo=2026
[2026-03-07T00:20:04.014Z] GET /api/entries/9?periodo=2026
[2026-03-07T00:20:04.015Z] GET /api/entries/10?periodo=2026
[2026-03-07T00:20:04.015Z] GET /api/entries/13?periodo=2026
[2026-03-07T00:20:04.017Z] GET /api/entries/11?periodo=2026
[2026-03-07T00:20:04.017Z] GET /api/entries/14?periodo=2026
[2026-03-07T00:20:04.018Z] GET /api/entries/12?periodo=2026
[2026-03-07T00:20:04.019Z] GET /api/entries/15?periodo=2026
[2026-03-07T00:20:04.020Z] GET /api/entries/16?periodo=2026
[2026-03-07T00:20:04.020Z] GET /api/entries/22?periodo=2026
[2026-03-07T00:20:04.020Z] GET /api/entries/17?periodo=2026
[2026-03-07T00:20:04.021Z] GET /api/entries/18?periodo=2026
[2026-03-07T00:20:04.023Z] GET /api/entries/19?periodo=2026
[2026-03-07T00:20:04.024Z] GET /api/entries/21?periodo=2026
[2026-03-07T00:20:04.024Z] GET /api/entries/25?periodo=2026
[2026-03-07T00:20:04.025Z] GET /api/entries/24?periodo=2026
[2026-03-07T00:20:04.025Z] GET /api/entries/23?periodo=2026
[2026-03-07T00:20:04.025Z] GET /api/entries/28?periodo=2026
[2026-03-07T00:20:04.026Z] GET /api/entries/29?periodo=2026
[2026-03-07T00:20:04.026Z] GET /api/entries/26?periodo=2026
[2026-03-07T00:20:04.027Z] GET /api/entries/30?periodo=2026
[2026-03-07T00:20:04.028Z] GET /api/entries/31?periodo=2026
[2026-03-07T00:20:04.028Z] GET /api/entries/32?periodo=2026
[2026-03-07T00:20:04.029Z] OPTIONS /api/entries/415?periodo=2026
[2026-03-07T00:20:04.029Z] GET /api/entries/33?periodo=2026
[2026-03-07T00:20:04.029Z] GET /api/entries/34?periodo=2026
[2026-03-07T00:20:04.030Z] GET /api/entries/35?periodo=2026
[2026-03-07T00:20:04.030Z] OPTIONS /api/entries/416?periodo=2026
[2026-03-07T00:20:04.030Z] GET /api/entries/40?periodo=2026
[2026-03-07T00:20:04.030Z] GET /api/entries/41?periodo=2026
[2026-03-07T00:20:04.031Z] GET /api/entries/36?periodo=2026
[2026-03-07T00:20:04.031Z] GET /api/entries/37?periodo=2026
[2026-03-07T00:20:04.032Z] GET /api/entries/42?periodo=2026
[2026-03-07T00:20:04.032Z] GET /api/entries/39?periodo=2026
[2026-03-07T00:20:04.033Z] GET /api/entries/43?periodo=2026
[2026-03-07T00:20:04.033Z] GET /api/entries/45?periodo=2026
[2026-03-07T00:20:04.033Z] GET /api/entries/46?periodo=2026
[2026-03-07T00:20:04.034Z] GET /api/entries/47?periodo=2026
[2026-03-07T00:20:04.034Z] GET /api/entries/48?periodo=2026
[2026-03-07T00:20:04.036Z] GET /api/entries/49?periodo=2026
[2026-03-07T00:20:04.037Z] GET /api/entries/50?periodo=2026
[2026-03-07T00:20:04.037Z] GET /api/entries/52?periodo=2026
[2026-03-07T00:20:04.037Z] GET /api/entries/51?periodo=2026
[2026-03-07T00:20:04.038Z] GET /api/entries/53?periodo=2026
[2026-03-07T00:20:04.038Z] GET /api/entries/54?periodo=2026
[2026-03-07T00:20:04.040Z] GET /api/entries/56?periodo=2026
[2026-03-07T00:20:04.041Z] GET /api/entries/57?periodo=2026
[2026-03-07T00:20:04.042Z] GET /api/entries/58?periodo=2026
[2026-03-07T00:20:04.042Z] GET /api/entries/59?periodo=2026
[2026-03-07T00:20:04.042Z] GET /api/entries/63?periodo=2026
[2026-03-07T00:20:04.043Z] GET /api/entries/65?periodo=2026
[2026-03-07T00:20:04.045Z] GET /api/entries/66?periodo=2026
[2026-03-07T00:20:04.046Z] GET /api/entries/60?periodo=2026
[2026-03-07T00:20:04.047Z] GET /api/entries/61?periodo=2026
[2026-03-07T00:20:04.048Z] GET /api/entries/62?periodo=2026
[2026-03-07T00:20:04.048Z] OPTIONS /api/entries/414?periodo=2026
[2026-03-07T00:20:04.053Z] GET /api/entries/67?periodo=2026
[2026-03-07T00:20:04.054Z] GET /api/entries/69?periodo=2026
[2026-03-07T00:20:04.055Z] GET /api/entries/71?periodo=2026
[2026-03-07T00:20:04.056Z] GET /api/entries/70?periodo=2026
[2026-03-07T00:20:04.057Z] GET /api/entries/74?periodo=2026
[2026-03-07T00:20:04.057Z] GET /api/entries/75?periodo=2026
[2026-03-07T00:20:04.057Z] GET /api/entries/72?periodo=2026
[2026-03-07T00:20:04.058Z] OPTIONS /api/entries/417?periodo=2026
[2026-03-07T00:20:04.058Z] GET /api/entries/76?periodo=2026
[2026-03-07T00:20:04.058Z] GET /api/entries/77?periodo=2026
[2026-03-07T00:20:04.059Z] GET /api/entries/73?periodo=2026
[2026-03-07T00:20:04.060Z] GET /api/entries/78?periodo=2026
[2026-03-07T00:20:04.060Z] GET /api/entries/79?periodo=2026
[2026-03-07T00:20:04.060Z] GET /api/entries/81?periodo=2026
[2026-03-07T00:20:04.060Z] GET /api/entries/85?periodo=2026
[2026-03-07T00:20:04.061Z] GET /api/entries/86?periodo=2026
[2026-03-07T00:20:04.062Z] GET /api/entries/82?periodo=2026
[2026-03-07T00:20:04.062Z] GET /api/entries/83?periodo=2026
[2026-03-07T00:20:04.063Z] GET /api/entries/84?periodo=2026
[2026-03-07T00:20:04.063Z] GET /api/entries/89?periodo=2026
[2026-03-07T00:20:04.063Z] GET /api/entries/91?periodo=2026
[2026-03-07T00:20:04.064Z] GET /api/entries/92?periodo=2026
[2026-03-07T00:20:04.065Z] GET /api/entries/93?periodo=2026
[2026-03-07T00:20:04.065Z] GET /api/entries/87?periodo=2026
[2026-03-07T00:20:04.066Z] GET /api/entries/96?periodo=2026
[2026-03-07T00:20:04.066Z] GET /api/entries/97?periodo=2026
[2026-03-07T00:20:04.067Z] GET /api/entries/98?periodo=2026
[2026-03-07T00:20:04.067Z] GET /api/entries/99?periodo=2026
[2026-03-07T00:20:04.068Z] GET /api/entries/101?periodo=2026
[2026-03-07T00:20:04.068Z] GET /api/entries/100?periodo=2026
[2026-03-07T00:20:04.069Z] GET /api/entries/95?periodo=2026
[2026-03-07T00:20:04.069Z] GET /api/entries/102?periodo=2026
[2026-03-07T00:20:04.069Z] GET /api/entries/103?periodo=2026
[2026-03-07T00:20:04.070Z] GET /api/entries/111?periodo=2026
[2026-03-07T00:20:04.072Z] GET /api/entries/104?periodo=2026
[2026-03-07T00:20:04.072Z] GET /api/entries/107?periodo=2026
[2026-03-07T00:20:04.073Z] GET /api/entries/108?periodo=2026
[2026-03-07T00:20:04.073Z] GET /api/entries/110?periodo=2026
[2026-03-07T00:20:04.073Z] GET /api/entries/113?periodo=2026
[2026-03-07T00:20:04.074Z] GET /api/entries/112?periodo=2026
[2026-03-07T00:20:04.075Z] GET /api/entries/114?periodo=2026
[2026-03-07T00:20:04.075Z] GET /api/entries/115?periodo=2026
[2026-03-07T00:20:04.076Z] GET /api/entries/116?periodo=2026
[2026-03-07T00:20:04.076Z] GET /api/entries/118?periodo=2026
[2026-03-07T00:20:04.076Z] GET /api/entries/119?periodo=2026
[2026-03-07T00:20:04.077Z] GET /api/entries/117?periodo=2026
[2026-03-07T00:20:04.078Z] GET /api/entries/121?periodo=2026
[2026-03-07T00:20:04.078Z] GET /api/entries/120?periodo=2026
[2026-03-07T00:20:04.079Z] GET /api/entries/123?periodo=2026
[2026-03-07T00:20:04.079Z] GET /api/entries/122?periodo=2026
[2026-03-07T00:20:04.080Z] GET /api/entries/124?periodo=2026
[2026-03-07T00:20:04.080Z] GET /api/entries/125?periodo=2026
[2026-03-07T00:20:04.081Z] GET /api/entries/126?periodo=2026
[2026-03-07T00:20:04.081Z] GET /api/entries/128?periodo=2026
[2026-03-07T00:20:04.082Z] GET /api/entries/127?periodo=2026
[2026-03-07T00:20:04.082Z] GET /api/entries/130?periodo=2026
[2026-03-07T00:20:04.082Z] GET /api/entries/129?periodo=2026
[2026-03-07T00:20:04.083Z] GET /api/entries/131?periodo=2026
[2026-03-07T00:20:04.083Z] GET /api/entries/132?periodo=2026
[2026-03-07T00:20:04.084Z] GET /api/entries/133?periodo=2026
[2026-03-07T00:20:04.084Z] GET /api/entries/134?periodo=2026
[2026-03-07T00:20:04.085Z] GET /api/entries/138?periodo=2026
[2026-03-07T00:20:04.085Z] GET /api/entries/135?periodo=2026
[2026-03-07T00:20:04.085Z] GET /api/entries/136?periodo=2026
[2026-03-07T00:20:04.086Z] GET /api/entries/137?periodo=2026
[2026-03-07T00:20:04.086Z] GET /api/entries/141?periodo=2026
[2026-03-07T00:20:04.087Z] GET /api/entries/139?periodo=2026
[2026-03-07T00:20:04.087Z] GET /api/entries/140?periodo=2026
[2026-03-07T00:20:04.088Z] GET /api/entries/145?periodo=2026
[2026-03-07T00:20:04.088Z] GET /api/entries/142?periodo=2026
[2026-03-07T00:20:04.088Z] GET /api/entries/143?periodo=2026
[2026-03-07T00:20:04.089Z] GET /api/entries/144?periodo=2026
[2026-03-07T00:20:04.090Z] GET /api/entries/146?periodo=2026
[2026-03-07T00:20:04.090Z] GET /api/entries/147?periodo=2026
[2026-03-07T00:20:04.091Z] GET /api/entries/148?periodo=2026
[2026-03-07T00:20:04.091Z] GET /api/entries/149?periodo=2026
[2026-03-07T00:20:04.097Z] GET /api/entries/150?periodo=2026
[2026-03-07T00:20:04.097Z] GET /api/entries/151?periodo=2026
[2026-03-07T00:20:04.098Z] GET /api/entries/154?periodo=2026
[2026-03-07T00:20:04.099Z] GET /api/entries/152?periodo=2026
[2026-03-07T00:20:04.099Z] GET /api/entries/153?periodo=2026
[2026-03-07T00:20:04.100Z] GET /api/entries/155?periodo=2026
[2026-03-07T00:20:04.101Z] GET /api/entries/156?periodo=2026
[2026-03-07T00:20:04.101Z] GET /api/entries/158?periodo=2026
[2026-03-07T00:20:04.101Z] GET /api/entries/159?periodo=2026
[2026-03-07T00:20:04.102Z] GET /api/entries/160?periodo=2026
[2026-03-07T00:20:04.102Z] GET /api/entries/162?periodo=2026
[2026-03-07T00:20:04.103Z] GET /api/entries/161?periodo=2026
[2026-03-07T00:20:04.103Z] GET /api/entries/163?periodo=2026
[2026-03-07T00:20:04.103Z] GET /api/entries/164?periodo=2026
[2026-03-07T00:20:04.104Z] GET /api/entries/166?periodo=2026
[2026-03-07T00:20:04.104Z] GET /api/entries/167?periodo=2026
[2026-03-07T00:20:04.105Z] GET /api/entries/168?periodo=2026
[2026-03-07T00:20:04.106Z] GET /api/entries/170?periodo=2026
[2026-03-07T00:20:04.106Z] GET /api/entries/172?periodo=2026
[2026-03-07T00:20:04.107Z] GET /api/entries/169?periodo=2026
[2026-03-07T00:20:04.108Z] GET /api/entries/174?periodo=2026
[2026-03-07T00:20:04.108Z] GET /api/entries/173?periodo=2026
[2026-03-07T00:20:04.109Z] GET /api/entries/178?periodo=2026
[2026-03-07T00:20:04.109Z] GET /api/entries/175?periodo=2026
[2026-03-07T00:20:04.110Z] GET /api/entries/171?periodo=2026
[2026-03-07T00:20:04.110Z] GET /api/entries/176?periodo=2026
[2026-03-07T00:20:04.110Z] GET /api/entries/180?periodo=2026
[2026-03-07T00:20:04.111Z] GET /api/entries/181?periodo=2026
[2026-03-07T00:20:04.111Z] GET /api/entries/179?periodo=2026
[2026-03-07T00:20:04.112Z] GET /api/entries/177?periodo=2026
[2026-03-07T00:20:04.112Z] GET /api/entries/182?periodo=2026
[2026-03-07T00:20:04.113Z] GET /api/entries/183?periodo=2026
[2026-03-07T00:20:04.113Z] GET /api/entries/184?periodo=2026
[2026-03-07T00:20:04.114Z] GET /api/entries/186?periodo=2026
[2026-03-07T00:20:04.114Z] GET /api/entries/185?periodo=2026
[2026-03-07T00:20:04.115Z] GET /api/entries/188?periodo=2026
[2026-03-07T00:20:04.116Z] GET /api/entries/192?periodo=2026
[2026-03-07T00:20:04.116Z] GET /api/entries/189?periodo=2026
[2026-03-07T00:20:04.116Z] GET /api/entries/191?periodo=2026
[2026-03-07T00:20:04.117Z] GET /api/entries/193?periodo=2026
[2026-03-07T00:20:04.117Z] GET /api/entries/187?periodo=2026
[2026-03-07T00:20:04.118Z] GET /api/entries/190?periodo=2026
[2026-03-07T00:20:04.118Z] GET /api/entries/195?periodo=2026
[2026-03-07T00:20:04.118Z] GET /api/entries/194?periodo=2026
[2026-03-07T00:20:04.119Z] GET /api/entries/198?periodo=2026
[2026-03-07T00:20:04.119Z] GET /api/entries/196?periodo=2026
[2026-03-07T00:20:04.120Z] GET /api/entries/197?periodo=2026
[2026-03-07T00:20:04.120Z] GET /api/entries/200?periodo=2026
[2026-03-07T00:20:04.120Z] GET /api/entries/201?periodo=2026
[2026-03-07T00:20:04.121Z] GET /api/entries/199?periodo=2026
[2026-03-07T00:20:04.121Z] GET /api/entries/202?periodo=2026
[2026-03-07T00:20:04.122Z] GET /api/entries/203?periodo=2026
[2026-03-07T00:20:04.123Z] GET /api/entries/205?periodo=2026
[2026-03-07T00:20:04.123Z] GET /api/entries/204?periodo=2026
[2026-03-07T00:20:04.123Z] GET /api/entries/206?periodo=2026
[2026-03-07T00:20:04.124Z] GET /api/entries/207?periodo=2026
[2026-03-07T00:20:04.124Z] GET /api/entries/208?periodo=2026
[2026-03-07T00:20:04.124Z] GET /api/entries/209?periodo=2026
[2026-03-07T00:20:04.125Z] GET /api/entries/210?periodo=2026
[2026-03-07T00:20:04.125Z] GET /api/entries/211?periodo=2026
[2026-03-07T00:20:04.126Z] GET /api/entries/212?periodo=2026
[2026-03-07T00:20:04.126Z] GET /api/entries/213?periodo=2026
[2026-03-07T00:20:04.127Z] GET /api/entries/216?periodo=2026
[2026-03-07T00:20:04.128Z] GET /api/entries/217?periodo=2026
[2026-03-07T00:20:04.128Z] GET /api/entries/214?periodo=2026
[2026-03-07T00:20:04.128Z] GET /api/entries/221?periodo=2026
[2026-03-07T00:20:04.129Z] GET /api/entries/215?periodo=2026
[2026-03-07T00:20:04.129Z] GET /api/entries/218?periodo=2026
[2026-03-07T00:20:04.130Z] GET /api/entries/219?periodo=2026
[2026-03-07T00:20:04.130Z] GET /api/entries/223?periodo=2026
[2026-03-07T00:20:04.130Z] GET /api/entries/224?periodo=2026
[2026-03-07T00:20:04.131Z] GET /api/entries/225?periodo=2026
[2026-03-07T00:20:04.131Z] GET /api/entries/220?periodo=2026
[2026-03-07T00:20:04.132Z] GET /api/entries/228?periodo=2026
[2026-03-07T00:20:04.132Z] GET /api/entries/222?periodo=2026
[2026-03-07T00:20:04.133Z] GET /api/entries/230?periodo=2026
[2026-03-07T00:20:04.133Z] GET /api/entries/226?periodo=2026
[2026-03-07T00:20:04.133Z] GET /api/entries/229?periodo=2026
[2026-03-07T00:20:04.133Z] GET /api/entries/233?periodo=2026
[2026-03-07T00:20:04.134Z] GET /api/entries/234?periodo=2026
[2026-03-07T00:20:04.134Z] GET /api/entries/236?periodo=2026
[2026-03-07T00:20:04.135Z] GET /api/entries/235?periodo=2026
[2026-03-07T00:20:04.135Z] GET /api/entries/239?periodo=2026
[2026-03-07T00:20:04.135Z] GET /api/entries/237?periodo=2026
[2026-03-07T00:20:04.136Z] GET /api/entries/240?periodo=2026
[2026-03-07T00:20:04.136Z] GET /api/entries/238?periodo=2026
[2026-03-07T00:20:04.137Z] GET /api/entries/242?periodo=2026
[2026-03-07T00:20:04.137Z] GET /api/entries/243?periodo=2026
[2026-03-07T00:20:04.137Z] GET /api/entries/244?periodo=2026
[2026-03-07T00:20:04.138Z] GET /api/entries/246?periodo=2026
[2026-03-07T00:20:04.138Z] GET /api/entries/245?periodo=2026
[2026-03-07T00:20:04.139Z] GET /api/entries/247?periodo=2026
[2026-03-07T00:20:04.140Z] GET /api/entries/248?periodo=2026
[2026-03-07T00:20:04.140Z] GET /api/entries/249?periodo=2026
[2026-03-07T00:20:04.141Z] GET /api/entries/250?periodo=2026
[2026-03-07T00:20:04.141Z] GET /api/entries/251?periodo=2026
[2026-03-07T00:20:04.141Z] GET /api/entries/252?periodo=2026
[2026-03-07T00:20:04.142Z] GET /api/entries/253?periodo=2026
[2026-03-07T00:20:04.142Z] GET /api/entries/254?periodo=2026
[2026-03-07T00:20:04.142Z] GET /api/entries/255?periodo=2026
[2026-03-07T00:20:04.143Z] GET /api/entries/257?periodo=2026
[2026-03-07T00:20:04.143Z] GET /api/entries/258?periodo=2026
[2026-03-07T00:20:04.144Z] GET /api/entries/259?periodo=2026
[2026-03-07T00:20:04.144Z] GET /api/entries/261?periodo=2026
[2026-03-07T00:20:04.144Z] GET /api/entries/260?periodo=2026
[2026-03-07T00:20:04.145Z] GET /api/entries/266?periodo=2026
[2026-03-07T00:20:04.145Z] GET /api/entries/262?periodo=2026
[2026-03-07T00:20:04.146Z] GET /api/entries/265?periodo=2026
[2026-03-07T00:20:04.146Z] GET /api/entries/263?periodo=2026
[2026-03-07T00:20:04.146Z] GET /api/entries/264?periodo=2026
[2026-03-07T00:20:04.147Z] GET /api/entries/269?periodo=2026
[2026-03-07T00:20:04.147Z] GET /api/entries/267?periodo=2026
[2026-03-07T00:20:04.147Z] GET /api/entries/271?periodo=2026
[2026-03-07T00:20:04.148Z] GET /api/entries/270?periodo=2026
[2026-03-07T00:20:04.149Z] GET /api/entries/272?periodo=2026
[2026-03-07T00:20:04.149Z] GET /api/entries/268?periodo=2026
[2026-03-07T00:20:04.150Z] GET /api/entries/273?periodo=2026
[2026-03-07T00:20:04.150Z] GET /api/entries/274?periodo=2026
[2026-03-07T00:20:04.151Z] GET /api/entries/275?periodo=2026
[2026-03-07T00:20:04.151Z] GET /api/entries/277?periodo=2026
[2026-03-07T00:20:04.151Z] GET /api/entries/276?periodo=2026
[2026-03-07T00:20:04.152Z] GET /api/entries/278?periodo=2026
[2026-03-07T00:20:04.152Z] GET /api/entries/279?periodo=2026
[2026-03-07T00:20:04.153Z] GET /api/entries/281?periodo=2026
[2026-03-07T00:20:04.153Z] GET /api/entries/280?periodo=2026
[2026-03-07T00:20:04.153Z] GET /api/entries/283?periodo=2026
[2026-03-07T00:20:04.153Z] GET /api/entries/284?periodo=2026
[2026-03-07T00:20:04.154Z] GET /api/entries/286?periodo=2026
[2026-03-07T00:20:04.154Z] GET /api/entries/285?periodo=2026
[2026-03-07T00:20:04.156Z] GET /api/entries/282?periodo=2026
[2026-03-07T00:20:04.156Z] GET /api/entries/289?periodo=2026
[2026-03-07T00:20:04.156Z] GET /api/entries/290?periodo=2026
[2026-03-07T00:20:04.156Z] GET /api/entries/294?periodo=2026
[2026-03-07T00:20:04.157Z] GET /api/entries/291?periodo=2026
[2026-03-07T00:20:04.157Z] GET /api/entries/288?periodo=2026
[2026-03-07T00:20:04.158Z] GET /api/entries/292?periodo=2026
[2026-03-07T00:20:04.159Z] GET /api/entries/293?periodo=2026
[2026-03-07T00:20:04.159Z] GET /api/entries/295?periodo=2026
[2026-03-07T00:20:04.159Z] GET /api/entries/296?periodo=2026
[2026-03-07T00:20:04.160Z] GET /api/entries/297?periodo=2026
[2026-03-07T00:20:04.160Z] GET /api/entries/298?periodo=2026
[2026-03-07T00:20:04.161Z] GET /api/entries/302?periodo=2026
[2026-03-07T00:20:04.161Z] GET /api/entries/301?periodo=2026
[2026-03-07T00:20:04.161Z] GET /api/entries/299?periodo=2026
[2026-03-07T00:20:04.162Z] GET /api/entries/300?periodo=2026
[2026-03-07T00:20:04.162Z] GET /api/entries/303?periodo=2026
[2026-03-07T00:20:04.162Z] GET /api/entries/304?periodo=2026
[2026-03-07T00:20:04.163Z] GET /api/entries/305?periodo=2026
[2026-03-07T00:20:04.163Z] GET /api/entries/307?periodo=2026
[2026-03-07T00:20:04.164Z] GET /api/entries/308?periodo=2026
[2026-03-07T00:20:04.164Z] GET /api/entries/412?periodo=2026
[2026-03-07T00:20:04.164Z] GET /api/entries/415?periodo=2026
[2026-03-07T00:20:04.165Z] GET /api/entries/416?periodo=2026
[2026-03-07T00:20:04.165Z] GET /api/entries/414?periodo=2026
[2026-03-07T00:20:04.165Z] GET /api/entries/417?periodo=2026
[2026-03-07T00:20:06.878Z] OPTIONS /api/entities/3
[2026-03-07T00:20:06.878Z] GET /api/entities/3
[2026-03-07T00:20:06.883Z] OPTIONS /api/entries/3?periodo=2026
[2026-03-07T00:20:06.884Z] GET /api/entries/3?periodo=2026
[2026-03-07T00:20:15.395Z] OPTIONS /api/entities?periodo=2026
[2026-03-07T00:20:15.397Z] GET /api/entities?periodo=2026
[2026-03-07T00:20:15.437Z] GET /api/entities?periodo=2026
[2026-03-07T00:20:15.448Z] OPTIONS /api/entries/2?periodo=2026
[2026-03-07T00:20:15.449Z] OPTIONS /api/entries/3?periodo=2026
[2026-03-07T00:20:15.449Z] OPTIONS /api/entries/5?periodo=2026
[2026-03-07T00:20:15.449Z] OPTIONS /api/entries/4?periodo=2026
[2026-03-07T00:20:15.450Z] OPTIONS /api/entries/6?periodo=2026
[2026-03-07T00:20:15.453Z] OPTIONS /api/entries/7?periodo=2026
[2026-03-07T00:20:15.454Z] OPTIONS /api/entries/8?periodo=2026
[2026-03-07T00:20:15.457Z] OPTIONS /api/entries/9?periodo=2026
[2026-03-07T00:20:15.457Z] GET /api/entries/2?periodo=2026
[2026-03-07T00:20:15.459Z] GET /api/entries/3?periodo=2026
[2026-03-07T00:20:15.460Z] GET /api/entries/5?periodo=2026
[2026-03-07T00:20:15.460Z] OPTIONS /api/entries/10?periodo=2026
[2026-03-07T00:20:15.460Z] OPTIONS /api/entries/11?periodo=2026
[2026-03-07T00:20:15.461Z] GET /api/entries/4?periodo=2026
[2026-03-07T00:20:15.462Z] GET /api/entries/6?periodo=2026
[2026-03-07T00:20:15.463Z] OPTIONS /api/entries/12?periodo=2026
[2026-03-07T00:20:15.463Z] OPTIONS /api/entries/13?periodo=2026
[2026-03-07T00:20:15.463Z] OPTIONS /api/entries/14?periodo=2026
[2026-03-07T00:20:15.464Z] OPTIONS /api/entries/15?periodo=2026
[2026-03-07T00:20:15.464Z] OPTIONS /api/entries/16?periodo=2026
[2026-03-07T00:20:15.465Z] OPTIONS /api/entries/17?periodo=2026
[2026-03-07T00:20:15.466Z] OPTIONS /api/entries/18?periodo=2026
[2026-03-07T00:20:15.467Z] GET /api/entries/7?periodo=2026
[2026-03-07T00:20:15.468Z] OPTIONS /api/entries/19?periodo=2026
[2026-03-07T00:20:15.488Z] GET /api/entries/8?periodo=2026
[2026-03-07T00:20:15.488Z] OPTIONS /api/entries/21?periodo=2026
[2026-03-07T00:20:15.489Z] OPTIONS /api/entries/22?periodo=2026
[2026-03-07T00:20:15.489Z] OPTIONS /api/entries/23?periodo=2026
[2026-03-07T00:20:15.489Z] OPTIONS /api/entries/24?periodo=2026
[2026-03-07T00:20:15.490Z] OPTIONS /api/entries/25?periodo=2026
[2026-03-07T00:20:15.490Z] OPTIONS /api/entries/26?periodo=2026
[2026-03-07T00:20:15.491Z] OPTIONS /api/entries/28?periodo=2026
[2026-03-07T00:20:15.491Z] OPTIONS /api/entries/29?periodo=2026
[2026-03-07T00:20:15.491Z] GET /api/entries/9?periodo=2026
[2026-03-07T00:20:15.492Z] OPTIONS /api/entries/30?periodo=2026
[2026-03-07T00:20:15.492Z] OPTIONS /api/entries/31?periodo=2026
[2026-03-07T00:20:15.492Z] OPTIONS /api/entries/32?periodo=2026
[2026-03-07T00:20:15.492Z] GET /api/entries/10?periodo=2026
[2026-03-07T00:20:15.494Z] GET /api/entries/11?periodo=2026
[2026-03-07T00:20:15.494Z] OPTIONS /api/entries/33?periodo=2026
[2026-03-07T00:20:15.494Z] OPTIONS /api/entries/34?periodo=2026
[2026-03-07T00:20:15.494Z] GET /api/entries/12?periodo=2026
[2026-03-07T00:20:15.495Z] OPTIONS /api/entries/35?periodo=2026
[2026-03-07T00:20:15.495Z] GET /api/entries/13?periodo=2026
[2026-03-07T00:20:15.496Z] GET /api/entries/14?periodo=2026
[2026-03-07T00:20:15.496Z] OPTIONS /api/entries/36?periodo=2026
[2026-03-07T00:20:15.496Z] GET /api/entries/15?periodo=2026
[2026-03-07T00:20:15.497Z] GET /api/entries/16?periodo=2026
[2026-03-07T00:20:15.499Z] OPTIONS /api/entries/37?periodo=2026
[2026-03-07T00:20:15.499Z] GET /api/entries/17?periodo=2026
[2026-03-07T00:20:15.500Z] OPTIONS /api/entries/39?periodo=2026
[2026-03-07T00:20:15.500Z] GET /api/entries/18?periodo=2026
[2026-03-07T00:20:15.507Z] OPTIONS /api/entries/40?periodo=2026
[2026-03-07T00:20:15.507Z] OPTIONS /api/entries/41?periodo=2026
[2026-03-07T00:20:15.508Z] GET /api/entries/19?periodo=2026
[2026-03-07T00:20:15.508Z] OPTIONS /api/entries/42?periodo=2026
[2026-03-07T00:20:15.508Z] OPTIONS /api/entries/43?periodo=2026
[2026-03-07T00:20:15.508Z] OPTIONS /api/entries/45?periodo=2026
[2026-03-07T00:20:15.509Z] OPTIONS /api/entries/46?periodo=2026
[2026-03-07T00:20:15.509Z] OPTIONS /api/entries/50?periodo=2026
[2026-03-07T00:20:15.509Z] OPTIONS /api/entries/51?periodo=2026
[2026-03-07T00:20:15.509Z] OPTIONS /api/entries/47?periodo=2026
[2026-03-07T00:20:15.509Z] OPTIONS /api/entries/48?periodo=2026
[2026-03-07T00:20:15.509Z] OPTIONS /api/entries/49?periodo=2026
[2026-03-07T00:20:15.509Z] OPTIONS /api/entries/52?periodo=2026
[2026-03-07T00:20:15.509Z] OPTIONS /api/entries/53?periodo=2026
[2026-03-07T00:20:15.509Z] OPTIONS /api/entries/54?periodo=2026
[2026-03-07T00:20:15.510Z] OPTIONS /api/entries/56?periodo=2026
[2026-03-07T00:20:15.510Z] OPTIONS /api/entries/58?periodo=2026
[2026-03-07T00:20:15.510Z] OPTIONS /api/entries/59?periodo=2026
[2026-03-07T00:20:15.510Z] OPTIONS /api/entries/60?periodo=2026
[2026-03-07T00:20:15.510Z] OPTIONS /api/entries/61?periodo=2026
[2026-03-07T00:20:15.510Z] OPTIONS /api/entries/57?periodo=2026
[2026-03-07T00:20:15.511Z] OPTIONS /api/entries/63?periodo=2026
[2026-03-07T00:20:15.511Z] OPTIONS /api/entries/65?periodo=2026
[2026-03-07T00:20:15.511Z] OPTIONS /api/entries/66?periodo=2026
[2026-03-07T00:20:15.512Z] OPTIONS /api/entries/67?periodo=2026
[2026-03-07T00:20:15.512Z] OPTIONS /api/entries/69?periodo=2026
[2026-03-07T00:20:15.512Z] OPTIONS /api/entries/62?periodo=2026
[2026-03-07T00:20:15.512Z] OPTIONS /api/entries/70?periodo=2026
[2026-03-07T00:20:15.512Z] OPTIONS /api/entries/71?periodo=2026
[2026-03-07T00:20:15.512Z] OPTIONS /api/entries/72?periodo=2026
[2026-03-07T00:20:15.512Z] OPTIONS /api/entries/73?periodo=2026
[2026-03-07T00:20:15.512Z] OPTIONS /api/entries/74?periodo=2026
[2026-03-07T00:20:15.512Z] OPTIONS /api/entries/75?periodo=2026
[2026-03-07T00:20:15.512Z] OPTIONS /api/entries/76?periodo=2026
[2026-03-07T00:20:15.512Z] OPTIONS /api/entries/77?periodo=2026
[2026-03-07T00:20:15.512Z] OPTIONS /api/entries/78?periodo=2026
[2026-03-07T00:20:15.512Z] OPTIONS /api/entries/79?periodo=2026
[2026-03-07T00:20:15.512Z] OPTIONS /api/entries/81?periodo=2026
[2026-03-07T00:20:15.512Z] OPTIONS /api/entries/82?periodo=2026
[2026-03-07T00:20:15.513Z] OPTIONS /api/entries/83?periodo=2026
[2026-03-07T00:20:15.514Z] OPTIONS /api/entries/84?periodo=2026
[2026-03-07T00:20:15.515Z] OPTIONS /api/entries/85?periodo=2026
[2026-03-07T00:20:15.517Z] OPTIONS /api/entries/86?periodo=2026
[2026-03-07T00:20:15.517Z] OPTIONS /api/entries/87?periodo=2026
[2026-03-07T00:20:15.517Z] OPTIONS /api/entries/89?periodo=2026
[2026-03-07T00:20:15.518Z] OPTIONS /api/entries/91?periodo=2026
[2026-03-07T00:20:15.518Z] OPTIONS /api/entries/92?periodo=2026
[2026-03-07T00:20:15.519Z] OPTIONS /api/entries/93?periodo=2026
[2026-03-07T00:20:15.519Z] OPTIONS /api/entries/95?periodo=2026
[2026-03-07T00:20:15.519Z] OPTIONS /api/entries/96?periodo=2026
[2026-03-07T00:20:15.520Z] OPTIONS /api/entries/97?periodo=2026
[2026-03-07T00:20:15.522Z] GET /api/entries/21?periodo=2026
[2026-03-07T00:20:15.522Z] GET /api/entries/22?periodo=2026
[2026-03-07T00:20:15.523Z] OPTIONS /api/entries/98?periodo=2026
[2026-03-07T00:20:15.523Z] GET /api/entries/23?periodo=2026
[2026-03-07T00:20:15.523Z] OPTIONS /api/entries/99?periodo=2026
[2026-03-07T00:20:15.523Z] GET /api/entries/24?periodo=2026
[2026-03-07T00:20:15.524Z] OPTIONS /api/entries/100?periodo=2026
[2026-03-07T00:20:15.524Z] OPTIONS /api/entries/101?periodo=2026
[2026-03-07T00:20:15.524Z] OPTIONS /api/entries/102?periodo=2026
[2026-03-07T00:20:15.524Z] OPTIONS /api/entries/103?periodo=2026
[2026-03-07T00:20:15.524Z] OPTIONS /api/entries/104?periodo=2026
[2026-03-07T00:20:15.524Z] OPTIONS /api/entries/107?periodo=2026
[2026-03-07T00:20:15.525Z] OPTIONS /api/entries/108?periodo=2026
[2026-03-07T00:20:15.525Z] GET /api/entries/25?periodo=2026
[2026-03-07T00:20:15.525Z] GET /api/entries/26?periodo=2026
[2026-03-07T00:20:15.526Z] GET /api/entries/28?periodo=2026
[2026-03-07T00:20:15.526Z] GET /api/entries/29?periodo=2026
[2026-03-07T00:20:15.526Z] OPTIONS /api/entries/110?periodo=2026
[2026-03-07T00:20:15.527Z] GET /api/entries/30?periodo=2026
[2026-03-07T00:20:15.527Z] GET /api/entries/31?periodo=2026
[2026-03-07T00:20:15.528Z] GET /api/entries/32?periodo=2026
[2026-03-07T00:20:15.528Z] OPTIONS /api/entries/111?periodo=2026
[2026-03-07T00:20:15.528Z] OPTIONS /api/entries/112?periodo=2026
[2026-03-07T00:20:15.528Z] OPTIONS /api/entries/113?periodo=2026
[2026-03-07T00:20:15.529Z] OPTIONS /api/entries/115?periodo=2026
[2026-03-07T00:20:15.529Z] OPTIONS /api/entries/114?periodo=2026
[2026-03-07T00:20:15.529Z] OPTIONS /api/entries/116?periodo=2026
[2026-03-07T00:20:15.529Z] OPTIONS /api/entries/117?periodo=2026
[2026-03-07T00:20:15.530Z] GET /api/entries/33?periodo=2026
[2026-03-07T00:20:15.530Z] GET /api/entries/34?periodo=2026
[2026-03-07T00:20:15.531Z] OPTIONS /api/entries/118?periodo=2026
[2026-03-07T00:20:15.531Z] GET /api/entries/35?periodo=2026
[2026-03-07T00:20:15.532Z] OPTIONS /api/entries/119?periodo=2026
[2026-03-07T00:20:15.532Z] OPTIONS /api/entries/120?periodo=2026
[2026-03-07T00:20:15.532Z] OPTIONS /api/entries/122?periodo=2026
[2026-03-07T00:20:15.532Z] OPTIONS /api/entries/121?periodo=2026
[2026-03-07T00:20:15.533Z] OPTIONS /api/entries/123?periodo=2026
[2026-03-07T00:20:15.533Z] OPTIONS /api/entries/124?periodo=2026
[2026-03-07T00:20:15.533Z] GET /api/entries/36?periodo=2026
[2026-03-07T00:20:15.534Z] OPTIONS /api/entries/125?periodo=2026
[2026-03-07T00:20:15.534Z] OPTIONS /api/entries/126?periodo=2026
[2026-03-07T00:20:15.534Z] OPTIONS /api/entries/127?periodo=2026
[2026-03-07T00:20:15.534Z] OPTIONS /api/entries/128?periodo=2026
[2026-03-07T00:20:15.535Z] OPTIONS /api/entries/129?periodo=2026
[2026-03-07T00:20:15.536Z] GET /api/entries/37?periodo=2026
[2026-03-07T00:20:15.537Z] OPTIONS /api/entries/130?periodo=2026
[2026-03-07T00:20:15.538Z] GET /api/entries/39?periodo=2026
[2026-03-07T00:20:15.538Z] OPTIONS /api/entries/131?periodo=2026
[2026-03-07T00:20:15.540Z] OPTIONS /api/entries/132?periodo=2026
[2026-03-07T00:20:15.540Z] OPTIONS /api/entries/133?periodo=2026
[2026-03-07T00:20:15.541Z] OPTIONS /api/entries/134?periodo=2026
[2026-03-07T00:20:15.541Z] OPTIONS /api/entries/135?periodo=2026
[2026-03-07T00:20:15.544Z] OPTIONS /api/entries/136?periodo=2026
[2026-03-07T00:20:15.545Z] OPTIONS /api/entries/137?periodo=2026
[2026-03-07T00:20:15.545Z] OPTIONS /api/entries/138?periodo=2026
[2026-03-07T00:20:15.545Z] OPTIONS /api/entries/139?periodo=2026
[2026-03-07T00:20:15.545Z] OPTIONS /api/entries/140?periodo=2026
[2026-03-07T00:20:15.545Z] OPTIONS /api/entries/143?periodo=2026
[2026-03-07T00:20:15.545Z] OPTIONS /api/entries/141?periodo=2026
[2026-03-07T00:20:15.545Z] OPTIONS /api/entries/142?periodo=2026
[2026-03-07T00:20:15.546Z] OPTIONS /api/entries/144?periodo=2026
[2026-03-07T00:20:15.546Z] OPTIONS /api/entries/145?periodo=2026
[2026-03-07T00:20:15.547Z] OPTIONS /api/entries/146?periodo=2026
[2026-03-07T00:20:15.548Z] OPTIONS /api/entries/147?periodo=2026
[2026-03-07T00:20:15.548Z] OPTIONS /api/entries/148?periodo=2026
[2026-03-07T00:20:15.548Z] OPTIONS /api/entries/149?periodo=2026
[2026-03-07T00:20:15.549Z] OPTIONS /api/entries/150?periodo=2026
[2026-03-07T00:20:15.549Z] OPTIONS /api/entries/151?periodo=2026
[2026-03-07T00:20:15.549Z] OPTIONS /api/entries/152?periodo=2026
[2026-03-07T00:20:15.549Z] OPTIONS /api/entries/153?periodo=2026
[2026-03-07T00:20:15.550Z] GET /api/entries/40?periodo=2026
[2026-03-07T00:20:15.551Z] OPTIONS /api/entries/154?periodo=2026
[2026-03-07T00:20:15.551Z] GET /api/entries/41?periodo=2026
[2026-03-07T00:20:15.551Z] OPTIONS /api/entries/155?periodo=2026
[2026-03-07T00:20:15.551Z] OPTIONS /api/entries/156?periodo=2026
[2026-03-07T00:20:15.551Z] OPTIONS /api/entries/158?periodo=2026
[2026-03-07T00:20:15.551Z] GET /api/entries/43?periodo=2026
[2026-03-07T00:20:15.552Z] GET /api/entries/42?periodo=2026
[2026-03-07T00:20:15.552Z] GET /api/entries/46?periodo=2026
[2026-03-07T00:20:15.553Z] GET /api/entries/45?periodo=2026
[2026-03-07T00:20:15.555Z] GET /api/entries/50?periodo=2026
[2026-03-07T00:20:15.556Z] GET /api/entries/51?periodo=2026
[2026-03-07T00:20:15.556Z] GET /api/entries/47?periodo=2026
[2026-03-07T00:20:15.556Z] GET /api/entries/48?periodo=2026
[2026-03-07T00:20:15.557Z] GET /api/entries/49?periodo=2026
[2026-03-07T00:20:15.557Z] GET /api/entries/52?periodo=2026
[2026-03-07T00:20:15.558Z] OPTIONS /api/entries/159?periodo=2026
[2026-03-07T00:20:15.558Z] GET /api/entries/53?periodo=2026
[2026-03-07T00:20:15.558Z] GET /api/entries/54?periodo=2026
[2026-03-07T00:20:15.559Z] GET /api/entries/56?periodo=2026
[2026-03-07T00:20:15.559Z] OPTIONS /api/entries/160?periodo=2026
[2026-03-07T00:20:15.559Z] GET /api/entries/58?periodo=2026
[2026-03-07T00:20:15.562Z] OPTIONS /api/entries/161?periodo=2026
[2026-03-07T00:20:15.562Z] GET /api/entries/59?periodo=2026
[2026-03-07T00:20:15.563Z] GET /api/entries/60?periodo=2026
[2026-03-07T00:20:15.563Z] GET /api/entries/61?periodo=2026
[2026-03-07T00:20:15.563Z] OPTIONS /api/entries/162?periodo=2026
[2026-03-07T00:20:15.563Z] GET /api/entries/57?periodo=2026
[2026-03-07T00:20:15.564Z] OPTIONS /api/entries/163?periodo=2026
[2026-03-07T00:20:15.564Z] OPTIONS /api/entries/166?periodo=2026
[2026-03-07T00:20:15.564Z] OPTIONS /api/entries/164?periodo=2026
[2026-03-07T00:20:15.564Z] OPTIONS /api/entries/167?periodo=2026
[2026-03-07T00:20:15.565Z] OPTIONS /api/entries/168?periodo=2026
[2026-03-07T00:20:15.565Z] GET /api/entries/63?periodo=2026
[2026-03-07T00:20:15.565Z] GET /api/entries/65?periodo=2026
[2026-03-07T00:20:15.566Z] GET /api/entries/66?periodo=2026
[2026-03-07T00:20:15.567Z] GET /api/entries/67?periodo=2026
[2026-03-07T00:20:15.567Z] GET /api/entries/69?periodo=2026
[2026-03-07T00:20:15.567Z] GET /api/entries/62?periodo=2026
[2026-03-07T00:20:15.568Z] GET /api/entries/71?periodo=2026
[2026-03-07T00:20:15.570Z] GET /api/entries/70?periodo=2026
[2026-03-07T00:20:15.570Z] GET /api/entries/73?periodo=2026
[2026-03-07T00:20:15.570Z] GET /api/entries/74?periodo=2026
[2026-03-07T00:20:15.571Z] GET /api/entries/72?periodo=2026
[2026-03-07T00:20:15.571Z] OPTIONS /api/entries/169?periodo=2026
[2026-03-07T00:20:15.572Z] GET /api/entries/75?periodo=2026
[2026-03-07T00:20:15.572Z] GET /api/entries/76?periodo=2026
[2026-03-07T00:20:15.573Z] GET /api/entries/78?periodo=2026
[2026-03-07T00:20:15.573Z] GET /api/entries/79?periodo=2026
[2026-03-07T00:20:15.574Z] GET /api/entries/81?periodo=2026
[2026-03-07T00:20:15.574Z] OPTIONS /api/entries/170?periodo=2026
[2026-03-07T00:20:15.574Z] GET /api/entries/77?periodo=2026
[2026-03-07T00:20:15.575Z] GET /api/entries/82?periodo=2026
[2026-03-07T00:20:15.575Z] GET /api/entries/83?periodo=2026
[2026-03-07T00:20:15.576Z] OPTIONS /api/entries/171?periodo=2026
[2026-03-07T00:20:15.576Z] OPTIONS /api/entries/172?periodo=2026
[2026-03-07T00:20:15.576Z] OPTIONS /api/entries/173?periodo=2026
[2026-03-07T00:20:15.576Z] OPTIONS /api/entries/174?periodo=2026
[2026-03-07T00:20:15.576Z] OPTIONS /api/entries/175?periodo=2026
[2026-03-07T00:20:15.576Z] OPTIONS /api/entries/176?periodo=2026
[2026-03-07T00:20:15.577Z] GET /api/entries/84?periodo=2026
[2026-03-07T00:20:15.577Z] OPTIONS /api/entries/177?periodo=2026
[2026-03-07T00:20:15.577Z] OPTIONS /api/entries/178?periodo=2026
[2026-03-07T00:20:15.578Z] GET /api/entries/85?periodo=2026
[2026-03-07T00:20:15.579Z] OPTIONS /api/entries/179?periodo=2026
[2026-03-07T00:20:15.579Z] OPTIONS /api/entries/180?periodo=2026
[2026-03-07T00:20:15.579Z] OPTIONS /api/entries/181?periodo=2026
[2026-03-07T00:20:15.579Z] OPTIONS /api/entries/182?periodo=2026
[2026-03-07T00:20:15.579Z] OPTIONS /api/entries/184?periodo=2026
[2026-03-07T00:20:15.579Z] OPTIONS /api/entries/185?periodo=2026
[2026-03-07T00:20:15.579Z] OPTIONS /api/entries/183?periodo=2026
[2026-03-07T00:20:15.579Z] OPTIONS /api/entries/187?periodo=2026
[2026-03-07T00:20:15.579Z] OPTIONS /api/entries/186?periodo=2026
[2026-03-07T00:20:15.579Z] OPTIONS /api/entries/188?periodo=2026
[2026-03-07T00:20:15.579Z] GET /api/entries/86?periodo=2026
[2026-03-07T00:20:15.580Z] GET /api/entries/87?periodo=2026
[2026-03-07T00:20:15.580Z] OPTIONS /api/entries/189?periodo=2026
[2026-03-07T00:20:15.580Z] OPTIONS /api/entries/190?periodo=2026
[2026-03-07T00:20:15.582Z] OPTIONS /api/entries/191?periodo=2026
[2026-03-07T00:20:15.582Z] GET /api/entries/89?periodo=2026
[2026-03-07T00:20:15.584Z] OPTIONS /api/entries/192?periodo=2026
[2026-03-07T00:20:15.584Z] OPTIONS /api/entries/193?periodo=2026
[2026-03-07T00:20:15.584Z] OPTIONS /api/entries/194?periodo=2026
[2026-03-07T00:20:15.604Z] OPTIONS /api/entries/195?periodo=2026
[2026-03-07T00:20:15.609Z] OPTIONS /api/entries/196?periodo=2026
[2026-03-07T00:20:15.609Z] GET /api/entries/91?periodo=2026
[2026-03-07T00:20:15.617Z] OPTIONS /api/entries/197?periodo=2026
[2026-03-07T00:20:15.618Z] OPTIONS /api/entries/198?periodo=2026
[2026-03-07T00:20:15.618Z] GET /api/entries/92?periodo=2026
[2026-03-07T00:20:15.619Z] GET /api/entries/93?periodo=2026
[2026-03-07T00:20:15.620Z] OPTIONS /api/entries/199?periodo=2026
[2026-03-07T00:20:15.620Z] OPTIONS /api/entries/200?periodo=2026
[2026-03-07T00:20:15.620Z] OPTIONS /api/entries/201?periodo=2026
[2026-03-07T00:20:15.621Z] OPTIONS /api/entries/202?periodo=2026
[2026-03-07T00:20:15.621Z] GET /api/entries/95?periodo=2026
[2026-03-07T00:20:15.621Z] GET /api/entries/96?periodo=2026
[2026-03-07T00:20:15.622Z] OPTIONS /api/entries/203?periodo=2026
[2026-03-07T00:20:15.622Z] OPTIONS /api/entries/204?periodo=2026
[2026-03-07T00:20:15.622Z] OPTIONS /api/entries/205?periodo=2026
[2026-03-07T00:20:15.622Z] GET /api/entries/97?periodo=2026
[2026-03-07T00:20:15.622Z] OPTIONS /api/entries/206?periodo=2026
[2026-03-07T00:20:15.623Z] OPTIONS /api/entries/207?periodo=2026
[2026-03-07T00:20:15.623Z] OPTIONS /api/entries/208?periodo=2026
[2026-03-07T00:20:15.623Z] OPTIONS /api/entries/209?periodo=2026
[2026-03-07T00:20:15.623Z] OPTIONS /api/entries/210?periodo=2026
[2026-03-07T00:20:15.624Z] OPTIONS /api/entries/211?periodo=2026
[2026-03-07T00:20:15.624Z] OPTIONS /api/entries/214?periodo=2026
[2026-03-07T00:20:15.624Z] OPTIONS /api/entries/212?periodo=2026
[2026-03-07T00:20:15.624Z] OPTIONS /api/entries/213?periodo=2026
[2026-03-07T00:20:15.624Z] OPTIONS /api/entries/215?periodo=2026
[2026-03-07T00:20:15.624Z] OPTIONS /api/entries/216?periodo=2026
[2026-03-07T00:20:15.625Z] OPTIONS /api/entries/217?periodo=2026
[2026-03-07T00:20:15.625Z] OPTIONS /api/entries/218?periodo=2026
[2026-03-07T00:20:15.625Z] OPTIONS /api/entries/219?periodo=2026
[2026-03-07T00:20:15.625Z] OPTIONS /api/entries/220?periodo=2026
[2026-03-07T00:20:15.625Z] OPTIONS /api/entries/221?periodo=2026
[2026-03-07T00:20:15.626Z] OPTIONS /api/entries/222?periodo=2026
[2026-03-07T00:20:15.626Z] GET /api/entries/98?periodo=2026
[2026-03-07T00:20:15.627Z] OPTIONS /api/entries/223?periodo=2026
[2026-03-07T00:20:15.627Z] OPTIONS /api/entries/224?periodo=2026
[2026-03-07T00:20:15.627Z] OPTIONS /api/entries/225?periodo=2026
[2026-03-07T00:20:15.628Z] GET /api/entries/99?periodo=2026
[2026-03-07T00:20:15.628Z] OPTIONS /api/entries/226?periodo=2026
[2026-03-07T00:20:15.628Z] OPTIONS /api/entries/228?periodo=2026
[2026-03-07T00:20:15.628Z] GET /api/entries/100?periodo=2026
[2026-03-07T00:20:15.629Z] GET /api/entries/101?periodo=2026
[2026-03-07T00:20:15.629Z] GET /api/entries/102?periodo=2026
[2026-03-07T00:20:15.629Z] OPTIONS /api/entries/229?periodo=2026
[2026-03-07T00:20:15.629Z] GET /api/entries/103?periodo=2026
[2026-03-07T00:20:15.630Z] OPTIONS /api/entries/230?periodo=2026
[2026-03-07T00:20:15.630Z] GET /api/entries/104?periodo=2026
[2026-03-07T00:20:15.630Z] OPTIONS /api/entries/233?periodo=2026
[2026-03-07T00:20:15.630Z] GET /api/entries/107?periodo=2026
[2026-03-07T00:20:15.631Z] GET /api/entries/108?periodo=2026
[2026-03-07T00:20:15.631Z] OPTIONS /api/entries/234?periodo=2026
[2026-03-07T00:20:15.631Z] OPTIONS /api/entries/235?periodo=2026
[2026-03-07T00:20:15.632Z] OPTIONS /api/entries/236?periodo=2026
[2026-03-07T00:20:15.632Z] OPTIONS /api/entries/237?periodo=2026
[2026-03-07T00:20:15.632Z] OPTIONS /api/entries/238?periodo=2026
[2026-03-07T00:20:15.632Z] OPTIONS /api/entries/239?periodo=2026
[2026-03-07T00:20:15.632Z] OPTIONS /api/entries/240?periodo=2026
[2026-03-07T00:20:15.632Z] OPTIONS /api/entries/242?periodo=2026
[2026-03-07T00:20:15.632Z] OPTIONS /api/entries/243?periodo=2026
[2026-03-07T00:20:15.632Z] OPTIONS /api/entries/244?periodo=2026
[2026-03-07T00:20:15.632Z] OPTIONS /api/entries/245?periodo=2026
[2026-03-07T00:20:15.632Z] GET /api/entries/110?periodo=2026
[2026-03-07T00:20:15.633Z] GET /api/entries/111?periodo=2026
[2026-03-07T00:20:15.633Z] OPTIONS /api/entries/246?periodo=2026
[2026-03-07T00:20:15.633Z] OPTIONS /api/entries/247?periodo=2026
[2026-03-07T00:20:15.633Z] OPTIONS /api/entries/248?periodo=2026
[2026-03-07T00:20:15.633Z] OPTIONS /api/entries/249?periodo=2026
[2026-03-07T00:20:15.633Z] GET /api/entries/112?periodo=2026
[2026-03-07T00:20:15.634Z] OPTIONS /api/entries/250?periodo=2026
[2026-03-07T00:20:15.634Z] GET /api/entries/113?periodo=2026
[2026-03-07T00:20:15.634Z] OPTIONS /api/entries/251?periodo=2026
[2026-03-07T00:20:15.634Z] GET /api/entries/115?periodo=2026
[2026-03-07T00:20:15.634Z] GET /api/entries/114?periodo=2026
[2026-03-07T00:20:15.636Z] OPTIONS /api/entries/252?periodo=2026
[2026-03-07T00:20:15.636Z] GET /api/entries/116?periodo=2026
[2026-03-07T00:20:15.636Z] GET /api/entries/117?periodo=2026
[2026-03-07T00:20:15.637Z] OPTIONS /api/entries/253?periodo=2026
[2026-03-07T00:20:15.637Z] OPTIONS /api/entries/254?periodo=2026
[2026-03-07T00:20:15.637Z] OPTIONS /api/entries/255?periodo=2026
[2026-03-07T00:20:15.637Z] OPTIONS /api/entries/257?periodo=2026
[2026-03-07T00:20:15.637Z] OPTIONS /api/entries/258?periodo=2026
[2026-03-07T00:20:15.637Z] OPTIONS /api/entries/259?periodo=2026
[2026-03-07T00:20:15.637Z] OPTIONS /api/entries/260?periodo=2026
[2026-03-07T00:20:15.637Z] OPTIONS /api/entries/261?periodo=2026
[2026-03-07T00:20:15.637Z] OPTIONS /api/entries/262?periodo=2026
[2026-03-07T00:20:15.637Z] OPTIONS /api/entries/263?periodo=2026
[2026-03-07T00:20:15.637Z] OPTIONS /api/entries/264?periodo=2026
[2026-03-07T00:20:15.638Z] GET /api/entries/118?periodo=2026
[2026-03-07T00:20:15.638Z] OPTIONS /api/entries/265?periodo=2026
[2026-03-07T00:20:15.638Z] OPTIONS /api/entries/266?periodo=2026
[2026-03-07T00:20:15.638Z] OPTIONS /api/entries/268?periodo=2026
[2026-03-07T00:20:15.638Z] OPTIONS /api/entries/267?periodo=2026
[2026-03-07T00:20:15.639Z] OPTIONS /api/entries/269?periodo=2026
[2026-03-07T00:20:15.639Z] GET /api/entries/120?periodo=2026
[2026-03-07T00:20:15.639Z] GET /api/entries/119?periodo=2026
[2026-03-07T00:20:15.640Z] GET /api/entries/122?periodo=2026
[2026-03-07T00:20:15.640Z] OPTIONS /api/entries/271?periodo=2026
[2026-03-07T00:20:15.640Z] OPTIONS /api/entries/270?periodo=2026
[2026-03-07T00:20:15.640Z] GET /api/entries/121?periodo=2026
[2026-03-07T00:20:15.641Z] OPTIONS /api/entries/272?periodo=2026
[2026-03-07T00:20:15.641Z] OPTIONS /api/entries/273?periodo=2026
[2026-03-07T00:20:15.641Z] OPTIONS /api/entries/274?periodo=2026
[2026-03-07T00:20:15.641Z] OPTIONS /api/entries/275?periodo=2026
[2026-03-07T00:20:15.641Z] OPTIONS /api/entries/276?periodo=2026
[2026-03-07T00:20:15.641Z] GET /api/entries/123?periodo=2026
[2026-03-07T00:20:15.641Z] OPTIONS /api/entries/277?periodo=2026
[2026-03-07T00:20:15.641Z] GET /api/entries/124?periodo=2026
[2026-03-07T00:20:15.642Z] OPTIONS /api/entries/278?periodo=2026
[2026-03-07T00:20:15.642Z] OPTIONS /api/entries/279?periodo=2026
[2026-03-07T00:20:15.642Z] GET /api/entries/125?periodo=2026
[2026-03-07T00:20:15.643Z] GET /api/entries/126?periodo=2026
[2026-03-07T00:20:15.643Z] GET /api/entries/127?periodo=2026
[2026-03-07T00:20:15.643Z] OPTIONS /api/entries/280?periodo=2026
[2026-03-07T00:20:15.643Z] OPTIONS /api/entries/281?periodo=2026
[2026-03-07T00:20:15.644Z] GET /api/entries/128?periodo=2026
[2026-03-07T00:20:15.644Z] GET /api/entries/129?periodo=2026
[2026-03-07T00:20:15.645Z] OPTIONS /api/entries/282?periodo=2026
[2026-03-07T00:20:15.646Z] OPTIONS /api/entries/283?periodo=2026
[2026-03-07T00:20:15.646Z] OPTIONS /api/entries/284?periodo=2026
[2026-03-07T00:20:15.646Z] OPTIONS /api/entries/286?periodo=2026
[2026-03-07T00:20:15.647Z] OPTIONS /api/entries/285?periodo=2026
[2026-03-07T00:20:15.647Z] OPTIONS /api/entries/288?periodo=2026
[2026-03-07T00:20:15.647Z] OPTIONS /api/entries/289?periodo=2026
[2026-03-07T00:20:15.647Z] OPTIONS /api/entries/292?periodo=2026
[2026-03-07T00:20:15.647Z] OPTIONS /api/entries/293?periodo=2026
[2026-03-07T00:20:15.647Z] OPTIONS /api/entries/294?periodo=2026
[2026-03-07T00:20:15.647Z] OPTIONS /api/entries/295?periodo=2026
[2026-03-07T00:20:15.647Z] OPTIONS /api/entries/290?periodo=2026
[2026-03-07T00:20:15.647Z] OPTIONS /api/entries/291?periodo=2026
[2026-03-07T00:20:15.647Z] GET /api/entries/130?periodo=2026
[2026-03-07T00:20:15.648Z] OPTIONS /api/entries/297?periodo=2026
[2026-03-07T00:20:15.648Z] OPTIONS /api/entries/296?periodo=2026
[2026-03-07T00:20:15.648Z] OPTIONS /api/entries/301?periodo=2026
[2026-03-07T00:20:15.648Z] OPTIONS /api/entries/298?periodo=2026
[2026-03-07T00:20:15.648Z] OPTIONS /api/entries/299?periodo=2026
[2026-03-07T00:20:15.648Z] OPTIONS /api/entries/300?periodo=2026
[2026-03-07T00:20:15.648Z] OPTIONS /api/entries/302?periodo=2026
[2026-03-07T00:20:15.649Z] GET /api/entries/131?periodo=2026
[2026-03-07T00:20:15.649Z] OPTIONS /api/entries/306?periodo=2026
[2026-03-07T00:20:15.650Z] OPTIONS /api/entries/303?periodo=2026
[2026-03-07T00:20:15.650Z] OPTIONS /api/entries/304?periodo=2026
[2026-03-07T00:20:15.650Z] OPTIONS /api/entries/305?periodo=2026
[2026-03-07T00:20:15.650Z] OPTIONS /api/entries/307?periodo=2026
[2026-03-07T00:20:15.650Z] OPTIONS /api/entries/308?periodo=2026
[2026-03-07T00:20:15.650Z] OPTIONS /api/entries/309?periodo=2026
[2026-03-07T00:20:15.655Z] GET /api/entries/132?periodo=2026
[2026-03-07T00:20:15.655Z] GET /api/entries/133?periodo=2026
[2026-03-07T00:20:15.656Z] OPTIONS /api/entries/312?periodo=2026
[2026-03-07T00:20:15.656Z] OPTIONS /api/entries/311?periodo=2026
[2026-03-07T00:20:15.656Z] OPTIONS /api/entries/313?periodo=2026
[2026-03-07T00:20:15.656Z] OPTIONS /api/entries/314?periodo=2026
[2026-03-07T00:20:15.656Z] OPTIONS /api/entries/315?periodo=2026
[2026-03-07T00:20:15.656Z] OPTIONS /api/entries/316?periodo=2026
[2026-03-07T00:20:15.657Z] GET /api/entries/134?periodo=2026
[2026-03-07T00:20:15.657Z] OPTIONS /api/entries/318?periodo=2026
[2026-03-07T00:20:15.657Z] OPTIONS /api/entries/317?periodo=2026
[2026-03-07T00:20:15.657Z] OPTIONS /api/entries/324?periodo=2026
[2026-03-07T00:20:15.657Z] OPTIONS /api/entries/322?periodo=2026
[2026-03-07T00:20:15.657Z] OPTIONS /api/entries/326?periodo=2026
[2026-03-07T00:20:15.658Z] GET /api/entries/135?periodo=2026
[2026-03-07T00:20:15.658Z] OPTIONS /api/entries/325?periodo=2026
[2026-03-07T00:20:15.658Z] OPTIONS /api/entries/327?periodo=2026
[2026-03-07T00:20:15.658Z] OPTIONS /api/entries/329?periodo=2026
[2026-03-07T00:20:15.658Z] OPTIONS /api/entries/328?periodo=2026
[2026-03-07T00:20:15.658Z] OPTIONS /api/entries/332?periodo=2026
[2026-03-07T00:20:15.658Z] OPTIONS /api/entries/333?periodo=2026
[2026-03-07T00:20:15.658Z] OPTIONS /api/entries/330?periodo=2026
[2026-03-07T00:20:15.658Z] OPTIONS /api/entries/331?periodo=2026
[2026-03-07T00:20:15.658Z] OPTIONS /api/entries/335?periodo=2026
[2026-03-07T00:20:15.659Z] OPTIONS /api/entries/336?periodo=2026
[2026-03-07T00:20:15.659Z] OPTIONS /api/entries/334?periodo=2026
[2026-03-07T00:20:15.659Z] OPTIONS /api/entries/342?periodo=2026
[2026-03-07T00:20:15.659Z] OPTIONS /api/entries/343?periodo=2026
[2026-03-07T00:20:15.659Z] OPTIONS /api/entries/344?periodo=2026
[2026-03-07T00:20:15.659Z] OPTIONS /api/entries/337?periodo=2026
[2026-03-07T00:20:15.659Z] OPTIONS /api/entries/341?periodo=2026
[2026-03-07T00:20:15.659Z] OPTIONS /api/entries/348?periodo=2026
[2026-03-07T00:20:15.659Z] OPTIONS /api/entries/349?periodo=2026
[2026-03-07T00:20:15.659Z] OPTIONS /api/entries/350?periodo=2026
[2026-03-07T00:20:15.659Z] OPTIONS /api/entries/347?periodo=2026
[2026-03-07T00:20:15.659Z] OPTIONS /api/entries/353?periodo=2026
[2026-03-07T00:20:15.659Z] OPTIONS /api/entries/351?periodo=2026
[2026-03-07T00:20:15.659Z] OPTIONS /api/entries/352?periodo=2026
[2026-03-07T00:20:15.659Z] GET /api/entries/136?periodo=2026
[2026-03-07T00:20:15.660Z] GET /api/entries/137?periodo=2026
[2026-03-07T00:20:15.660Z] GET /api/entries/138?periodo=2026
[2026-03-07T00:20:15.661Z] OPTIONS /api/entries/354?periodo=2026
[2026-03-07T00:20:15.661Z] GET /api/entries/139?periodo=2026
[2026-03-07T00:20:15.661Z] GET /api/entries/140?periodo=2026
[2026-03-07T00:20:15.662Z] GET /api/entries/143?periodo=2026
[2026-03-07T00:20:15.662Z] OPTIONS /api/entries/355?periodo=2026
[2026-03-07T00:20:15.662Z] GET /api/entries/141?periodo=2026
[2026-03-07T00:20:15.664Z] GET /api/entries/142?periodo=2026
[2026-03-07T00:20:15.664Z] OPTIONS /api/entries/356?periodo=2026
[2026-03-07T00:20:15.664Z] OPTIONS /api/entries/357?periodo=2026
[2026-03-07T00:20:15.664Z] OPTIONS /api/entries/358?periodo=2026
[2026-03-07T00:20:15.664Z] OPTIONS /api/entries/359?periodo=2026
[2026-03-07T00:20:15.664Z] OPTIONS /api/entries/360?periodo=2026
[2026-03-07T00:20:15.664Z] GET /api/entries/144?periodo=2026
[2026-03-07T00:20:15.664Z] OPTIONS /api/entries/361?periodo=2026
[2026-03-07T00:20:15.665Z] OPTIONS /api/entries/362?periodo=2026
[2026-03-07T00:20:15.665Z] OPTIONS /api/entries/363?periodo=2026
[2026-03-07T00:20:15.665Z] OPTIONS /api/entries/364?periodo=2026
[2026-03-07T00:20:15.665Z] GET /api/entries/146?periodo=2026
[2026-03-07T00:20:15.665Z] GET /api/entries/145?periodo=2026
[2026-03-07T00:20:15.666Z] OPTIONS /api/entries/366?periodo=2026
[2026-03-07T00:20:15.666Z] OPTIONS /api/entries/365?periodo=2026
[2026-03-07T00:20:15.666Z] OPTIONS /api/entries/367?periodo=2026
[2026-03-07T00:20:15.666Z] OPTIONS /api/entries/368?periodo=2026
[2026-03-07T00:20:15.666Z] OPTIONS /api/entries/369?periodo=2026
[2026-03-07T00:20:15.666Z] OPTIONS /api/entries/370?periodo=2026
[2026-03-07T00:20:15.666Z] GET /api/entries/147?periodo=2026
[2026-03-07T00:20:15.667Z] OPTIONS /api/entries/371?periodo=2026
[2026-03-07T00:20:15.667Z] GET /api/entries/148?periodo=2026
[2026-03-07T00:20:15.668Z] OPTIONS /api/entries/373?periodo=2026
[2026-03-07T00:20:15.668Z] OPTIONS /api/entries/372?periodo=2026
[2026-03-07T00:20:15.668Z] GET /api/entries/149?periodo=2026
[2026-03-07T00:20:15.669Z] OPTIONS /api/entries/374?periodo=2026
[2026-03-07T00:20:15.669Z] GET /api/entries/150?periodo=2026
[2026-03-07T00:20:15.669Z] OPTIONS /api/entries/375?periodo=2026
[2026-03-07T00:20:15.669Z] GET /api/entries/151?periodo=2026
[2026-03-07T00:20:15.670Z] GET /api/entries/152?periodo=2026
[2026-03-07T00:20:15.671Z] OPTIONS /api/entries/376?periodo=2026
[2026-03-07T00:20:15.671Z] GET /api/entries/153?periodo=2026
[2026-03-07T00:20:15.671Z] OPTIONS /api/entries/378?periodo=2026
[2026-03-07T00:20:15.671Z] OPTIONS /api/entries/377?periodo=2026
[2026-03-07T00:20:15.671Z] OPTIONS /api/entries/379?periodo=2026
[2026-03-07T00:20:15.671Z] OPTIONS /api/entries/380?periodo=2026
[2026-03-07T00:20:15.672Z] OPTIONS /api/entries/381?periodo=2026
[2026-03-07T00:20:15.672Z] OPTIONS /api/entries/382?periodo=2026
[2026-03-07T00:20:15.672Z] OPTIONS /api/entries/383?periodo=2026
[2026-03-07T00:20:15.672Z] GET /api/entries/154?periodo=2026
[2026-03-07T00:20:15.673Z] OPTIONS /api/entries/384?periodo=2026
[2026-03-07T00:20:15.673Z] GET /api/entries/155?periodo=2026
[2026-03-07T00:20:15.673Z] GET /api/entries/156?periodo=2026
[2026-03-07T00:20:15.673Z] GET /api/entries/158?periodo=2026
[2026-03-07T00:20:15.674Z] OPTIONS /api/entries/386?periodo=2026
[2026-03-07T00:20:15.674Z] OPTIONS /api/entries/385?periodo=2026
[2026-03-07T00:20:15.674Z] OPTIONS /api/entries/387?periodo=2026
[2026-03-07T00:20:15.674Z] OPTIONS /api/entries/388?periodo=2026
[2026-03-07T00:20:15.674Z] OPTIONS /api/entries/389?periodo=2026
[2026-03-07T00:20:15.674Z] OPTIONS /api/entries/390?periodo=2026
[2026-03-07T00:20:15.674Z] OPTIONS /api/entries/391?periodo=2026
[2026-03-07T00:20:15.674Z] OPTIONS /api/entries/392?periodo=2026
[2026-03-07T00:20:15.675Z] OPTIONS /api/entries/393?periodo=2026
[2026-03-07T00:20:15.675Z] OPTIONS /api/entries/394?periodo=2026
[2026-03-07T00:20:15.675Z] OPTIONS /api/entries/395?periodo=2026
[2026-03-07T00:20:15.675Z] OPTIONS /api/entries/396?periodo=2026
[2026-03-07T00:20:15.675Z] OPTIONS /api/entries/397?periodo=2026
[2026-03-07T00:20:15.675Z] OPTIONS /api/entries/398?periodo=2026
[2026-03-07T00:20:15.675Z] GET /api/entries/159?periodo=2026
[2026-03-07T00:20:15.675Z] GET /api/entries/160?periodo=2026
[2026-03-07T00:20:15.676Z] OPTIONS /api/entries/399?periodo=2026
[2026-03-07T00:20:15.676Z] OPTIONS /api/entries/400?periodo=2026
[2026-03-07T00:20:15.676Z] OPTIONS /api/entries/401?periodo=2026
[2026-03-07T00:20:15.676Z] OPTIONS /api/entries/402?periodo=2026
[2026-03-07T00:20:15.677Z] OPTIONS /api/entries/403?periodo=2026
[2026-03-07T00:20:15.677Z] OPTIONS /api/entries/404?periodo=2026
[2026-03-07T00:20:15.677Z] OPTIONS /api/entries/405?periodo=2026
[2026-03-07T00:20:15.677Z] OPTIONS /api/entries/406?periodo=2026
[2026-03-07T00:20:15.678Z] OPTIONS /api/entries/407?periodo=2026
[2026-03-07T00:20:15.678Z] OPTIONS /api/entries/408?periodo=2026
[2026-03-07T00:20:15.678Z] OPTIONS /api/entries/409?periodo=2026
[2026-03-07T00:20:15.678Z] OPTIONS /api/entries/410?periodo=2026
[2026-03-07T00:20:15.678Z] GET /api/entries/161?periodo=2026
[2026-03-07T00:20:15.679Z] OPTIONS /api/entries/412?periodo=2026
[2026-03-07T00:20:15.679Z] OPTIONS /api/entries/413?periodo=2026
[2026-03-07T00:20:15.679Z] OPTIONS /api/entries/414?periodo=2026
[2026-03-07T00:20:15.679Z] OPTIONS /api/entries/415?periodo=2026
[2026-03-07T00:20:15.679Z] OPTIONS /api/entries/411?periodo=2026
[2026-03-07T00:20:15.679Z] OPTIONS /api/entries/416?periodo=2026
[2026-03-07T00:20:15.679Z] OPTIONS /api/entries/417?periodo=2026
[2026-03-07T00:20:15.679Z] GET /api/entries/162?periodo=2026
[2026-03-07T00:20:15.679Z] GET /api/entries/163?periodo=2026
[2026-03-07T00:20:15.680Z] GET /api/entries/166?periodo=2026
[2026-03-07T00:20:15.680Z] GET /api/entries/164?periodo=2026
[2026-03-07T00:20:15.681Z] GET /api/entries/167?periodo=2026
[2026-03-07T00:20:15.681Z] GET /api/entries/168?periodo=2026
[2026-03-07T00:20:15.681Z] GET /api/entries/169?periodo=2026
[2026-03-07T00:20:15.682Z] GET /api/entries/170?periodo=2026
[2026-03-07T00:20:15.682Z] GET /api/entries/171?periodo=2026
[2026-03-07T00:20:15.683Z] GET /api/entries/172?periodo=2026
[2026-03-07T00:20:15.683Z] GET /api/entries/173?periodo=2026
[2026-03-07T00:20:15.684Z] GET /api/entries/174?periodo=2026
[2026-03-07T00:20:15.687Z] GET /api/entries/175?periodo=2026
[2026-03-07T00:20:15.688Z] GET /api/entries/176?periodo=2026
[2026-03-07T00:20:15.689Z] GET /api/entries/177?periodo=2026
[2026-03-07T00:20:15.689Z] GET /api/entries/178?periodo=2026
[2026-03-07T00:20:15.689Z] GET /api/entries/179?periodo=2026
[2026-03-07T00:20:15.690Z] GET /api/entries/180?periodo=2026
[2026-03-07T00:20:15.694Z] GET /api/entries/181?periodo=2026
[2026-03-07T00:20:15.695Z] GET /api/entries/182?periodo=2026
[2026-03-07T00:20:15.696Z] GET /api/entries/184?periodo=2026
[2026-03-07T00:20:15.696Z] GET /api/entries/185?periodo=2026
[2026-03-07T00:20:15.697Z] GET /api/entries/183?periodo=2026
[2026-03-07T00:20:15.697Z] GET /api/entries/187?periodo=2026
[2026-03-07T00:20:15.697Z] GET /api/entries/186?periodo=2026
[2026-03-07T00:20:15.698Z] GET /api/entries/188?periodo=2026
[2026-03-07T00:20:15.698Z] GET /api/entries/189?periodo=2026
[2026-03-07T00:20:15.698Z] GET /api/entries/190?periodo=2026
[2026-03-07T00:20:15.699Z] GET /api/entries/191?periodo=2026
[2026-03-07T00:20:15.699Z] GET /api/entries/193?periodo=2026
[2026-03-07T00:20:15.700Z] GET /api/entries/194?periodo=2026
[2026-03-07T00:20:15.701Z] GET /api/entries/192?periodo=2026
[2026-03-07T00:20:15.701Z] GET /api/entries/195?periodo=2026
[2026-03-07T00:20:15.702Z] GET /api/entries/196?periodo=2026
[2026-03-07T00:20:15.702Z] GET /api/entries/197?periodo=2026
[2026-03-07T00:20:15.703Z] GET /api/entries/198?periodo=2026
[2026-03-07T00:20:15.703Z] GET /api/entries/199?periodo=2026
[2026-03-07T00:20:15.703Z] GET /api/entries/200?periodo=2026
[2026-03-07T00:20:15.704Z] GET /api/entries/201?periodo=2026
[2026-03-07T00:20:15.704Z] GET /api/entries/202?periodo=2026
[2026-03-07T00:20:15.704Z] GET /api/entries/203?periodo=2026
[2026-03-07T00:20:15.705Z] GET /api/entries/205?periodo=2026
[2026-03-07T00:20:15.705Z] GET /api/entries/204?periodo=2026
[2026-03-07T00:20:15.706Z] GET /api/entries/206?periodo=2026
[2026-03-07T00:20:15.706Z] GET /api/entries/207?periodo=2026
[2026-03-07T00:20:15.706Z] GET /api/entries/208?periodo=2026
[2026-03-07T00:20:15.707Z] GET /api/entries/209?periodo=2026
[2026-03-07T00:20:15.707Z] GET /api/entries/210?periodo=2026
[2026-03-07T00:20:15.707Z] GET /api/entries/211?periodo=2026
[2026-03-07T00:20:15.708Z] GET /api/entries/214?periodo=2026
[2026-03-07T00:20:15.708Z] GET /api/entries/212?periodo=2026
[2026-03-07T00:20:15.709Z] GET /api/entries/213?periodo=2026
[2026-03-07T00:20:15.709Z] GET /api/entries/215?periodo=2026
[2026-03-07T00:20:15.709Z] GET /api/entries/216?periodo=2026
[2026-03-07T00:20:15.710Z] GET /api/entries/217?periodo=2026
[2026-03-07T00:20:15.711Z] GET /api/entries/218?periodo=2026
[2026-03-07T00:20:15.711Z] GET /api/entries/219?periodo=2026
[2026-03-07T00:20:15.712Z] GET /api/entries/220?periodo=2026
[2026-03-07T00:20:15.712Z] GET /api/entries/221?periodo=2026
[2026-03-07T00:20:15.712Z] GET /api/entries/222?periodo=2026
[2026-03-07T00:20:15.713Z] GET /api/entries/223?periodo=2026
[2026-03-07T00:20:15.713Z] GET /api/entries/224?periodo=2026
[2026-03-07T00:20:15.714Z] GET /api/entries/225?periodo=2026
[2026-03-07T00:20:15.715Z] GET /api/entries/226?periodo=2026
[2026-03-07T00:20:15.715Z] GET /api/entries/228?periodo=2026
[2026-03-07T00:20:15.716Z] GET /api/entries/229?periodo=2026
[2026-03-07T00:20:15.716Z] GET /api/entries/230?periodo=2026
[2026-03-07T00:20:15.716Z] GET /api/entries/233?periodo=2026
[2026-03-07T00:20:15.718Z] GET /api/entries/234?periodo=2026
[2026-03-07T00:20:15.718Z] GET /api/entries/236?periodo=2026
[2026-03-07T00:20:15.719Z] GET /api/entries/235?periodo=2026
[2026-03-07T00:20:15.720Z] GET /api/entries/238?periodo=2026
[2026-03-07T00:20:15.720Z] GET /api/entries/237?periodo=2026
[2026-03-07T00:20:15.721Z] GET /api/entries/239?periodo=2026
[2026-03-07T00:20:15.721Z] GET /api/entries/240?periodo=2026
[2026-03-07T00:20:15.722Z] GET /api/entries/244?periodo=2026
[2026-03-07T00:20:15.722Z] GET /api/entries/242?periodo=2026
[2026-03-07T00:20:15.722Z] GET /api/entries/243?periodo=2026
[2026-03-07T00:20:15.723Z] GET /api/entries/245?periodo=2026
[2026-03-07T00:20:15.723Z] GET /api/entries/246?periodo=2026
[2026-03-07T00:20:15.723Z] GET /api/entries/247?periodo=2026
[2026-03-07T00:20:15.724Z] GET /api/entries/248?periodo=2026
[2026-03-07T00:20:15.724Z] GET /api/entries/249?periodo=2026
[2026-03-07T00:20:15.725Z] GET /api/entries/250?periodo=2026
[2026-03-07T00:20:15.725Z] GET /api/entries/251?periodo=2026
[2026-03-07T00:20:15.725Z] GET /api/entries/252?periodo=2026
[2026-03-07T00:20:15.726Z] GET /api/entries/253?periodo=2026
[2026-03-07T00:20:15.726Z] GET /api/entries/254?periodo=2026
[2026-03-07T00:20:15.727Z] GET /api/entries/255?periodo=2026
[2026-03-07T00:20:15.727Z] GET /api/entries/257?periodo=2026
[2026-03-07T00:20:15.728Z] GET /api/entries/258?periodo=2026
[2026-03-07T00:20:15.728Z] GET /api/entries/259?periodo=2026
[2026-03-07T00:20:15.728Z] GET /api/entries/260?periodo=2026
[2026-03-07T00:20:15.729Z] GET /api/entries/261?periodo=2026
[2026-03-07T00:20:15.729Z] GET /api/entries/262?periodo=2026
[2026-03-07T00:20:15.730Z] GET /api/entries/263?periodo=2026
[2026-03-07T00:20:15.730Z] GET /api/entries/264?periodo=2026
[2026-03-07T00:20:15.731Z] GET /api/entries/265?periodo=2026
[2026-03-07T00:20:15.731Z] GET /api/entries/266?periodo=2026
[2026-03-07T00:20:15.732Z] GET /api/entries/268?periodo=2026
[2026-03-07T00:20:15.732Z] GET /api/entries/267?periodo=2026
[2026-03-07T00:20:15.735Z] OPTIONS /api/entries/2?periodo=2026
[2026-03-07T00:20:15.735Z] OPTIONS /api/entries/3?periodo=2026
[2026-03-07T00:20:15.735Z] OPTIONS /api/entries/4?periodo=2026
[2026-03-07T00:20:15.735Z] GET /api/entries/269?periodo=2026
[2026-03-07T00:20:15.736Z] OPTIONS /api/entries/5?periodo=2026
[2026-03-07T00:20:15.736Z] OPTIONS /api/entries/6?periodo=2026
[2026-03-07T00:20:15.736Z] OPTIONS /api/entries/7?periodo=2026
[2026-03-07T00:20:15.736Z] OPTIONS /api/entries/8?periodo=2026
[2026-03-07T00:20:15.736Z] OPTIONS /api/entries/9?periodo=2026
[2026-03-07T00:20:15.737Z] OPTIONS /api/entries/10?periodo=2026
[2026-03-07T00:20:15.737Z] OPTIONS /api/entries/11?periodo=2026
[2026-03-07T00:20:15.737Z] OPTIONS /api/entries/12?periodo=2026
[2026-03-07T00:20:15.737Z] GET /api/entries/271?periodo=2026
[2026-03-07T00:20:15.737Z] GET /api/entries/270?periodo=2026
[2026-03-07T00:20:15.738Z] OPTIONS /api/entries/13?periodo=2026
[2026-03-07T00:20:15.738Z] OPTIONS /api/entries/14?periodo=2026
[2026-03-07T00:20:15.738Z] GET /api/entries/272?periodo=2026
[2026-03-07T00:20:15.738Z] GET /api/entries/273?periodo=2026
[2026-03-07T00:20:15.738Z] OPTIONS /api/entries/15?periodo=2026
[2026-03-07T00:20:15.738Z] GET /api/entries/274?periodo=2026
[2026-03-07T00:20:15.739Z] GET /api/entries/275?periodo=2026
[2026-03-07T00:20:15.739Z] OPTIONS /api/entries/16?periodo=2026
[2026-03-07T00:20:15.739Z] GET /api/entries/276?periodo=2026
[2026-03-07T00:20:15.740Z] OPTIONS /api/entries/17?periodo=2026
[2026-03-07T00:20:15.740Z] OPTIONS /api/entries/18?periodo=2026
[2026-03-07T00:20:15.740Z] GET /api/entries/277?periodo=2026
[2026-03-07T00:20:15.740Z] OPTIONS /api/entries/21?periodo=2026
[2026-03-07T00:20:15.740Z] OPTIONS /api/entries/19?periodo=2026
[2026-03-07T00:20:15.741Z] OPTIONS /api/entries/22?periodo=2026
[2026-03-07T00:20:15.741Z] OPTIONS /api/entries/23?periodo=2026
[2026-03-07T00:20:15.741Z] OPTIONS /api/entries/24?periodo=2026
[2026-03-07T00:20:15.741Z] GET /api/entries/278?periodo=2026
[2026-03-07T00:20:15.741Z] GET /api/entries/279?periodo=2026
[2026-03-07T00:20:15.741Z] OPTIONS /api/entries/25?periodo=2026
[2026-03-07T00:20:15.742Z] OPTIONS /api/entries/26?periodo=2026
[2026-03-07T00:20:15.742Z] OPTIONS /api/entries/28?periodo=2026
[2026-03-07T00:20:15.742Z] OPTIONS /api/entries/29?periodo=2026
[2026-03-07T00:20:15.742Z] OPTIONS /api/entries/30?periodo=2026
[2026-03-07T00:20:15.742Z] OPTIONS /api/entries/31?periodo=2026
[2026-03-07T00:20:15.742Z] OPTIONS /api/entries/32?periodo=2026
[2026-03-07T00:20:15.742Z] GET /api/entries/280?periodo=2026
[2026-03-07T00:20:15.742Z] OPTIONS /api/entries/33?periodo=2026
[2026-03-07T00:20:15.742Z] GET /api/entries/281?periodo=2026
[2026-03-07T00:20:15.743Z] OPTIONS /api/entries/34?periodo=2026
[2026-03-07T00:20:15.743Z] OPTIONS /api/entries/35?periodo=2026
[2026-03-07T00:20:15.743Z] OPTIONS /api/entries/36?periodo=2026
[2026-03-07T00:20:15.743Z] OPTIONS /api/entries/37?periodo=2026
[2026-03-07T00:20:15.744Z] OPTIONS /api/entries/40?periodo=2026
[2026-03-07T00:20:15.744Z] OPTIONS /api/entries/41?periodo=2026
[2026-03-07T00:20:15.744Z] OPTIONS /api/entries/39?periodo=2026
[2026-03-07T00:20:15.744Z] GET /api/entries/282?periodo=2026
[2026-03-07T00:20:15.745Z] OPTIONS /api/entries/43?periodo=2026
[2026-03-07T00:20:15.745Z] OPTIONS /api/entries/45?periodo=2026
[2026-03-07T00:20:15.745Z] OPTIONS /api/entries/42?periodo=2026
[2026-03-07T00:20:15.745Z] OPTIONS /api/entries/46?periodo=2026
[2026-03-07T00:20:15.745Z] OPTIONS /api/entries/47?periodo=2026
[2026-03-07T00:20:15.745Z] OPTIONS /api/entries/48?periodo=2026
[2026-03-07T00:20:15.745Z] GET /api/entries/283?periodo=2026
[2026-03-07T00:20:15.745Z] OPTIONS /api/entries/49?periodo=2026
[2026-03-07T00:20:15.745Z] OPTIONS /api/entries/50?periodo=2026
[2026-03-07T00:20:15.745Z] OPTIONS /api/entries/51?periodo=2026
[2026-03-07T00:20:15.745Z] OPTIONS /api/entries/52?periodo=2026
[2026-03-07T00:20:15.746Z] OPTIONS /api/entries/53?periodo=2026
[2026-03-07T00:20:15.746Z] GET /api/entries/284?periodo=2026
[2026-03-07T00:20:15.746Z] GET /api/entries/285?periodo=2026
[2026-03-07T00:20:15.746Z] OPTIONS /api/entries/54?periodo=2026
[2026-03-07T00:20:15.746Z] GET /api/entries/286?periodo=2026
[2026-03-07T00:20:15.747Z] GET /api/entries/288?periodo=2026
[2026-03-07T00:20:15.747Z] OPTIONS /api/entries/56?periodo=2026
[2026-03-07T00:20:15.747Z] GET /api/entries/289?periodo=2026
[2026-03-07T00:20:15.748Z] OPTIONS /api/entries/57?periodo=2026
[2026-03-07T00:20:15.748Z] OPTIONS /api/entries/58?periodo=2026
[2026-03-07T00:20:15.748Z] GET /api/entries/292?periodo=2026
[2026-03-07T00:20:15.748Z] GET /api/entries/293?periodo=2026
[2026-03-07T00:20:15.749Z] GET /api/entries/295?periodo=2026
[2026-03-07T00:20:15.749Z] GET /api/entries/294?periodo=2026
[2026-03-07T00:20:15.750Z] OPTIONS /api/entries/59?periodo=2026
[2026-03-07T00:20:15.750Z] GET /api/entries/290?periodo=2026
[2026-03-07T00:20:15.751Z] GET /api/entries/291?periodo=2026
[2026-03-07T00:20:15.751Z] OPTIONS /api/entries/60?periodo=2026
[2026-03-07T00:20:15.751Z] OPTIONS /api/entries/61?periodo=2026
[2026-03-07T00:20:15.751Z] OPTIONS /api/entries/62?periodo=2026
[2026-03-07T00:20:15.752Z] GET /api/entries/297?periodo=2026
[2026-03-07T00:20:15.752Z] GET /api/entries/296?periodo=2026
[2026-03-07T00:20:15.752Z] OPTIONS /api/entries/63?periodo=2026
[2026-03-07T00:20:15.753Z] OPTIONS /api/entries/65?periodo=2026
[2026-03-07T00:20:15.753Z] GET /api/entries/301?periodo=2026
[2026-03-07T00:20:15.753Z] GET /api/entries/298?periodo=2026
[2026-03-07T00:20:15.753Z] GET /api/entries/300?periodo=2026
[2026-03-07T00:20:15.754Z] GET /api/entries/299?periodo=2026
[2026-03-07T00:20:15.754Z] OPTIONS /api/entries/66?periodo=2026
[2026-03-07T00:20:15.754Z] GET /api/entries/302?periodo=2026
[2026-03-07T00:20:15.755Z] OPTIONS /api/entries/67?periodo=2026
[2026-03-07T00:20:15.755Z] OPTIONS /api/entries/69?periodo=2026
[2026-03-07T00:20:15.755Z] OPTIONS /api/entries/70?periodo=2026
[2026-03-07T00:20:15.755Z] OPTIONS /api/entries/71?periodo=2026
[2026-03-07T00:20:15.755Z] OPTIONS /api/entries/72?periodo=2026
[2026-03-07T00:20:15.755Z] OPTIONS /api/entries/73?periodo=2026
[2026-03-07T00:20:15.755Z] OPTIONS /api/entries/74?periodo=2026
[2026-03-07T00:20:15.755Z] GET /api/entries/306?periodo=2026
[2026-03-07T00:20:15.756Z] OPTIONS /api/entries/77?periodo=2026
[2026-03-07T00:20:15.756Z] OPTIONS /api/entries/75?periodo=2026
[2026-03-07T00:20:15.756Z] OPTIONS /api/entries/76?periodo=2026
[2026-03-07T00:20:15.756Z] GET /api/entries/303?periodo=2026
[2026-03-07T00:20:15.756Z] GET /api/entries/304?periodo=2026
[2026-03-07T00:20:15.757Z] OPTIONS /api/entries/78?periodo=2026
[2026-03-07T00:20:15.757Z] GET /api/entries/305?periodo=2026
[2026-03-07T00:20:15.757Z] OPTIONS /api/entries/79?periodo=2026
[2026-03-07T00:20:15.757Z] GET /api/entries/307?periodo=2026
[2026-03-07T00:20:15.757Z] OPTIONS /api/entries/81?periodo=2026
[2026-03-07T00:20:15.758Z] GET /api/entries/308?periodo=2026
[2026-03-07T00:20:15.758Z] GET /api/entries/309?periodo=2026
[2026-03-07T00:20:15.758Z] OPTIONS /api/entries/82?periodo=2026
[2026-03-07T00:20:15.758Z] OPTIONS /api/entries/83?periodo=2026
[2026-03-07T00:20:15.758Z] OPTIONS /api/entries/84?periodo=2026
[2026-03-07T00:20:15.758Z] OPTIONS /api/entries/85?periodo=2026
[2026-03-07T00:20:15.759Z] OPTIONS /api/entries/86?periodo=2026
[2026-03-07T00:20:15.759Z] OPTIONS /api/entries/87?periodo=2026
[2026-03-07T00:20:15.759Z] OPTIONS /api/entries/89?periodo=2026
[2026-03-07T00:20:15.759Z] OPTIONS /api/entries/91?periodo=2026
[2026-03-07T00:20:15.760Z] GET /api/entries/312?periodo=2026
[2026-03-07T00:20:15.760Z] OPTIONS /api/entries/92?periodo=2026
[2026-03-07T00:20:15.760Z] OPTIONS /api/entries/93?periodo=2026
[2026-03-07T00:20:15.760Z] GET /api/entries/311?periodo=2026
[2026-03-07T00:20:15.760Z] GET /api/entries/313?periodo=2026
[2026-03-07T00:20:15.761Z] GET /api/entries/315?periodo=2026
[2026-03-07T00:20:15.761Z] GET /api/entries/316?periodo=2026
[2026-03-07T00:20:15.762Z] GET /api/entries/314?periodo=2026
[2026-03-07T00:20:15.763Z] GET /api/entries/318?periodo=2026
[2026-03-07T00:20:15.763Z] GET /api/entries/317?periodo=2026
[2026-03-07T00:20:15.763Z] GET /api/entries/324?periodo=2026
[2026-03-07T00:20:15.764Z] GET /api/entries/322?periodo=2026
[2026-03-07T00:20:15.764Z] GET /api/entries/326?periodo=2026
[2026-03-07T00:20:15.764Z] OPTIONS /api/entries/95?periodo=2026
[2026-03-07T00:20:15.765Z] GET /api/entries/325?periodo=2026
[2026-03-07T00:20:15.765Z] GET /api/entries/327?periodo=2026
[2026-03-07T00:20:15.765Z] GET /api/entries/329?periodo=2026
[2026-03-07T00:20:15.766Z] GET /api/entries/328?periodo=2026
[2026-03-07T00:20:15.766Z] GET /api/entries/332?periodo=2026
[2026-03-07T00:20:15.766Z] GET /api/entries/333?periodo=2026
[2026-03-07T00:20:15.767Z] GET /api/entries/330?periodo=2026
[2026-03-07T00:20:15.767Z] GET /api/entries/331?periodo=2026
[2026-03-07T00:20:15.768Z] GET /api/entries/335?periodo=2026
[2026-03-07T00:20:15.768Z] GET /api/entries/336?periodo=2026
[2026-03-07T00:20:15.769Z] GET /api/entries/334?periodo=2026
[2026-03-07T00:20:15.770Z] GET /api/entries/342?periodo=2026
[2026-03-07T00:20:15.770Z] GET /api/entries/343?periodo=2026
[2026-03-07T00:20:15.770Z] GET /api/entries/344?periodo=2026
[2026-03-07T00:20:15.771Z] GET /api/entries/337?periodo=2026
[2026-03-07T00:20:15.771Z] GET /api/entries/341?periodo=2026
[2026-03-07T00:20:15.771Z] GET /api/entries/348?periodo=2026
[2026-03-07T00:20:15.772Z] GET /api/entries/349?periodo=2026
[2026-03-07T00:20:15.772Z] GET /api/entries/350?periodo=2026
[2026-03-07T00:20:15.773Z] GET /api/entries/347?periodo=2026
[2026-03-07T00:20:15.773Z] GET /api/entries/351?periodo=2026
[2026-03-07T00:20:15.773Z] GET /api/entries/353?periodo=2026
[2026-03-07T00:20:15.774Z] GET /api/entries/352?periodo=2026
[2026-03-07T00:20:15.774Z] OPTIONS /api/entries/97?periodo=2026
[2026-03-07T00:20:15.774Z] GET /api/entries/354?periodo=2026
[2026-03-07T00:20:15.775Z] GET /api/entries/355?periodo=2026
[2026-03-07T00:20:15.775Z] OPTIONS /api/entries/96?periodo=2026
[2026-03-07T00:20:15.776Z] OPTIONS /api/entries/98?periodo=2026
[2026-03-07T00:20:15.776Z] OPTIONS /api/entries/100?periodo=2026
[2026-03-07T00:20:15.776Z] OPTIONS /api/entries/99?periodo=2026
[2026-03-07T00:20:15.776Z] OPTIONS /api/entries/102?periodo=2026
[2026-03-07T00:20:15.776Z] GET /api/entries/357?periodo=2026
[2026-03-07T00:20:15.776Z] OPTIONS /api/entries/101?periodo=2026
[2026-03-07T00:20:15.776Z] GET /api/entries/356?periodo=2026
[2026-03-07T00:20:15.777Z] OPTIONS /api/entries/103?periodo=2026
[2026-03-07T00:20:15.777Z] GET /api/entries/358?periodo=2026
[2026-03-07T00:20:15.777Z] GET /api/entries/359?periodo=2026
[2026-03-07T00:20:15.778Z] GET /api/entries/360?periodo=2026
[2026-03-07T00:20:15.778Z] GET /api/entries/361?periodo=2026
[2026-03-07T00:20:15.779Z] GET /api/entries/362?periodo=2026
[2026-03-07T00:20:15.779Z] OPTIONS /api/entries/104?periodo=2026
[2026-03-07T00:20:15.779Z] GET /api/entries/363?periodo=2026
[2026-03-07T00:20:15.779Z] GET /api/entries/364?periodo=2026
[2026-03-07T00:20:15.780Z] OPTIONS /api/entries/108?periodo=2026
[2026-03-07T00:20:15.780Z] GET /api/entries/366?periodo=2026
[2026-03-07T00:20:15.780Z] GET /api/entries/365?periodo=2026
[2026-03-07T00:20:15.780Z] GET /api/entries/367?periodo=2026
[2026-03-07T00:20:15.781Z] GET /api/entries/368?periodo=2026
[2026-03-07T00:20:15.781Z] OPTIONS /api/entries/107?periodo=2026
[2026-03-07T00:20:15.781Z] GET /api/entries/369?periodo=2026
[2026-03-07T00:20:15.782Z] GET /api/entries/370?periodo=2026
[2026-03-07T00:20:15.782Z] GET /api/entries/371?periodo=2026
[2026-03-07T00:20:15.782Z] GET /api/entries/373?periodo=2026
[2026-03-07T00:20:15.783Z] GET /api/entries/372?periodo=2026
[2026-03-07T00:20:15.783Z] GET /api/entries/374?periodo=2026
[2026-03-07T00:20:15.783Z] GET /api/entries/375?periodo=2026
[2026-03-07T00:20:15.784Z] GET /api/entries/376?periodo=2026
[2026-03-07T00:20:15.785Z] GET /api/entries/378?periodo=2026
[2026-03-07T00:20:15.785Z] GET /api/entries/377?periodo=2026
[2026-03-07T00:20:15.785Z] GET /api/entries/379?periodo=2026
[2026-03-07T00:20:15.786Z] GET /api/entries/380?periodo=2026
[2026-03-07T00:20:15.786Z] GET /api/entries/381?periodo=2026
[2026-03-07T00:20:15.787Z] GET /api/entries/382?periodo=2026
[2026-03-07T00:20:15.787Z] GET /api/entries/383?periodo=2026
[2026-03-07T00:20:15.788Z] GET /api/entries/384?periodo=2026
[2026-03-07T00:20:15.788Z] OPTIONS /api/entries/112?periodo=2026
[2026-03-07T00:20:15.788Z] GET /api/entries/386?periodo=2026
[2026-03-07T00:20:15.788Z] GET /api/entries/387?periodo=2026
[2026-03-07T00:20:15.789Z] GET /api/entries/385?periodo=2026
[2026-03-07T00:20:15.789Z] GET /api/entries/388?periodo=2026
[2026-03-07T00:20:15.789Z] GET /api/entries/389?periodo=2026
[2026-03-07T00:20:15.790Z] GET /api/entries/390?periodo=2026
[2026-03-07T00:20:15.790Z] OPTIONS /api/entries/113?periodo=2026
[2026-03-07T00:20:15.790Z] GET /api/entries/391?periodo=2026
[2026-03-07T00:20:15.790Z] OPTIONS /api/entries/115?periodo=2026
[2026-03-07T00:20:15.791Z] GET /api/entries/392?periodo=2026
[2026-03-07T00:20:15.791Z] GET /api/entries/393?periodo=2026
[2026-03-07T00:20:15.791Z] GET /api/entries/394?periodo=2026
[2026-03-07T00:20:15.792Z] GET /api/entries/397?periodo=2026
[2026-03-07T00:20:15.792Z] OPTIONS /api/entries/111?periodo=2026
[2026-03-07T00:20:15.792Z] GET /api/entries/395?periodo=2026
[2026-03-07T00:20:15.792Z] OPTIONS /api/entries/110?periodo=2026
[2026-03-07T00:20:15.793Z] GET /api/entries/396?periodo=2026
[2026-03-07T00:20:15.793Z] GET /api/entries/398?periodo=2026
[2026-03-07T00:20:15.793Z] GET /api/entries/399?periodo=2026
[2026-03-07T00:20:15.794Z] GET /api/entries/400?periodo=2026
[2026-03-07T00:20:15.794Z] GET /api/entries/401?periodo=2026
[2026-03-07T00:20:15.794Z] GET /api/entries/402?periodo=2026
[2026-03-07T00:20:15.795Z] OPTIONS /api/entries/114?periodo=2026
[2026-03-07T00:20:15.795Z] GET /api/entries/403?periodo=2026
[2026-03-07T00:20:15.795Z] GET /api/entries/404?periodo=2026
[2026-03-07T00:20:15.796Z] GET /api/entries/405?periodo=2026
[2026-03-07T00:20:15.796Z] GET /api/entries/406?periodo=2026
[2026-03-07T00:20:15.797Z] GET /api/entries/407?periodo=2026
[2026-03-07T00:20:15.797Z] GET /api/entries/408?periodo=2026
[2026-03-07T00:20:15.798Z] GET /api/entries/409?periodo=2026
[2026-03-07T00:20:15.798Z] GET /api/entries/410?periodo=2026
[2026-03-07T00:20:15.798Z] GET /api/entries/412?periodo=2026
[2026-03-07T00:20:15.799Z] GET /api/entries/413?periodo=2026
[2026-03-07T00:20:15.799Z] GET /api/entries/415?periodo=2026
[2026-03-07T00:20:15.801Z] GET /api/entries/414?periodo=2026
[2026-03-07T00:20:15.801Z] GET /api/entries/416?periodo=2026
[2026-03-07T00:20:15.802Z] GET /api/entries/411?periodo=2026
[2026-03-07T00:20:15.802Z] GET /api/entries/417?periodo=2026
[2026-03-07T00:20:15.803Z] OPTIONS /api/entries/116?periodo=2026
[2026-03-07T00:20:15.803Z] OPTIONS /api/entries/117?periodo=2026
[2026-03-07T00:20:15.803Z] OPTIONS /api/entries/118?periodo=2026
[2026-03-07T00:20:15.803Z] OPTIONS /api/entries/120?periodo=2026
[2026-03-07T00:20:15.803Z] OPTIONS /api/entries/122?periodo=2026
[2026-03-07T00:20:15.803Z] OPTIONS /api/entries/119?periodo=2026
[2026-03-07T00:20:15.803Z] OPTIONS /api/entries/121?periodo=2026
[2026-03-07T00:20:15.803Z] OPTIONS /api/entries/123?periodo=2026
[2026-03-07T00:20:15.803Z] OPTIONS /api/entries/124?periodo=2026
[2026-03-07T00:20:15.803Z] OPTIONS /api/entries/126?periodo=2026
[2026-03-07T00:20:15.803Z] OPTIONS /api/entries/127?periodo=2026
[2026-03-07T00:20:15.804Z] OPTIONS /api/entries/125?periodo=2026
[2026-03-07T00:20:15.804Z] OPTIONS /api/entries/128?periodo=2026
[2026-03-07T00:20:15.804Z] OPTIONS /api/entries/129?periodo=2026
[2026-03-07T00:20:15.804Z] OPTIONS /api/entries/130?periodo=2026
[2026-03-07T00:20:15.804Z] OPTIONS /api/entries/131?periodo=2026
[2026-03-07T00:20:15.804Z] OPTIONS /api/entries/134?periodo=2026
[2026-03-07T00:20:15.804Z] OPTIONS /api/entries/132?periodo=2026
[2026-03-07T00:20:15.804Z] OPTIONS /api/entries/133?periodo=2026
[2026-03-07T00:20:15.804Z] OPTIONS /api/entries/135?periodo=2026
[2026-03-07T00:20:15.805Z] OPTIONS /api/entries/136?periodo=2026
[2026-03-07T00:20:15.805Z] OPTIONS /api/entries/139?periodo=2026
[2026-03-07T00:20:15.805Z] OPTIONS /api/entries/140?periodo=2026
[2026-03-07T00:20:15.805Z] OPTIONS /api/entries/137?periodo=2026
[2026-03-07T00:20:15.805Z] OPTIONS /api/entries/138?periodo=2026
[2026-03-07T00:20:15.805Z] OPTIONS /api/entries/143?periodo=2026
[2026-03-07T00:20:15.805Z] OPTIONS /api/entries/141?periodo=2026
[2026-03-07T00:20:15.805Z] OPTIONS /api/entries/142?periodo=2026
[2026-03-07T00:20:15.805Z] OPTIONS /api/entries/144?periodo=2026
[2026-03-07T00:20:15.805Z] OPTIONS /api/entries/145?periodo=2026
[2026-03-07T00:20:15.806Z] OPTIONS /api/entries/146?periodo=2026
[2026-03-07T00:20:15.806Z] OPTIONS /api/entries/147?periodo=2026
[2026-03-07T00:20:15.806Z] OPTIONS /api/entries/148?periodo=2026
[2026-03-07T00:20:15.806Z] OPTIONS /api/entries/149?periodo=2026
[2026-03-07T00:20:15.806Z] OPTIONS /api/entries/150?periodo=2026
[2026-03-07T00:20:15.806Z] OPTIONS /api/entries/151?periodo=2026
[2026-03-07T00:20:15.806Z] OPTIONS /api/entries/152?periodo=2026
[2026-03-07T00:20:15.806Z] OPTIONS /api/entries/153?periodo=2026
[2026-03-07T00:20:15.806Z] OPTIONS /api/entries/154?periodo=2026
[2026-03-07T00:20:15.806Z] OPTIONS /api/entries/155?periodo=2026
[2026-03-07T00:20:15.806Z] OPTIONS /api/entries/156?periodo=2026
[2026-03-07T00:20:15.806Z] OPTIONS /api/entries/158?periodo=2026
[2026-03-07T00:20:15.806Z] OPTIONS /api/entries/159?periodo=2026
[2026-03-07T00:20:15.806Z] OPTIONS /api/entries/160?periodo=2026
[2026-03-07T00:20:15.807Z] OPTIONS /api/entries/161?periodo=2026
[2026-03-07T00:20:15.807Z] OPTIONS /api/entries/162?periodo=2026
[2026-03-07T00:20:15.807Z] OPTIONS /api/entries/163?periodo=2026
[2026-03-07T00:20:15.807Z] OPTIONS /api/entries/166?periodo=2026
[2026-03-07T00:20:15.807Z] OPTIONS /api/entries/164?periodo=2026
[2026-03-07T00:20:15.807Z] OPTIONS /api/entries/167?periodo=2026
[2026-03-07T00:20:15.807Z] OPTIONS /api/entries/168?periodo=2026
[2026-03-07T00:20:15.807Z] OPTIONS /api/entries/171?periodo=2026
[2026-03-07T00:20:15.807Z] OPTIONS /api/entries/174?periodo=2026
[2026-03-07T00:20:15.808Z] OPTIONS /api/entries/170?periodo=2026
[2026-03-07T00:20:15.808Z] OPTIONS /api/entries/172?periodo=2026
[2026-03-07T00:20:15.808Z] OPTIONS /api/entries/169?periodo=2026
[2026-03-07T00:20:15.808Z] OPTIONS /api/entries/173?periodo=2026
[2026-03-07T00:20:15.808Z] OPTIONS /api/entries/175?periodo=2026
[2026-03-07T00:20:15.808Z] OPTIONS /api/entries/176?periodo=2026
[2026-03-07T00:20:15.808Z] OPTIONS /api/entries/178?periodo=2026
[2026-03-07T00:20:15.808Z] OPTIONS /api/entries/179?periodo=2026
[2026-03-07T00:20:15.809Z] OPTIONS /api/entries/180?periodo=2026
[2026-03-07T00:20:15.809Z] OPTIONS /api/entries/177?periodo=2026
[2026-03-07T00:20:15.809Z] OPTIONS /api/entries/181?periodo=2026
[2026-03-07T00:20:15.809Z] OPTIONS /api/entries/182?periodo=2026
[2026-03-07T00:20:15.809Z] OPTIONS /api/entries/184?periodo=2026
[2026-03-07T00:20:15.809Z] OPTIONS /api/entries/185?periodo=2026
[2026-03-07T00:20:15.809Z] OPTIONS /api/entries/183?periodo=2026
[2026-03-07T00:20:15.809Z] OPTIONS /api/entries/187?periodo=2026
[2026-03-07T00:20:15.809Z] OPTIONS /api/entries/189?periodo=2026
[2026-03-07T00:20:15.809Z] OPTIONS /api/entries/186?periodo=2026
[2026-03-07T00:20:15.810Z] OPTIONS /api/entries/190?periodo=2026
[2026-03-07T00:20:15.810Z] OPTIONS /api/entries/191?periodo=2026
[2026-03-07T00:20:15.810Z] OPTIONS /api/entries/195?periodo=2026
[2026-03-07T00:20:15.810Z] OPTIONS /api/entries/188?periodo=2026
[2026-03-07T00:20:15.810Z] OPTIONS /api/entries/194?periodo=2026
[2026-03-07T00:20:15.810Z] OPTIONS /api/entries/193?periodo=2026
[2026-03-07T00:20:15.810Z] OPTIONS /api/entries/192?periodo=2026
[2026-03-07T00:20:15.811Z] OPTIONS /api/entries/197?periodo=2026
[2026-03-07T00:20:15.811Z] OPTIONS /api/entries/198?periodo=2026
[2026-03-07T00:20:15.811Z] OPTIONS /api/entries/199?periodo=2026
[2026-03-07T00:20:15.811Z] OPTIONS /api/entries/200?periodo=2026
[2026-03-07T00:20:15.812Z] OPTIONS /api/entries/201?periodo=2026
[2026-03-07T00:20:15.812Z] OPTIONS /api/entries/196?periodo=2026
[2026-03-07T00:20:15.812Z] OPTIONS /api/entries/202?periodo=2026
[2026-03-07T00:20:15.812Z] OPTIONS /api/entries/203?periodo=2026
[2026-03-07T00:20:15.812Z] OPTIONS /api/entries/205?periodo=2026
[2026-03-07T00:20:15.812Z] OPTIONS /api/entries/204?periodo=2026
[2026-03-07T00:20:15.812Z] OPTIONS /api/entries/206?periodo=2026
[2026-03-07T00:20:15.812Z] OPTIONS /api/entries/207?periodo=2026
[2026-03-07T00:20:15.812Z] OPTIONS /api/entries/208?periodo=2026
[2026-03-07T00:20:15.812Z] OPTIONS /api/entries/209?periodo=2026
[2026-03-07T00:20:15.812Z] OPTIONS /api/entries/210?periodo=2026
[2026-03-07T00:20:15.813Z] OPTIONS /api/entries/211?periodo=2026
[2026-03-07T00:20:15.813Z] OPTIONS /api/entries/214?periodo=2026
[2026-03-07T00:20:15.813Z] OPTIONS /api/entries/212?periodo=2026
[2026-03-07T00:20:15.813Z] OPTIONS /api/entries/213?periodo=2026
[2026-03-07T00:20:15.813Z] OPTIONS /api/entries/215?periodo=2026
[2026-03-07T00:20:15.813Z] OPTIONS /api/entries/216?periodo=2026
[2026-03-07T00:20:15.813Z] OPTIONS /api/entries/217?periodo=2026
[2026-03-07T00:20:15.813Z] OPTIONS /api/entries/218?periodo=2026
[2026-03-07T00:20:15.813Z] OPTIONS /api/entries/219?periodo=2026
[2026-03-07T00:20:15.813Z] OPTIONS /api/entries/220?periodo=2026
[2026-03-07T00:20:15.813Z] OPTIONS /api/entries/221?periodo=2026
[2026-03-07T00:20:15.813Z] OPTIONS /api/entries/222?periodo=2026
[2026-03-07T00:20:15.813Z] OPTIONS /api/entries/223?periodo=2026
[2026-03-07T00:20:15.813Z] OPTIONS /api/entries/224?periodo=2026
[2026-03-07T00:20:15.813Z] OPTIONS /api/entries/226?periodo=2026
[2026-03-07T00:20:15.813Z] OPTIONS /api/entries/225?periodo=2026
[2026-03-07T00:20:15.813Z] OPTIONS /api/entries/228?periodo=2026
[2026-03-07T00:20:15.813Z] OPTIONS /api/entries/229?periodo=2026
[2026-03-07T00:20:15.814Z] OPTIONS /api/entries/236?periodo=2026
[2026-03-07T00:20:15.814Z] OPTIONS /api/entries/230?periodo=2026
[2026-03-07T00:20:15.814Z] OPTIONS /api/entries/233?periodo=2026
[2026-03-07T00:20:15.814Z] OPTIONS /api/entries/234?periodo=2026
[2026-03-07T00:20:15.814Z] OPTIONS /api/entries/237?periodo=2026
[2026-03-07T00:20:15.814Z] OPTIONS /api/entries/239?periodo=2026
[2026-03-07T00:20:15.814Z] OPTIONS /api/entries/235?periodo=2026
[2026-03-07T00:20:15.814Z] OPTIONS /api/entries/238?periodo=2026
[2026-03-07T00:20:15.814Z] GET /api/entries/4?periodo=2026
[2026-03-07T00:20:15.814Z] GET /api/entries/2?periodo=2026
[2026-03-07T00:20:15.815Z] GET /api/entries/3?periodo=2026
[2026-03-07T00:20:15.815Z] OPTIONS /api/entries/240?periodo=2026
[2026-03-07T00:20:15.815Z] OPTIONS /api/entries/242?periodo=2026
[2026-03-07T00:20:15.815Z] OPTIONS /api/entries/244?periodo=2026
[2026-03-07T00:20:15.815Z] GET /api/entries/7?periodo=2026
[2026-03-07T00:20:15.816Z] GET /api/entries/5?periodo=2026
[2026-03-07T00:20:15.816Z] GET /api/entries/6?periodo=2026
[2026-03-07T00:20:15.817Z] OPTIONS /api/entries/243?periodo=2026
[2026-03-07T00:20:15.817Z] GET /api/entries/8?periodo=2026
[2026-03-07T00:20:15.817Z] OPTIONS /api/entries/245?periodo=2026
[2026-03-07T00:20:15.817Z] GET /api/entries/9?periodo=2026
[2026-03-07T00:20:15.817Z] GET /api/entries/10?periodo=2026
[2026-03-07T00:20:15.818Z] GET /api/entries/11?periodo=2026
[2026-03-07T00:20:15.818Z] GET /api/entries/12?periodo=2026
[2026-03-07T00:20:15.819Z] OPTIONS /api/entries/246?periodo=2026
[2026-03-07T00:20:15.819Z] OPTIONS /api/entries/247?periodo=2026
[2026-03-07T00:20:15.819Z] GET /api/entries/13?periodo=2026
[2026-03-07T00:20:15.819Z] GET /api/entries/14?periodo=2026
[2026-03-07T00:20:15.820Z] GET /api/entries/15?periodo=2026
[2026-03-07T00:20:15.820Z] OPTIONS /api/entries/248?periodo=2026
[2026-03-07T00:20:15.820Z] OPTIONS /api/entries/249?periodo=2026
[2026-03-07T00:20:15.821Z] GET /api/entries/16?periodo=2026
[2026-03-07T00:20:15.821Z] OPTIONS /api/entries/252?periodo=2026
[2026-03-07T00:20:15.821Z] OPTIONS /api/entries/250?periodo=2026
[2026-03-07T00:20:15.821Z] GET /api/entries/17?periodo=2026
[2026-03-07T00:20:15.822Z] GET /api/entries/18?periodo=2026
[2026-03-07T00:20:15.823Z] OPTIONS /api/entries/253?periodo=2026
[2026-03-07T00:20:15.823Z] GET /api/entries/21?periodo=2026
[2026-03-07T00:20:15.823Z] GET /api/entries/19?periodo=2026
[2026-03-07T00:20:15.823Z] GET /api/entries/22?periodo=2026
[2026-03-07T00:20:15.824Z] GET /api/entries/24?periodo=2026
[2026-03-07T00:20:15.824Z] GET /api/entries/23?periodo=2026
[2026-03-07T00:20:15.824Z] OPTIONS /api/entries/251?periodo=2026
[2026-03-07T00:20:15.824Z] OPTIONS /api/entries/254?periodo=2026
[2026-03-07T00:20:15.825Z] GET /api/entries/25?periodo=2026
[2026-03-07T00:20:15.825Z] GET /api/entries/26?periodo=2026
[2026-03-07T00:20:15.826Z] GET /api/entries/28?periodo=2026
[2026-03-07T00:20:15.826Z] OPTIONS /api/entries/257?periodo=2026
[2026-03-07T00:20:15.826Z] GET /api/entries/29?periodo=2026
[2026-03-07T00:20:15.826Z] GET /api/entries/31?periodo=2026
[2026-03-07T00:20:15.827Z] GET /api/entries/30?periodo=2026
[2026-03-07T00:20:15.827Z] OPTIONS /api/entries/255?periodo=2026
[2026-03-07T00:20:15.828Z] GET /api/entries/32?periodo=2026
[2026-03-07T00:20:15.828Z] OPTIONS /api/entries/258?periodo=2026
[2026-03-07T00:20:15.828Z] GET /api/entries/33?periodo=2026
[2026-03-07T00:20:15.829Z] OPTIONS /api/entries/259?periodo=2026
[2026-03-07T00:20:15.829Z] GET /api/entries/34?periodo=2026
[2026-03-07T00:20:15.829Z] GET /api/entries/35?periodo=2026
[2026-03-07T00:20:15.829Z] GET /api/entries/36?periodo=2026
[2026-03-07T00:20:15.830Z] OPTIONS /api/entries/260?periodo=2026
[2026-03-07T00:20:15.830Z] OPTIONS /api/entries/261?periodo=2026
[2026-03-07T00:20:15.830Z] GET /api/entries/37?periodo=2026
[2026-03-07T00:20:15.830Z] GET /api/entries/40?periodo=2026
[2026-03-07T00:20:15.831Z] GET /api/entries/41?periodo=2026
[2026-03-07T00:20:15.831Z] GET /api/entries/39?periodo=2026
[2026-03-07T00:20:15.831Z] OPTIONS /api/entries/263?periodo=2026
[2026-03-07T00:20:15.832Z] GET /api/entries/43?periodo=2026
[2026-03-07T00:20:15.832Z] GET /api/entries/42?periodo=2026
[2026-03-07T00:20:15.832Z] GET /api/entries/45?periodo=2026
[2026-03-07T00:20:15.833Z] GET /api/entries/46?periodo=2026
[2026-03-07T00:20:15.833Z] GET /api/entries/47?periodo=2026
[2026-03-07T00:20:15.833Z] GET /api/entries/48?periodo=2026
[2026-03-07T00:20:15.834Z] GET /api/entries/49?periodo=2026
[2026-03-07T00:20:15.835Z] GET /api/entries/50?periodo=2026
[2026-03-07T00:20:15.835Z] GET /api/entries/51?periodo=2026
[2026-03-07T00:20:15.836Z] GET /api/entries/52?periodo=2026
[2026-03-07T00:20:15.836Z] GET /api/entries/53?periodo=2026
[2026-03-07T00:20:15.836Z] OPTIONS /api/entries/262?periodo=2026
[2026-03-07T00:20:15.837Z] GET /api/entries/54?periodo=2026
[2026-03-07T00:20:15.838Z] OPTIONS /api/entries/264?periodo=2026
[2026-03-07T00:20:15.838Z] OPTIONS /api/entries/265?periodo=2026
[2026-03-07T00:20:15.838Z] OPTIONS /api/entries/268?periodo=2026
[2026-03-07T00:20:15.838Z] OPTIONS /api/entries/267?periodo=2026
[2026-03-07T00:20:15.838Z] GET /api/entries/56?periodo=2026
[2026-03-07T00:20:15.839Z] GET /api/entries/57?periodo=2026
[2026-03-07T00:20:15.839Z] GET /api/entries/58?periodo=2026
[2026-03-07T00:20:15.839Z] OPTIONS /api/entries/269?periodo=2026
[2026-03-07T00:20:15.839Z] OPTIONS /api/entries/266?periodo=2026
[2026-03-07T00:20:15.839Z] OPTIONS /api/entries/271?periodo=2026
[2026-03-07T00:20:15.840Z] GET /api/entries/59?periodo=2026
[2026-03-07T00:20:15.840Z] OPTIONS /api/entries/270?periodo=2026
[2026-03-07T00:20:15.840Z] OPTIONS /api/entries/272?periodo=2026
[2026-03-07T00:20:15.840Z] OPTIONS /api/entries/273?periodo=2026
[2026-03-07T00:20:15.840Z] OPTIONS /api/entries/274?periodo=2026
[2026-03-07T00:20:15.840Z] GET /api/entries/60?periodo=2026
[2026-03-07T00:20:15.841Z] GET /api/entries/61?periodo=2026
[2026-03-07T00:20:15.841Z] GET /api/entries/62?periodo=2026
[2026-03-07T00:20:15.842Z] OPTIONS /api/entries/276?periodo=2026
[2026-03-07T00:20:15.842Z] OPTIONS /api/entries/275?periodo=2026
[2026-03-07T00:20:15.842Z] OPTIONS /api/entries/277?periodo=2026
[2026-03-07T00:20:15.842Z] GET /api/entries/65?periodo=2026
[2026-03-07T00:20:15.843Z] GET /api/entries/63?periodo=2026
[2026-03-07T00:20:15.843Z] OPTIONS /api/entries/278?periodo=2026
[2026-03-07T00:20:15.843Z] OPTIONS /api/entries/279?periodo=2026
[2026-03-07T00:20:15.843Z] GET /api/entries/67?periodo=2026
[2026-03-07T00:20:15.844Z] GET /api/entries/66?periodo=2026
[2026-03-07T00:20:15.844Z] GET /api/entries/69?periodo=2026
[2026-03-07T00:20:15.845Z] GET /api/entries/71?periodo=2026
[2026-03-07T00:20:15.845Z] GET /api/entries/70?periodo=2026
[2026-03-07T00:20:15.845Z] OPTIONS /api/entries/280?periodo=2026
[2026-03-07T00:20:15.846Z] GET /api/entries/72?periodo=2026
[2026-03-07T00:20:15.846Z] GET /api/entries/73?periodo=2026
[2026-03-07T00:20:15.846Z] GET /api/entries/74?periodo=2026
[2026-03-07T00:20:15.847Z] OPTIONS /api/entries/281?periodo=2026
[2026-03-07T00:20:15.847Z] GET /api/entries/75?periodo=2026
[2026-03-07T00:20:15.847Z] GET /api/entries/77?periodo=2026
[2026-03-07T00:20:15.848Z] GET /api/entries/76?periodo=2026
[2026-03-07T00:20:15.848Z] GET /api/entries/78?periodo=2026
[2026-03-07T00:20:15.848Z] OPTIONS /api/entries/282?periodo=2026
[2026-03-07T00:20:15.848Z] GET /api/entries/79?periodo=2026
[2026-03-07T00:20:15.849Z] OPTIONS /api/entries/283?periodo=2026
[2026-03-07T00:20:15.849Z] GET /api/entries/82?periodo=2026
[2026-03-07T00:20:15.849Z] GET /api/entries/81?periodo=2026
[2026-03-07T00:20:15.850Z] OPTIONS /api/entries/284?periodo=2026
[2026-03-07T00:20:15.850Z] GET /api/entries/83?periodo=2026
[2026-03-07T00:20:15.850Z] GET /api/entries/84?periodo=2026
[2026-03-07T00:20:15.851Z] GET /api/entries/85?periodo=2026
[2026-03-07T00:20:15.851Z] GET /api/entries/86?periodo=2026
[2026-03-07T00:20:15.852Z] OPTIONS /api/entries/285?periodo=2026
[2026-03-07T00:20:15.852Z] GET /api/entries/89?periodo=2026
[2026-03-07T00:20:15.853Z] GET /api/entries/87?periodo=2026
[2026-03-07T00:20:15.853Z] OPTIONS /api/entries/286?periodo=2026
[2026-03-07T00:20:15.853Z] GET /api/entries/91?periodo=2026
[2026-03-07T00:20:15.854Z] OPTIONS /api/entries/288?periodo=2026
[2026-03-07T00:20:15.854Z] GET /api/entries/92?periodo=2026
[2026-03-07T00:20:15.854Z] OPTIONS /api/entries/293?periodo=2026
[2026-03-07T00:20:15.854Z] GET /api/entries/93?periodo=2026
[2026-03-07T00:20:15.854Z] OPTIONS /api/entries/289?periodo=2026
[2026-03-07T00:20:15.854Z] OPTIONS /api/entries/292?periodo=2026
[2026-03-07T00:20:15.855Z] OPTIONS /api/entries/295?periodo=2026
[2026-03-07T00:20:15.855Z] OPTIONS /api/entries/294?periodo=2026
[2026-03-07T00:20:15.855Z] OPTIONS /api/entries/290?periodo=2026
[2026-03-07T00:20:15.855Z] OPTIONS /api/entries/297?periodo=2026
[2026-03-07T00:20:15.855Z] OPTIONS /api/entries/291?periodo=2026
[2026-03-07T00:20:15.855Z] OPTIONS /api/entries/298?periodo=2026
[2026-03-07T00:20:15.855Z] OPTIONS /api/entries/296?periodo=2026
[2026-03-07T00:20:15.855Z] OPTIONS /api/entries/301?periodo=2026
[2026-03-07T00:20:15.855Z] OPTIONS /api/entries/300?periodo=2026
[2026-03-07T00:20:15.855Z] OPTIONS /api/entries/299?periodo=2026
[2026-03-07T00:20:15.856Z] GET /api/entries/95?periodo=2026
[2026-03-07T00:20:15.856Z] OPTIONS /api/entries/302?periodo=2026
[2026-03-07T00:20:15.856Z] OPTIONS /api/entries/306?periodo=2026
[2026-03-07T00:20:15.856Z] OPTIONS /api/entries/303?periodo=2026
[2026-03-07T00:20:15.856Z] OPTIONS /api/entries/304?periodo=2026
[2026-03-07T00:20:15.856Z] OPTIONS /api/entries/305?periodo=2026
[2026-03-07T00:20:15.856Z] OPTIONS /api/entries/307?periodo=2026
[2026-03-07T00:20:15.856Z] OPTIONS /api/entries/308?periodo=2026
[2026-03-07T00:20:15.857Z] OPTIONS /api/entries/309?periodo=2026
[2026-03-07T00:20:15.857Z] OPTIONS /api/entries/312?periodo=2026
[2026-03-07T00:20:15.857Z] OPTIONS /api/entries/311?periodo=2026
[2026-03-07T00:20:15.857Z] OPTIONS /api/entries/313?periodo=2026
[2026-03-07T00:20:15.857Z] OPTIONS /api/entries/315?periodo=2026
[2026-03-07T00:20:15.857Z] OPTIONS /api/entries/314?periodo=2026
[2026-03-07T00:20:15.857Z] OPTIONS /api/entries/318?periodo=2026
[2026-03-07T00:20:15.857Z] OPTIONS /api/entries/316?periodo=2026
[2026-03-07T00:20:15.857Z] OPTIONS /api/entries/324?periodo=2026
[2026-03-07T00:20:15.857Z] OPTIONS /api/entries/317?periodo=2026
[2026-03-07T00:20:15.857Z] OPTIONS /api/entries/322?periodo=2026
[2026-03-07T00:20:15.857Z] OPTIONS /api/entries/326?periodo=2026
[2026-03-07T00:20:15.858Z] OPTIONS /api/entries/325?periodo=2026
[2026-03-07T00:20:15.858Z] OPTIONS /api/entries/327?periodo=2026
[2026-03-07T00:20:15.858Z] OPTIONS /api/entries/329?periodo=2026
[2026-03-07T00:20:15.858Z] OPTIONS /api/entries/328?periodo=2026
[2026-03-07T00:20:15.858Z] OPTIONS /api/entries/332?periodo=2026
[2026-03-07T00:20:15.858Z] GET /api/entries/97?periodo=2026
[2026-03-07T00:20:15.858Z] OPTIONS /api/entries/330?periodo=2026
[2026-03-07T00:20:15.859Z] OPTIONS /api/entries/336?periodo=2026
[2026-03-07T00:20:15.859Z] OPTIONS /api/entries/333?periodo=2026
[2026-03-07T00:20:15.859Z] OPTIONS /api/entries/331?periodo=2026
[2026-03-07T00:20:15.859Z] OPTIONS /api/entries/335?periodo=2026
[2026-03-07T00:20:15.859Z] GET /api/entries/96?periodo=2026
[2026-03-07T00:20:15.859Z] GET /api/entries/98?periodo=2026
[2026-03-07T00:20:15.860Z] OPTIONS /api/entries/334?periodo=2026
[2026-03-07T00:20:15.861Z] GET /api/entries/100?periodo=2026
[2026-03-07T00:20:15.861Z] GET /api/entries/99?periodo=2026
[2026-03-07T00:20:15.862Z] GET /api/entries/102?periodo=2026
[2026-03-07T00:20:15.862Z] GET /api/entries/101?periodo=2026
[2026-03-07T00:20:15.862Z] GET /api/entries/103?periodo=2026
[2026-03-07T00:20:15.863Z] OPTIONS /api/entries/342?periodo=2026
[2026-03-07T00:20:15.863Z] OPTIONS /api/entries/337?periodo=2026
[2026-03-07T00:20:15.863Z] OPTIONS /api/entries/343?periodo=2026
[2026-03-07T00:20:15.863Z] OPTIONS /api/entries/344?periodo=2026
[2026-03-07T00:20:15.863Z] OPTIONS /api/entries/341?periodo=2026
[2026-03-07T00:20:15.863Z] OPTIONS /api/entries/349?periodo=2026
[2026-03-07T00:20:15.863Z] OPTIONS /api/entries/350?periodo=2026
[2026-03-07T00:20:15.863Z] OPTIONS /api/entries/348?periodo=2026
[2026-03-07T00:20:15.863Z] GET /api/entries/108?periodo=2026
[2026-03-07T00:20:15.864Z] GET /api/entries/104?periodo=2026
[2026-03-07T00:20:15.864Z] OPTIONS /api/entries/347?periodo=2026
[2026-03-07T00:20:15.864Z] OPTIONS /api/entries/352?periodo=2026
[2026-03-07T00:20:15.864Z] OPTIONS /api/entries/351?periodo=2026
[2026-03-07T00:20:15.864Z] OPTIONS /api/entries/353?periodo=2026
[2026-03-07T00:20:15.864Z] OPTIONS /api/entries/355?periodo=2026
[2026-03-07T00:20:15.864Z] GET /api/entries/107?periodo=2026
[2026-03-07T00:20:15.864Z] OPTIONS /api/entries/354?periodo=2026
[2026-03-07T00:20:15.865Z] OPTIONS /api/entries/358?periodo=2026
[2026-03-07T00:20:15.865Z] OPTIONS /api/entries/359?periodo=2026
[2026-03-07T00:20:15.865Z] OPTIONS /api/entries/357?periodo=2026
[2026-03-07T00:20:15.865Z] OPTIONS /api/entries/356?periodo=2026
[2026-03-07T00:20:15.865Z] OPTIONS /api/entries/361?periodo=2026
[2026-03-07T00:20:15.865Z] OPTIONS /api/entries/362?periodo=2026
[2026-03-07T00:20:15.865Z] OPTIONS /api/entries/360?periodo=2026
[2026-03-07T00:20:15.865Z] OPTIONS /api/entries/364?periodo=2026
[2026-03-07T00:20:15.865Z] OPTIONS /api/entries/365?periodo=2026
[2026-03-07T00:20:15.865Z] OPTIONS /api/entries/363?periodo=2026
[2026-03-07T00:20:15.865Z] OPTIONS /api/entries/366?periodo=2026
[2026-03-07T00:20:15.865Z] OPTIONS /api/entries/369?periodo=2026
[2026-03-07T00:20:15.865Z] OPTIONS /api/entries/370?periodo=2026
[2026-03-07T00:20:15.865Z] OPTIONS /api/entries/371?periodo=2026
[2026-03-07T00:20:15.865Z] OPTIONS /api/entries/367?periodo=2026
[2026-03-07T00:20:15.865Z] OPTIONS /api/entries/368?periodo=2026
[2026-03-07T00:20:15.866Z] OPTIONS /api/entries/372?periodo=2026
[2026-03-07T00:20:15.866Z] OPTIONS /api/entries/374?periodo=2026
[2026-03-07T00:20:15.866Z] OPTIONS /api/entries/375?periodo=2026
[2026-03-07T00:20:15.866Z] OPTIONS /api/entries/373?periodo=2026
[2026-03-07T00:20:15.866Z] OPTIONS /api/entries/380?periodo=2026
[2026-03-07T00:20:15.866Z] OPTIONS /api/entries/377?periodo=2026
[2026-03-07T00:20:15.866Z] OPTIONS /api/entries/379?periodo=2026
[2026-03-07T00:20:15.866Z] GET /api/entries/112?periodo=2026
[2026-03-07T00:20:15.866Z] OPTIONS /api/entries/376?periodo=2026
[2026-03-07T00:20:15.866Z] OPTIONS /api/entries/381?periodo=2026
[2026-03-07T00:20:15.867Z] OPTIONS /api/entries/382?periodo=2026
[2026-03-07T00:20:15.867Z] GET /api/entries/113?periodo=2026
[2026-03-07T00:20:15.868Z] OPTIONS /api/entries/378?periodo=2026
[2026-03-07T00:20:15.868Z] OPTIONS /api/entries/383?periodo=2026
[2026-03-07T00:20:15.868Z] OPTIONS /api/entries/386?periodo=2026
[2026-03-07T00:20:15.869Z] GET /api/entries/115?periodo=2026
[2026-03-07T00:20:15.869Z] OPTIONS /api/entries/387?periodo=2026
[2026-03-07T00:20:15.869Z] OPTIONS /api/entries/385?periodo=2026
[2026-03-07T00:20:15.869Z] OPTIONS /api/entries/384?periodo=2026
[2026-03-07T00:20:15.869Z] GET /api/entries/111?periodo=2026
[2026-03-07T00:20:15.869Z] OPTIONS /api/entries/388?periodo=2026
[2026-03-07T00:20:15.870Z] GET /api/entries/110?periodo=2026
[2026-03-07T00:20:15.870Z] OPTIONS /api/entries/389?periodo=2026
[2026-03-07T00:20:15.870Z] OPTIONS /api/entries/391?periodo=2026
[2026-03-07T00:20:15.870Z] OPTIONS /api/entries/390?periodo=2026
[2026-03-07T00:20:15.870Z] OPTIONS /api/entries/392?periodo=2026
[2026-03-07T00:20:15.871Z] OPTIONS /api/entries/393?periodo=2026
[2026-03-07T00:20:15.871Z] OPTIONS /api/entries/394?periodo=2026
[2026-03-07T00:20:15.871Z] GET /api/entries/114?periodo=2026
[2026-03-07T00:20:15.872Z] OPTIONS /api/entries/397?periodo=2026
[2026-03-07T00:20:15.872Z] OPTIONS /api/entries/395?periodo=2026
[2026-03-07T00:20:15.872Z] OPTIONS /api/entries/396?periodo=2026
[2026-03-07T00:20:15.872Z] OPTIONS /api/entries/399?periodo=2026
[2026-03-07T00:20:15.872Z] OPTIONS /api/entries/398?periodo=2026
[2026-03-07T00:20:15.873Z] OPTIONS /api/entries/400?periodo=2026
[2026-03-07T00:20:15.873Z] OPTIONS /api/entries/401?periodo=2026
[2026-03-07T00:20:15.873Z] OPTIONS /api/entries/402?periodo=2026
[2026-03-07T00:20:15.873Z] OPTIONS /api/entries/403?periodo=2026
[2026-03-07T00:20:15.873Z] OPTIONS /api/entries/405?periodo=2026
[2026-03-07T00:20:15.873Z] OPTIONS /api/entries/404?periodo=2026
[2026-03-07T00:20:15.873Z] OPTIONS /api/entries/406?periodo=2026
[2026-03-07T00:20:15.874Z] OPTIONS /api/entries/408?periodo=2026
[2026-03-07T00:20:15.874Z] OPTIONS /api/entries/407?periodo=2026
[2026-03-07T00:20:15.874Z] OPTIONS /api/entries/409?periodo=2026
[2026-03-07T00:20:15.874Z] OPTIONS /api/entries/410?periodo=2026
[2026-03-07T00:20:15.874Z] OPTIONS /api/entries/413?periodo=2026
[2026-03-07T00:20:15.874Z] OPTIONS /api/entries/415?periodo=2026
[2026-03-07T00:20:15.874Z] OPTIONS /api/entries/412?periodo=2026
[2026-03-07T00:20:15.874Z] GET /api/entries/116?periodo=2026
[2026-03-07T00:20:15.874Z] GET /api/entries/117?periodo=2026
[2026-03-07T00:20:15.875Z] GET /api/entries/118?periodo=2026
[2026-03-07T00:20:15.875Z] GET /api/entries/120?periodo=2026
[2026-03-07T00:20:15.875Z] GET /api/entries/122?periodo=2026
[2026-03-07T00:20:15.876Z] GET /api/entries/119?periodo=2026
[2026-03-07T00:20:15.878Z] GET /api/entries/121?periodo=2026
[2026-03-07T00:20:15.879Z] GET /api/entries/123?periodo=2026
[2026-03-07T00:20:15.879Z] GET /api/entries/124?periodo=2026
[2026-03-07T00:20:15.879Z] OPTIONS /api/entries/414?periodo=2026
[2026-03-07T00:20:15.880Z] GET /api/entries/126?periodo=2026
[2026-03-07T00:20:15.880Z] GET /api/entries/127?periodo=2026
[2026-03-07T00:20:15.880Z] GET /api/entries/125?periodo=2026
[2026-03-07T00:20:15.881Z] GET /api/entries/128?periodo=2026
[2026-03-07T00:20:15.882Z] GET /api/entries/129?periodo=2026
[2026-03-07T00:20:15.882Z] GET /api/entries/130?periodo=2026
[2026-03-07T00:20:15.883Z] GET /api/entries/134?periodo=2026
[2026-03-07T00:20:15.883Z] GET /api/entries/131?periodo=2026
[2026-03-07T00:20:15.884Z] GET /api/entries/132?periodo=2026
[2026-03-07T00:20:15.884Z] GET /api/entries/133?periodo=2026
[2026-03-07T00:20:15.884Z] GET /api/entries/135?periodo=2026
[2026-03-07T00:20:15.885Z] OPTIONS /api/entries/416?periodo=2026
[2026-03-07T00:20:15.885Z] GET /api/entries/136?periodo=2026
[2026-03-07T00:20:15.885Z] GET /api/entries/139?periodo=2026
[2026-03-07T00:20:15.886Z] GET /api/entries/140?periodo=2026
[2026-03-07T00:20:15.886Z] OPTIONS /api/entries/417?periodo=2026
[2026-03-07T00:20:15.886Z] GET /api/entries/137?periodo=2026
[2026-03-07T00:20:15.886Z] GET /api/entries/143?periodo=2026
[2026-03-07T00:20:15.887Z] GET /api/entries/138?periodo=2026
[2026-03-07T00:20:15.888Z] GET /api/entries/141?periodo=2026
[2026-03-07T00:20:15.888Z] GET /api/entries/142?periodo=2026
[2026-03-07T00:20:15.888Z] OPTIONS /api/entries/411?periodo=2026
[2026-03-07T00:20:15.889Z] GET /api/entries/144?periodo=2026
[2026-03-07T00:20:15.890Z] GET /api/entries/145?periodo=2026
[2026-03-07T00:20:15.890Z] GET /api/entries/146?periodo=2026
[2026-03-07T00:20:15.890Z] GET /api/entries/147?periodo=2026
[2026-03-07T00:20:15.891Z] GET /api/entries/149?periodo=2026
[2026-03-07T00:20:15.891Z] GET /api/entries/150?periodo=2026
[2026-03-07T00:20:15.891Z] GET /api/entries/148?periodo=2026
[2026-03-07T00:20:15.892Z] GET /api/entries/151?periodo=2026
[2026-03-07T00:20:15.892Z] GET /api/entries/152?periodo=2026
[2026-03-07T00:20:15.893Z] GET /api/entries/153?periodo=2026
[2026-03-07T00:20:15.894Z] GET /api/entries/154?periodo=2026
[2026-03-07T00:20:15.894Z] GET /api/entries/155?periodo=2026
[2026-03-07T00:20:15.894Z] GET /api/entries/159?periodo=2026
[2026-03-07T00:20:15.895Z] GET /api/entries/160?periodo=2026
[2026-03-07T00:20:15.895Z] GET /api/entries/156?periodo=2026
[2026-03-07T00:20:15.896Z] GET /api/entries/158?periodo=2026
[2026-03-07T00:20:15.896Z] GET /api/entries/163?periodo=2026
[2026-03-07T00:20:15.897Z] GET /api/entries/161?periodo=2026
[2026-03-07T00:20:15.897Z] GET /api/entries/162?periodo=2026
[2026-03-07T00:20:15.898Z] GET /api/entries/166?periodo=2026
[2026-03-07T00:20:15.898Z] GET /api/entries/164?periodo=2026
[2026-03-07T00:20:15.899Z] GET /api/entries/167?periodo=2026
[2026-03-07T00:20:15.899Z] GET /api/entries/168?periodo=2026
[2026-03-07T00:20:15.899Z] GET /api/entries/171?periodo=2026
[2026-03-07T00:20:15.900Z] GET /api/entries/174?periodo=2026
[2026-03-07T00:20:15.901Z] GET /api/entries/173?periodo=2026
[2026-03-07T00:20:15.902Z] GET /api/entries/170?periodo=2026
[2026-03-07T00:20:15.902Z] GET /api/entries/172?periodo=2026
[2026-03-07T00:20:15.903Z] GET /api/entries/169?periodo=2026
[2026-03-07T00:20:15.903Z] GET /api/entries/178?periodo=2026
[2026-03-07T00:20:15.903Z] GET /api/entries/175?periodo=2026
[2026-03-07T00:20:15.904Z] GET /api/entries/176?periodo=2026
[2026-03-07T00:20:15.904Z] GET /api/entries/179?periodo=2026
[2026-03-07T00:20:15.905Z] GET /api/entries/180?periodo=2026
[2026-03-07T00:20:15.905Z] GET /api/entries/177?periodo=2026
[2026-03-07T00:20:15.906Z] GET /api/entries/181?periodo=2026
[2026-03-07T00:20:15.906Z] GET /api/entries/182?periodo=2026
[2026-03-07T00:20:15.907Z] GET /api/entries/185?periodo=2026
[2026-03-07T00:20:15.907Z] GET /api/entries/184?periodo=2026
[2026-03-07T00:20:15.908Z] GET /api/entries/183?periodo=2026
[2026-03-07T00:20:15.908Z] GET /api/entries/187?periodo=2026
[2026-03-07T00:20:15.908Z] GET /api/entries/189?periodo=2026
[2026-03-07T00:20:15.909Z] GET /api/entries/186?periodo=2026
[2026-03-07T00:20:15.909Z] GET /api/entries/190?periodo=2026
[2026-03-07T00:20:15.910Z] GET /api/entries/191?periodo=2026
[2026-03-07T00:20:15.911Z] GET /api/entries/195?periodo=2026
[2026-03-07T00:20:15.911Z] GET /api/entries/188?periodo=2026
[2026-03-07T00:20:15.912Z] GET /api/entries/194?periodo=2026
[2026-03-07T00:20:15.912Z] GET /api/entries/193?periodo=2026
[2026-03-07T00:20:15.913Z] GET /api/entries/192?periodo=2026
[2026-03-07T00:20:15.913Z] GET /api/entries/197?periodo=2026
[2026-03-07T00:20:15.914Z] GET /api/entries/198?periodo=2026
[2026-03-07T00:20:15.914Z] GET /api/entries/199?periodo=2026
[2026-03-07T00:20:15.914Z] GET /api/entries/200?periodo=2026
[2026-03-07T00:20:15.915Z] GET /api/entries/201?periodo=2026
[2026-03-07T00:20:15.915Z] GET /api/entries/196?periodo=2026
[2026-03-07T00:20:15.915Z] GET /api/entries/202?periodo=2026
[2026-03-07T00:20:15.916Z] GET /api/entries/203?periodo=2026
[2026-03-07T00:20:15.916Z] GET /api/entries/205?periodo=2026
[2026-03-07T00:20:15.916Z] GET /api/entries/204?periodo=2026
[2026-03-07T00:20:15.917Z] GET /api/entries/206?periodo=2026
[2026-03-07T00:20:15.917Z] GET /api/entries/208?periodo=2026
[2026-03-07T00:20:15.918Z] GET /api/entries/207?periodo=2026
[2026-03-07T00:20:15.918Z] GET /api/entries/209?periodo=2026
[2026-03-07T00:20:15.919Z] GET /api/entries/210?periodo=2026
[2026-03-07T00:20:15.919Z] GET /api/entries/211?periodo=2026
[2026-03-07T00:20:15.919Z] GET /api/entries/214?periodo=2026
[2026-03-07T00:20:15.920Z] GET /api/entries/212?periodo=2026
[2026-03-07T00:20:15.920Z] GET /api/entries/213?periodo=2026
[2026-03-07T00:20:15.921Z] GET /api/entries/215?periodo=2026
[2026-03-07T00:20:15.921Z] GET /api/entries/217?periodo=2026
[2026-03-07T00:20:15.921Z] GET /api/entries/216?periodo=2026
[2026-03-07T00:20:15.921Z] GET /api/entries/218?periodo=2026
[2026-03-07T00:20:15.922Z] GET /api/entries/219?periodo=2026
[2026-03-07T00:20:15.923Z] GET /api/entries/222?periodo=2026
[2026-03-07T00:20:15.923Z] GET /api/entries/220?periodo=2026
[2026-03-07T00:20:15.924Z] GET /api/entries/221?periodo=2026
[2026-03-07T00:20:15.924Z] GET /api/entries/224?periodo=2026
[2026-03-07T00:20:15.924Z] GET /api/entries/223?periodo=2026
[2026-03-07T00:20:15.925Z] GET /api/entries/226?periodo=2026
[2026-03-07T00:20:15.925Z] GET /api/entries/225?periodo=2026
[2026-03-07T00:20:15.926Z] GET /api/entries/228?periodo=2026
[2026-03-07T00:20:15.927Z] GET /api/entries/229?periodo=2026
[2026-03-07T00:20:15.927Z] GET /api/entries/236?periodo=2026
[2026-03-07T00:20:15.927Z] GET /api/entries/230?periodo=2026
[2026-03-07T00:20:15.928Z] GET /api/entries/233?periodo=2026
[2026-03-07T00:20:15.928Z] GET /api/entries/234?periodo=2026
[2026-03-07T00:20:15.929Z] GET /api/entries/237?periodo=2026
[2026-03-07T00:20:15.929Z] GET /api/entries/239?periodo=2026
[2026-03-07T00:20:15.929Z] GET /api/entries/235?periodo=2026
[2026-03-07T00:20:15.930Z] GET /api/entries/238?periodo=2026
[2026-03-07T00:20:15.930Z] GET /api/entries/240?periodo=2026
[2026-03-07T00:20:15.931Z] GET /api/entries/242?periodo=2026
[2026-03-07T00:20:15.931Z] GET /api/entries/244?periodo=2026
[2026-03-07T00:20:15.931Z] GET /api/entries/243?periodo=2026
[2026-03-07T00:20:15.932Z] GET /api/entries/245?periodo=2026
[2026-03-07T00:20:15.932Z] GET /api/entries/246?periodo=2026
[2026-03-07T00:20:15.932Z] GET /api/entries/247?periodo=2026
[2026-03-07T00:20:15.933Z] GET /api/entries/248?periodo=2026
[2026-03-07T00:20:15.933Z] GET /api/entries/249?periodo=2026
[2026-03-07T00:20:15.934Z] GET /api/entries/252?periodo=2026
[2026-03-07T00:20:15.934Z] GET /api/entries/250?periodo=2026
[2026-03-07T00:20:15.935Z] GET /api/entries/253?periodo=2026
[2026-03-07T00:20:15.935Z] GET /api/entries/251?periodo=2026
[2026-03-07T00:20:15.936Z] GET /api/entries/254?periodo=2026
[2026-03-07T00:20:15.936Z] GET /api/entries/257?periodo=2026
[2026-03-07T00:20:15.937Z] GET /api/entries/255?periodo=2026
[2026-03-07T00:20:15.937Z] GET /api/entries/258?periodo=2026
[2026-03-07T00:20:15.937Z] GET /api/entries/259?periodo=2026
[2026-03-07T00:20:15.938Z] GET /api/entries/260?periodo=2026
[2026-03-07T00:20:15.938Z] GET /api/entries/261?periodo=2026
[2026-03-07T00:20:15.939Z] GET /api/entries/263?periodo=2026
[2026-03-07T00:20:15.939Z] GET /api/entries/262?periodo=2026
[2026-03-07T00:20:15.939Z] GET /api/entries/264?periodo=2026
[2026-03-07T00:20:15.939Z] GET /api/entries/265?periodo=2026
[2026-03-07T00:20:15.940Z] GET /api/entries/268?periodo=2026
[2026-03-07T00:20:15.941Z] GET /api/entries/267?periodo=2026
[2026-03-07T00:20:15.941Z] GET /api/entries/269?periodo=2026
[2026-03-07T00:20:15.941Z] GET /api/entries/266?periodo=2026
[2026-03-07T00:20:15.942Z] GET /api/entries/271?periodo=2026
[2026-03-07T00:20:15.942Z] GET /api/entries/270?periodo=2026
[2026-03-07T00:20:15.943Z] GET /api/entries/272?periodo=2026
[2026-03-07T00:20:15.943Z] GET /api/entries/273?periodo=2026
[2026-03-07T00:20:15.943Z] GET /api/entries/274?periodo=2026
[2026-03-07T00:20:15.944Z] GET /api/entries/276?periodo=2026
[2026-03-07T00:20:15.945Z] GET /api/entries/275?periodo=2026
[2026-03-07T00:20:15.945Z] GET /api/entries/277?periodo=2026
[2026-03-07T00:20:15.946Z] GET /api/entries/278?periodo=2026
[2026-03-07T00:20:15.946Z] GET /api/entries/279?periodo=2026
[2026-03-07T00:20:15.946Z] GET /api/entries/280?periodo=2026
[2026-03-07T00:20:15.947Z] GET /api/entries/281?periodo=2026
[2026-03-07T00:20:15.948Z] GET /api/entries/282?periodo=2026
[2026-03-07T00:20:15.948Z] GET /api/entries/283?periodo=2026
[2026-03-07T00:20:15.949Z] GET /api/entries/284?periodo=2026
[2026-03-07T00:20:15.949Z] GET /api/entries/285?periodo=2026
[2026-03-07T00:20:15.949Z] GET /api/entries/286?periodo=2026
[2026-03-07T00:20:15.950Z] GET /api/entries/288?periodo=2026
[2026-03-07T00:20:15.950Z] GET /api/entries/293?periodo=2026
[2026-03-07T00:20:15.950Z] GET /api/entries/289?periodo=2026
[2026-03-07T00:20:15.951Z] GET /api/entries/292?periodo=2026
[2026-03-07T00:20:15.951Z] GET /api/entries/295?periodo=2026
[2026-03-07T00:20:15.952Z] GET /api/entries/294?periodo=2026
[2026-03-07T00:20:15.952Z] GET /api/entries/290?periodo=2026
[2026-03-07T00:20:15.953Z] GET /api/entries/297?periodo=2026
[2026-03-07T00:20:15.953Z] GET /api/entries/291?periodo=2026
[2026-03-07T00:20:15.953Z] GET /api/entries/296?periodo=2026
[2026-03-07T00:20:15.954Z] GET /api/entries/301?periodo=2026
[2026-03-07T00:20:15.954Z] GET /api/entries/298?periodo=2026
[2026-03-07T00:20:15.955Z] GET /api/entries/300?periodo=2026
[2026-03-07T00:20:15.955Z] GET /api/entries/299?periodo=2026
[2026-03-07T00:20:15.955Z] GET /api/entries/302?periodo=2026
[2026-03-07T00:20:15.956Z] GET /api/entries/306?periodo=2026
[2026-03-07T00:20:15.956Z] GET /api/entries/303?periodo=2026
[2026-03-07T00:20:15.956Z] GET /api/entries/304?periodo=2026
[2026-03-07T00:20:15.957Z] GET /api/entries/307?periodo=2026
[2026-03-07T00:20:15.957Z] GET /api/entries/308?periodo=2026
[2026-03-07T00:20:15.957Z] GET /api/entries/305?periodo=2026
[2026-03-07T00:20:15.958Z] GET /api/entries/309?periodo=2026
[2026-03-07T00:20:15.958Z] GET /api/entries/312?periodo=2026
[2026-03-07T00:20:15.959Z] GET /api/entries/311?periodo=2026
[2026-03-07T00:20:15.959Z] GET /api/entries/313?periodo=2026
[2026-03-07T00:20:15.959Z] GET /api/entries/315?periodo=2026
[2026-03-07T00:20:15.960Z] GET /api/entries/318?periodo=2026
[2026-03-07T00:20:15.960Z] GET /api/entries/314?periodo=2026
[2026-03-07T00:20:15.961Z] GET /api/entries/324?periodo=2026
[2026-03-07T00:20:15.961Z] GET /api/entries/316?periodo=2026
[2026-03-07T00:20:15.961Z] GET /api/entries/322?periodo=2026
[2026-03-07T00:20:15.962Z] GET /api/entries/326?periodo=2026
[2026-03-07T00:20:15.962Z] GET /api/entries/317?periodo=2026
[2026-03-07T00:20:15.962Z] GET /api/entries/325?periodo=2026
[2026-03-07T00:20:15.963Z] GET /api/entries/327?periodo=2026
[2026-03-07T00:20:15.963Z] GET /api/entries/328?periodo=2026
[2026-03-07T00:20:15.964Z] GET /api/entries/329?periodo=2026
[2026-03-07T00:20:15.964Z] GET /api/entries/332?periodo=2026
[2026-03-07T00:20:15.964Z] GET /api/entries/330?periodo=2026
[2026-03-07T00:20:15.965Z] GET /api/entries/336?periodo=2026
[2026-03-07T00:20:15.965Z] GET /api/entries/333?periodo=2026
[2026-03-07T00:20:15.965Z] GET /api/entries/331?periodo=2026
[2026-03-07T00:20:15.968Z] GET /api/entries/335?periodo=2026
[2026-03-07T00:20:15.969Z] GET /api/entries/334?periodo=2026
[2026-03-07T00:20:15.969Z] GET /api/entries/342?periodo=2026
[2026-03-07T00:20:15.970Z] GET /api/entries/337?periodo=2026
[2026-03-07T00:20:15.970Z] GET /api/entries/343?periodo=2026
[2026-03-07T00:20:15.970Z] GET /api/entries/344?periodo=2026
[2026-03-07T00:20:15.971Z] GET /api/entries/341?periodo=2026
[2026-03-07T00:20:15.972Z] GET /api/entries/349?periodo=2026
[2026-03-07T00:20:15.973Z] GET /api/entries/350?periodo=2026
[2026-03-07T00:20:15.973Z] GET /api/entries/348?periodo=2026
[2026-03-07T00:20:15.974Z] GET /api/entries/347?periodo=2026
[2026-03-07T00:20:15.974Z] GET /api/entries/352?periodo=2026
[2026-03-07T00:20:15.974Z] GET /api/entries/351?periodo=2026
[2026-03-07T00:20:15.975Z] GET /api/entries/353?periodo=2026
[2026-03-07T00:20:15.976Z] GET /api/entries/355?periodo=2026
[2026-03-07T00:20:15.976Z] GET /api/entries/354?periodo=2026
[2026-03-07T00:20:15.976Z] GET /api/entries/358?periodo=2026
[2026-03-07T00:20:15.976Z] GET /api/entries/359?periodo=2026
[2026-03-07T00:20:15.977Z] GET /api/entries/357?periodo=2026
[2026-03-07T00:20:15.979Z] GET /api/entries/356?periodo=2026
[2026-03-07T00:20:15.979Z] GET /api/entries/361?periodo=2026
[2026-03-07T00:20:15.980Z] GET /api/entries/362?periodo=2026
[2026-03-07T00:20:15.980Z] GET /api/entries/360?periodo=2026
[2026-03-07T00:20:15.981Z] GET /api/entries/364?periodo=2026
[2026-03-07T00:20:15.981Z] GET /api/entries/365?periodo=2026
[2026-03-07T00:20:15.982Z] GET /api/entries/363?periodo=2026
[2026-03-07T00:20:15.982Z] GET /api/entries/366?periodo=2026
[2026-03-07T00:20:15.984Z] GET /api/entries/369?periodo=2026
[2026-03-07T00:20:15.984Z] GET /api/entries/370?periodo=2026
[2026-03-07T00:20:15.986Z] GET /api/entries/371?periodo=2026
[2026-03-07T00:20:15.987Z] GET /api/entries/367?periodo=2026
[2026-03-07T00:20:15.988Z] GET /api/entries/368?periodo=2026
[2026-03-07T00:20:15.988Z] GET /api/entries/372?periodo=2026
[2026-03-07T00:20:15.988Z] GET /api/entries/374?periodo=2026
[2026-03-07T00:20:15.990Z] GET /api/entries/375?periodo=2026
[2026-03-07T00:20:15.990Z] GET /api/entries/373?periodo=2026
[2026-03-07T00:20:15.991Z] GET /api/entries/380?periodo=2026
[2026-03-07T00:20:15.991Z] GET /api/entries/377?periodo=2026
[2026-03-07T00:20:15.992Z] GET /api/entries/379?periodo=2026
[2026-03-07T00:20:15.992Z] GET /api/entries/376?periodo=2026
[2026-03-07T00:20:15.993Z] GET /api/entries/381?periodo=2026
[2026-03-07T00:20:15.993Z] GET /api/entries/382?periodo=2026
[2026-03-07T00:20:15.994Z] GET /api/entries/378?periodo=2026
[2026-03-07T00:20:15.994Z] GET /api/entries/383?periodo=2026
[2026-03-07T00:20:15.995Z] GET /api/entries/386?periodo=2026
[2026-03-07T00:20:15.996Z] GET /api/entries/387?periodo=2026
[2026-03-07T00:20:15.996Z] GET /api/entries/385?periodo=2026
[2026-03-07T00:20:15.996Z] GET /api/entries/384?periodo=2026
[2026-03-07T00:20:15.996Z] GET /api/entries/388?periodo=2026
[2026-03-07T00:20:15.997Z] GET /api/entries/389?periodo=2026
[2026-03-07T00:20:15.998Z] GET /api/entries/391?periodo=2026
[2026-03-07T00:20:15.998Z] GET /api/entries/390?periodo=2026
[2026-03-07T00:20:15.998Z] GET /api/entries/392?periodo=2026
[2026-03-07T00:20:15.999Z] GET /api/entries/393?periodo=2026
[2026-03-07T00:20:15.999Z] GET /api/entries/394?periodo=2026
[2026-03-07T00:20:15.999Z] GET /api/entries/397?periodo=2026
[2026-03-07T00:20:16.001Z] GET /api/entries/395?periodo=2026
[2026-03-07T00:20:16.001Z] GET /api/entries/396?periodo=2026
[2026-03-07T00:20:16.002Z] GET /api/entries/399?periodo=2026
[2026-03-07T00:20:16.002Z] GET /api/entries/398?periodo=2026
[2026-03-07T00:20:16.003Z] GET /api/entries/400?periodo=2026
[2026-03-07T00:20:16.003Z] GET /api/entries/401?periodo=2026
[2026-03-07T00:20:16.004Z] GET /api/entries/402?periodo=2026
[2026-03-07T00:20:16.005Z] GET /api/entries/403?periodo=2026
[2026-03-07T00:20:16.005Z] GET /api/entries/405?periodo=2026
[2026-03-07T00:20:16.005Z] GET /api/entries/404?periodo=2026
[2026-03-07T00:20:16.006Z] GET /api/entries/406?periodo=2026
[2026-03-07T00:20:16.006Z] GET /api/entries/408?periodo=2026
[2026-03-07T00:20:16.006Z] GET /api/entries/407?periodo=2026
[2026-03-07T00:20:16.007Z] GET /api/entries/409?periodo=2026
[2026-03-07T00:20:16.007Z] GET /api/entries/410?periodo=2026
[2026-03-07T00:20:16.007Z] GET /api/entries/415?periodo=2026
[2026-03-07T00:20:16.008Z] GET /api/entries/413?periodo=2026
[2026-03-07T00:20:16.008Z] GET /api/entries/412?periodo=2026
[2026-03-07T00:20:16.008Z] GET /api/entries/414?periodo=2026
[2026-03-07T00:20:16.009Z] GET /api/entries/416?periodo=2026
[2026-03-07T00:20:16.009Z] GET /api/entries/417?periodo=2026
[2026-03-07T00:20:16.010Z] GET /api/entries/411?periodo=2026
[2026-03-07T00:20:18.088Z] OPTIONS /api/entries/56?periodo=2026
[2026-03-07T00:20:18.088Z] GET /api/entries/56?periodo=2026
[2026-03-07T00:20:24.150Z] OPTIONS /api/entries/142?periodo=2026
[2026-03-07T00:20:24.151Z] GET /api/entries/142?periodo=2026
[2026-03-07T00:20:30.584Z] OPTIONS /api/entries/265?periodo=2026
[2026-03-07T00:20:30.584Z] GET /api/entries/265?periodo=2026
[2026-03-07T00:20:34.784Z] OPTIONS /api/entries/53?periodo=2026
[2026-03-07T00:20:34.785Z] GET /api/entries/53?periodo=2026
[2026-03-07T00:20:37.721Z] OPTIONS /api/entries/58?periodo=2026
[2026-03-07T00:20:37.722Z] GET /api/entries/58?periodo=2026
[2026-03-07T00:20:39.491Z] OPTIONS /api/export/excel/58?periodo=2026
[2026-03-07T00:20:39.492Z] GET /api/export/excel/58?periodo=2026
[2026-03-07T00:20:52.587Z] OPTIONS /api/tracking/all
[2026-03-07T00:20:52.588Z] GET /api/tracking/all
[2026-03-07T00:20:52.613Z] GET /api/tracking/all
[2026-03-07T00:20:53.628Z] OPTIONS /api/narratives/inbox?periodo=2026
[2026-03-07T00:20:53.629Z] GET /api/narratives/inbox?periodo=2026
[2026-03-07T00:20:53.634Z] GET /api/narratives/inbox?periodo=2026
[2026-03-07T00:20:55.247Z] GET /api/tracking/all
[2026-03-07T00:20:55.260Z] GET /api/tracking/all
[2026-03-07T00:20:57.636Z] GET /api/narratives/inbox?periodo=2026
[2026-03-07T00:20:57.640Z] GET /api/narratives/inbox?periodo=2026
[2026-03-07T00:21:00.197Z] OPTIONS /api/narratives/inbox?periodo=2026
[2026-03-07T00:21:00.199Z] GET /api/narratives/inbox?periodo=2026
[2026-03-07T00:21:00.201Z] GET /api/narratives/inbox?periodo=2026
[2026-03-07T00:21:02.442Z] OPTIONS /api/catalogs/dependencies?axis=I&periodo=2026&withProgress=true
[2026-03-07T00:21:02.443Z] GET /api/catalogs/dependencies?axis=I&periodo=2026&withProgress=true
[DEBUG] Filtrando por Eje: "I"
[DEBUG] Antes: 86, Después: 14
[2026-03-07T00:21:02.455Z] GET /api/catalogs/dependencies?axis=I&periodo=2026&withProgress=true
[DEBUG] Filtrando por Eje: "I"
[DEBUG] Antes: 86, Después: 14
[2026-03-07T00:21:10.195Z] OPTIONS /api/dashboard/stats?periodo=2026
[2026-03-07T00:21:10.195Z] OPTIONS /api/activities?periodo=2026
[2026-03-07T00:21:10.196Z] GET /api/dashboard/stats?periodo=2026
[2026-03-07T00:21:10.196Z] GET /api/activities?periodo=2026
[2026-03-07T00:21:10.200Z] GET /api/activities?periodo=2026
[2026-03-07T00:21:10.205Z] GET /api/dashboard/stats?periodo=2026
[2026-03-07T00:21:21.461Z] OPTIONS /api/logs?periodo=2026
[2026-03-07T00:21:21.462Z] GET /api/logs?periodo=2026
[2026-03-07T00:21:21.595Z] GET /api/logs?periodo=2026
[2026-03-07T00:21:23.475Z] OPTIONS /api/dashboard/stats?periodo=2026
[2026-03-07T00:21:23.475Z] OPTIONS /api/activities?periodo=2026
[2026-03-07T00:21:23.476Z] GET /api/dashboard/stats?periodo=2026
[2026-03-07T00:21:23.477Z] GET /api/activities?periodo=2026
[2026-03-07T00:21:23.493Z] GET /api/dashboard/stats?periodo=2026
[2026-03-07T00:21:23.495Z] GET /api/activities?periodo=2026
[2026-03-07T00:21:25.096Z] OPTIONS /api/users
[2026-03-07T00:21:25.097Z] OPTIONS /api/catalogs/dependencies?periodo=2026
[2026-03-07T00:21:25.097Z] GET /api/users
[2026-03-07T00:21:25.098Z] GET /api/catalogs/dependencies?periodo=2026
[2026-03-07T00:21:25.101Z] GET /api/catalogs/dependencies?periodo=2026
[2026-03-07T00:21:25.112Z] GET /api/users
[2026-03-07T00:21:26.665Z] GET /api/dashboard/stats?periodo=2026
[2026-03-07T00:21:26.666Z] GET /api/activities?periodo=2026
[2026-03-07T00:21:26.668Z] GET /api/activities?periodo=2026
[2026-03-07T00:21:26.672Z] GET /api/dashboard/stats?periodo=2026
[2026-03-07T00:21:42.482Z] OPTIONS /api/catalogs/dependencies?axis=3&periodo=2026&withProgress=true
[2026-03-07T00:21:42.483Z] GET /api/catalogs/dependencies?axis=3&periodo=2026&withProgress=true
[DEBUG] Filtrando por Eje: "3"
[DEBUG] Antes: 86, Después: 0
[2026-03-07T00:21:42.490Z] GET /api/catalogs/dependencies?axis=3&periodo=2026&withProgress=true
[DEBUG] Filtrando por Eje: "3"
[DEBUG] Antes: 86, Después: 0
[2026-03-07T00:21:47.200Z] OPTIONS /api/catalogs/dependencies?axis=II&periodo=2026&withProgress=true
[2026-03-07T00:21:47.202Z] GET /api/catalogs/dependencies?axis=II&periodo=2026&withProgress=true
[DEBUG] Filtrando por Eje: "II"
[DEBUG] Antes: 86, Después: 4
[2026-03-07T00:21:47.222Z] GET /api/catalogs/dependencies?axis=II&periodo=2026&withProgress=true
[DEBUG] Filtrando por Eje: "II"
[DEBUG] Antes: 86, Después: 4
[2026-03-07T00:21:48.668Z] OPTIONS /api/catalogs/dependencies?axis=I&periodo=2026&withProgress=true
[2026-03-07T00:21:48.669Z] GET /api/catalogs/dependencies?axis=I&periodo=2026&withProgress=true
[DEBUG] Filtrando por Eje: "I"
[DEBUG] Antes: 86, Después: 14
[2026-03-07T00:21:48.679Z] GET /api/catalogs/dependencies?axis=I&periodo=2026&withProgress=true
[DEBUG] Filtrando por Eje: "I"
[DEBUG] Antes: 86, Después: 14
[2026-03-07T00:21:50.862Z] OPTIONS /api/dashboard/stats?periodo=2026
[2026-03-07T00:21:50.862Z] OPTIONS /api/activities?periodo=2026
[2026-03-07T00:21:50.862Z] GET /api/dashboard/stats?periodo=2026
[2026-03-07T00:21:50.863Z] GET /api/activities?periodo=2026
[2026-03-07T00:21:50.865Z] GET /api/activities?periodo=2026
[2026-03-07T00:21:50.869Z] GET /api/dashboard/stats?periodo=2026
[2026-03-07T00:21:53.254Z] OPTIONS /api/catalogs/dependencies?axis=3&periodo=2026&withProgress=true
[2026-03-07T00:21:53.254Z] GET /api/catalogs/dependencies?axis=3&periodo=2026&withProgress=true
[DEBUG] Filtrando por Eje: "3"
[DEBUG] Antes: 86, Después: 0
[2026-03-07T00:21:53.259Z] GET /api/catalogs/dependencies?axis=3&periodo=2026&withProgress=true
[DEBUG] Filtrando por Eje: "3"
[DEBUG] Antes: 86, Después: 0
[2026-03-07T00:21:56.009Z] OPTIONS /api/dashboard/stats?periodo=2026
[2026-03-07T00:21:56.009Z] GET /api/dashboard/stats?periodo=2026
[2026-03-07T00:21:56.011Z] OPTIONS /api/activities?periodo=2026
[2026-03-07T00:21:56.012Z] GET /api/activities?periodo=2026
[2026-03-07T00:21:56.015Z] GET /api/activities?periodo=2026
[2026-03-07T00:21:56.019Z] GET /api/dashboard/stats?periodo=2026
[2026-03-07T00:23:22.459Z] OPTIONS /api/dashboard/stats?periodo=2026
[2026-03-07T00:23:22.460Z] OPTIONS /api/activities?periodo=2026
[2026-03-07T00:23:22.461Z] GET /api/dashboard/stats?periodo=2026
[2026-03-07T00:23:22.463Z] OPTIONS /api/dashboard/stats?periodo=2026
[2026-03-07T00:23:22.463Z] GET /api/activities?periodo=2026
[2026-03-07T00:23:22.464Z] OPTIONS /api/activities?periodo=2026
[2026-03-07T00:23:22.465Z] GET /api/dashboard/stats?periodo=2026
[2026-03-07T00:23:22.465Z] GET /api/activities?periodo=2026
[2026-03-07T00:23:44.159Z] OPTIONS /api/dashboard/stats?periodo=2026
[2026-03-07T00:23:44.160Z] OPTIONS /api/activities?periodo=2026
[2026-03-07T00:23:44.161Z] GET /api/dashboard/stats?periodo=2026
[2026-03-07T00:23:44.163Z] GET /api/activities?periodo=2026
[2026-03-07T00:23:44.173Z] GET /api/dashboard/stats?periodo=2026
[2026-03-07T00:23:44.174Z] GET /api/activities?periodo=2026
[2026-03-07T00:23:52.706Z] OPTIONS /api/auth/login
[2026-03-07T00:23:52.707Z] POST /api/auth/login
Login Successful: admin@seplan.gob.mx | Roles: SuperAdministrador | Mission: undefined
[2026-03-07T00:23:52.764Z] OPTIONS /api/dashboard/stats?periodo=2026
[2026-03-07T00:23:52.765Z] OPTIONS /api/activities?periodo=2026
[2026-03-07T00:23:52.766Z] GET /api/dashboard/stats?periodo=2026
[2026-03-07T00:23:52.767Z] GET /api/activities?periodo=2026
[2026-03-07T00:23:52.771Z] GET /api/activities?periodo=2026
[2026-03-07T00:23:52.776Z] GET /api/dashboard/stats?periodo=2026
[2026-03-07T00:23:55.266Z] GET /api/dashboard/stats?periodo=2026
[2026-03-07T00:23:55.266Z] GET /api/activities?periodo=2026
[2026-03-07T00:23:55.269Z] GET /api/activities?periodo=2026
[2026-03-07T00:23:55.273Z] GET /api/dashboard/stats?periodo=2026
[2026-03-07T00:24:27.773Z] OPTIONS /api/tracking/all
[2026-03-07T00:24:27.774Z] GET /api/tracking/all
[2026-03-07T00:24:27.811Z] GET /api/tracking/all
[2026-03-07T00:24:39.957Z] OPTIONS /api/tracking/estadistica/347
[2026-03-07T00:24:39.959Z] GET /api/tracking/estadistica/347
[2026-03-07T00:24:40.023Z] GET /api/tracking/estadistica/347
[2026-03-07T00:24:43.995Z] OPTIONS /api/tracking/all
[2026-03-07T00:24:43.996Z] GET /api/tracking/all
[2026-03-07T00:24:44.048Z] GET /api/tracking/all
[2026-03-07T00:24:51.107Z] OPTIONS /api/tracking/estadistica/385
[2026-03-07T00:24:51.109Z] GET /api/tracking/estadistica/385
[2026-03-07T00:24:51.125Z] GET /api/tracking/estadistica/385
[2026-03-07T00:24:58.118Z] OPTIONS /api/dashboard/stats?periodo=2026
[2026-03-07T00:24:58.118Z] OPTIONS /api/activities?periodo=2026
[2026-03-07T00:24:58.118Z] GET /api/dashboard/stats?periodo=2026
[2026-03-07T00:24:58.119Z] GET /api/activities?periodo=2026
[2026-03-07T00:24:58.129Z] GET /api/dashboard/stats?periodo=2026
[2026-03-07T00:24:58.129Z] GET /api/activities?periodo=2026
[2026-03-07T00:25:04.816Z] OPTIONS /api/dashboard/stats?periodo=2026
[2026-03-07T00:25:04.817Z] OPTIONS /api/activities?periodo=2026
[2026-03-07T00:25:04.817Z] GET /api/dashboard/stats?periodo=2026
[2026-03-07T00:25:04.819Z] OPTIONS /api/dashboard/stats?periodo=2026
[2026-03-07T00:25:04.820Z] GET /api/activities?periodo=2026
[2026-03-07T00:25:04.821Z] OPTIONS /api/activities?periodo=2026
[2026-03-07T00:25:04.821Z] GET /api/dashboard/stats?periodo=2026
[2026-03-07T00:25:04.822Z] GET /api/activities?periodo=2026
[2026-03-07T00:25:06.471Z] OPTIONS /api/catalogs/dependencies?axis=1&periodo=2026&withProgress=true
[2026-03-07T00:25:06.473Z] GET /api/catalogs/dependencies?axis=1&periodo=2026&withProgress=true
[DEBUG] Filtrando por Eje: "1"
[DEBUG] Antes: 86, Después: 0
[2026-03-07T00:25:06.483Z] GET /api/catalogs/dependencies?axis=1&periodo=2026&withProgress=true
[DEBUG] Filtrando por Eje: "1"
[DEBUG] Antes: 86, Después: 0
[2026-03-07T00:25:09.518Z] OPTIONS /api/catalogs/dependencies?axis=II&periodo=2026&withProgress=true
[2026-03-07T00:25:09.518Z] GET /api/catalogs/dependencies?axis=II&periodo=2026&withProgress=true
[DEBUG] Filtrando por Eje: "II"
[DEBUG] Antes: 86, Después: 4
[2026-03-07T00:25:09.528Z] GET /api/catalogs/dependencies?axis=II&periodo=2026&withProgress=true
[DEBUG] Filtrando por Eje: "II"
[DEBUG] Antes: 86, Después: 4
[2026-03-07T00:25:10.767Z] OPTIONS /api/catalogs/dependencies?axis=III&periodo=2026&withProgress=true
[2026-03-07T00:25:10.767Z] GET /api/catalogs/dependencies?axis=III&periodo=2026&withProgress=true
[DEBUG] Filtrando por Eje: "III"
[DEBUG] Antes: 86, Después: 11
[2026-03-07T00:25:10.777Z] GET /api/catalogs/dependencies?axis=III&periodo=2026&withProgress=true
[DEBUG] Filtrando por Eje: "III"
[DEBUG] Antes: 86, Después: 11
[2026-03-07T00:25:11.833Z] OPTIONS /api/dashboard/stats?periodo=2026
[2026-03-07T00:25:11.834Z] OPTIONS /api/activities?periodo=2026
[2026-03-07T00:25:11.834Z] GET /api/dashboard/stats?periodo=2026
[2026-03-07T00:25:11.834Z] GET /api/activities?periodo=2026
[2026-03-07T00:25:11.843Z] GET /api/dashboard/stats?periodo=2026
[2026-03-07T00:25:11.844Z] GET /api/activities?periodo=2026
[2026-03-07T00:25:12.914Z] OPTIONS /api/catalogs/dependencies?axis=3&periodo=2026&withProgress=true
[2026-03-07T00:25:12.915Z] GET /api/catalogs/dependencies?axis=3&periodo=2026&withProgress=true
[DEBUG] Filtrando por Eje: "3"
[DEBUG] Antes: 86, Después: 0
[2026-03-07T00:25:12.920Z] GET /api/catalogs/dependencies?axis=3&periodo=2026&withProgress=true
[DEBUG] Filtrando por Eje: "3"
[DEBUG] Antes: 86, Después: 0
[2026-03-07T00:25:19.878Z] OPTIONS /api/dashboard/stats?periodo=2026
[2026-03-07T00:25:19.878Z] OPTIONS /api/activities?periodo=2026
[2026-03-07T00:25:19.879Z] GET /api/dashboard/stats?periodo=2026
[2026-03-07T00:25:19.879Z] GET /api/activities?periodo=2026
[2026-03-07T00:25:19.882Z] GET /api/activities?periodo=2026
[2026-03-07T00:25:19.886Z] GET /api/dashboard/stats?periodo=2026
[2026-03-07T00:25:21.599Z] OPTIONS /api/catalogs/dependencies?axis=3&periodo=2026&withProgress=true
[2026-03-07T00:25:21.600Z] GET /api/catalogs/dependencies?axis=3&periodo=2026&withProgress=true
[DEBUG] Filtrando por Eje: "3"
[DEBUG] Antes: 86, Después: 0
[2026-03-07T00:25:21.605Z] GET /api/catalogs/dependencies?axis=3&periodo=2026&withProgress=true
[DEBUG] Filtrando por Eje: "3"
[DEBUG] Antes: 86, Después: 0
[2026-03-07T00:25:24.417Z] OPTIONS /api/catalogs/dependencies?axis=IV&periodo=2026&withProgress=true
[2026-03-07T00:25:24.418Z] GET /api/catalogs/dependencies?axis=IV&periodo=2026&withProgress=true
[DEBUG] Filtrando por Eje: "IV"
[DEBUG] Antes: 86, Después: 8
[2026-03-07T00:25:24.427Z] GET /api/catalogs/dependencies?axis=IV&periodo=2026&withProgress=true
[DEBUG] Filtrando por Eje: "IV"
[DEBUG] Antes: 86, Después: 8
[2026-03-07T00:25:29.903Z] OPTIONS /api/dashboard/stats?periodo=2026
[2026-03-07T00:25:29.903Z] OPTIONS /api/activities?periodo=2026
[2026-03-07T00:25:29.903Z] GET /api/dashboard/stats?periodo=2026
[2026-03-07T00:25:29.904Z] GET /api/activities?periodo=2026
[2026-03-07T00:25:29.907Z] GET /api/activities?periodo=2026
[2026-03-07T00:25:29.911Z] GET /api/dashboard/stats?periodo=2026
[2026-03-07T00:28:47.679Z] OPTIONS /api/dashboard/stats?periodo=2026
[2026-03-07T00:28:47.683Z] OPTIONS /api/activities?periodo=2026
[2026-03-07T00:28:47.683Z] OPTIONS /api/dashboard/stats?periodo=2026
[2026-03-07T00:28:47.684Z] OPTIONS /api/activities?periodo=2026
[2026-03-07T00:28:47.684Z] GET /api/dashboard/stats?periodo=2026
[2026-03-07T00:28:47.701Z] GET /api/activities?periodo=2026
[2026-03-07T00:28:47.702Z] GET /api/dashboard/stats?periodo=2026
[2026-03-07T00:28:47.703Z] GET /api/activities?periodo=2026
[2026-03-07T00:28:49.445Z] OPTIONS /api/catalogs/dependencies?axis=I&periodo=2026&withProgress=true
[2026-03-07T00:28:49.446Z] GET /api/catalogs/dependencies?axis=I&periodo=2026&withProgress=true
[DEBUG] Filtrando por Eje: "I"
[DEBUG] Antes: 86, Después: 14
[2026-03-07T00:28:49.457Z] GET /api/catalogs/dependencies?axis=I&periodo=2026&withProgress=true
[DEBUG] Filtrando por Eje: "I"
[DEBUG] Antes: 86, Después: 14
[2026-03-07T00:28:52.006Z] OPTIONS /api/users
[2026-03-07T00:28:52.006Z] OPTIONS /api/catalogs/dependencies?periodo=2026
[2026-03-07T00:28:52.006Z] GET /api/users
[2026-03-07T00:28:52.007Z] GET /api/catalogs/dependencies?periodo=2026
[2026-03-07T00:28:52.011Z] GET /api/catalogs/dependencies?periodo=2026
[2026-03-07T00:28:52.026Z] GET /api/users
[2026-03-07T00:28:52.803Z] OPTIONS /api/dependencies
[2026-03-07T00:28:52.803Z] GET /api/dependencies
[2026-03-07T00:28:52.804Z] GET /api/dependencies - User: undefined Roles: [ 'SuperAdministrador' ]
[2026-03-07T00:28:52.815Z] Found 86 dependencies
[2026-03-07T00:28:52.817Z] GET /api/dependencies
[2026-03-07T00:28:52.818Z] GET /api/dependencies - User: undefined Roles: [ 'SuperAdministrador' ]
[2026-03-07T00:28:52.820Z] Found 86 dependencies
[2026-03-07T00:28:54.218Z] OPTIONS /api/periods
[2026-03-07T00:28:54.219Z] GET /api/periods
[2026-03-07T00:28:54.221Z] GET /api/periods
[2026-03-07T00:28:57.665Z] OPTIONS /api/logs?periodo=2026
[2026-03-07T00:28:57.665Z] GET /api/logs?periodo=2026
[2026-03-07T00:28:57.782Z] GET /api/logs?periodo=2026
[2026-03-07T00:28:58.898Z] OPTIONS /api/config
[2026-03-07T00:28:58.899Z] GET /api/config
[2026-03-07T00:28:58.901Z] GET /api/config
[2026-03-07T00:29:09.480Z] OPTIONS /api/auth/login
[2026-03-07T00:29:09.480Z] POST /api/auth/login
Login Successful: saluddemo@seplan.gob.mx | Roles: Capturista | Mission: 3
[2026-03-07T00:29:09.576Z] OPTIONS /api/tracking/observations/count?periodo=2026
[2026-03-07T00:29:09.576Z] OPTIONS /api/dashboard/stats?periodo=2026
[2026-03-07T00:29:09.576Z] GET /api/tracking/observations/count?periodo=2026
[2026-03-07T00:29:09.577Z] OPTIONS /api/activities?periodo=2026
[2026-03-07T00:29:09.577Z] GET /api/dashboard/stats?periodo=2026
[2026-03-07T00:29:09.578Z] GET /api/tracking/observations/count?periodo=2026
[2026-03-07T00:29:09.579Z] GET /api/activities?periodo=2026
[2026-03-07T00:29:09.585Z] GET /api/activities?periodo=2026
[2026-03-07T00:29:09.591Z] GET /api/dashboard/stats?periodo=2026
[2026-03-07T00:29:11.984Z] OPTIONS /api/catalogs/narrative-titles?periodo=2026
[2026-03-07T00:29:11.985Z] GET /api/catalogs/narrative-titles?periodo=2026
[2026-03-07T00:29:11.985Z] OPTIONS /api/catalogs/ods?periodo=2026
[2026-03-07T00:29:11.986Z] OPTIONS /api/catalogs/ped/missions?periodo=2026
[2026-03-07T00:29:11.986Z] OPTIONS /api/catalogs/ped/objectives
[2026-03-07T00:29:11.986Z] OPTIONS /api/catalogs/ped/strategies
[2026-03-07T00:29:11.986Z] OPTIONS /api/catalogs/ped/action-lines
[2026-03-07T00:29:11.987Z] GET /api/catalogs/ods?periodo=2026
[2026-03-07T00:29:11.987Z] OPTIONS /api/catalogs/ppas-types
[2026-03-07T00:29:11.987Z] GET /api/catalogs/ped/missions?periodo=2026
[2026-03-07T00:29:11.988Z] GET /api/catalogs/ped/objectives
[2026-03-07T00:29:11.989Z] OPTIONS /api/catalogs/budget-programs?periodo=2026
[2026-03-07T00:29:11.989Z] GET /api/catalogs/ped/strategies
[2026-03-07T00:29:11.990Z] GET /api/catalogs/ped/action-lines
[2026-03-07T00:29:11.991Z] GET /api/catalogs/ppas-types
[2026-03-07T00:29:11.995Z] GET /api/catalogs/budget-programs?periodo=2026
[2026-03-07T00:29:11.996Z] GET /api/catalogs/ods?periodo=2026
[2026-03-07T00:29:11.998Z] GET /api/catalogs/ped/objectives
[2026-03-07T00:29:11.999Z] GET /api/catalogs/ppas-types
[2026-03-07T00:29:12.001Z] GET /api/catalogs/ped/missions?periodo=2026
[2026-03-07T00:29:12.001Z] GET /api/catalogs/narrative-titles?periodo=2026
[2026-03-07T00:29:12.002Z] GET /api/catalogs/ped/strategies
[2026-03-07T00:29:12.004Z] GET /api/catalogs/budget-programs?periodo=2026
[2026-03-07T00:29:12.010Z] GET /api/catalogs/ped/action-lines
[2026-03-07T00:29:12.010Z] OPTIONS /api/catalogs/default-classification
[2026-03-07T00:29:12.011Z] GET /api/catalogs/default-classification
[default-classification] JWT user.id=156 type=string
[default-classification] depRaw=[{"name":"Secretaría de Salud"}]
Default classification for "Secretaría de Salud": titulo="SISTEMA DE SALUD PARA EL BIENESTAR"(14), tema="PROMOCIÓN, PREVENCIÓN Y ATENCIÓN TEMPRANA"(26), subtema="Cuidado de la salud mental y prevención de las adicciones"(14) | allowed: 1 titulos
[2026-03-07T00:29:12.022Z] GET /api/catalogs/default-classification
[default-classification] JWT user.id=156 type=string
[2026-03-07T00:29:12.023Z] OPTIONS /api/catalogs/narrative-themes?periodo=2026&title_id=14
[2026-03-07T00:29:12.024Z] GET /api/catalogs/narrative-themes?periodo=2026&title_id=14
[default-classification] depRaw=[{"name":"Secretaría de Salud"}]
[2026-03-07T00:29:12.028Z] OPTIONS /api/catalogs/narrative-subthemes?periodo=2026&theme_id=26
Default classification for "Secretaría de Salud": titulo="SISTEMA DE SALUD PARA EL BIENESTAR"(14), tema="PROMOCIÓN, PREVENCIÓN Y ATENCIÓN TEMPRANA"(26), subtema="Cuidado de la salud mental y prevención de las adicciones"(14) | allowed: 1 titulos
[2026-03-07T00:29:12.029Z] GET /api/catalogs/narrative-subthemes?periodo=2026&theme_id=26
[2026-03-07T00:29:12.029Z] GET /api/catalogs/narrative-themes?periodo=2026&title_id=14
[2026-03-07T00:29:12.045Z] GET /api/catalogs/narrative-subthemes?periodo=2026&theme_id=26
[2026-03-07T00:31:17.485Z] OPTIONS /api/entities?periodo=2026
[2026-03-07T00:31:17.486Z] GET /api/entities?periodo=2026
[2026-03-07T00:31:17.545Z] GET /api/entities?periodo=2026
[2026-03-07T00:31:17.550Z] OPTIONS /api/entries/2?periodo=2026
[2026-03-07T00:31:17.551Z] OPTIONS /api/entries/3?periodo=2026
[2026-03-07T00:31:17.551Z] OPTIONS /api/entries/4?periodo=2026
[2026-03-07T00:31:17.554Z] OPTIONS /api/entries/5?periodo=2026
[2026-03-07T00:31:17.554Z] GET /api/entries/2?periodo=2026
[2026-03-07T00:31:17.555Z] GET /api/entries/3?periodo=2026
[2026-03-07T00:31:17.556Z] OPTIONS /api/entries/6?periodo=2026
[2026-03-07T00:31:17.557Z] GET /api/entries/4?periodo=2026
[2026-03-07T00:31:17.558Z] OPTIONS /api/entries/8?periodo=2026
[2026-03-07T00:31:17.558Z] OPTIONS /api/entries/7?periodo=2026
[2026-03-07T00:31:17.562Z] OPTIONS /api/entries/9?periodo=2026
[2026-03-07T00:31:17.562Z] OPTIONS /api/entries/10?periodo=2026
[2026-03-07T00:31:17.564Z] OPTIONS /api/entries/11?periodo=2026
[2026-03-07T00:31:17.564Z] GET /api/entries/5?periodo=2026
[2026-03-07T00:31:17.565Z] OPTIONS /api/entries/12?periodo=2026
[2026-03-07T00:31:17.565Z] OPTIONS /api/entries/13?periodo=2026
[2026-03-07T00:31:17.566Z] OPTIONS /api/entries/14?periodo=2026
[2026-03-07T00:31:17.567Z] OPTIONS /api/entries/15?periodo=2026
[2026-03-07T00:31:17.567Z] OPTIONS /api/entries/16?periodo=2026
[2026-03-07T00:31:17.568Z] OPTIONS /api/entries/17?periodo=2026
[2026-03-07T00:31:17.568Z] OPTIONS /api/entries/18?periodo=2026
[2026-03-07T00:31:17.568Z] GET /api/entries/6?periodo=2026
[2026-03-07T00:31:17.569Z] OPTIONS /api/entries/19?periodo=2026
[2026-03-07T00:31:17.569Z] OPTIONS /api/entries/21?periodo=2026
[2026-03-07T00:31:17.571Z] GET /api/entries/8?periodo=2026
[2026-03-07T00:31:17.572Z] GET /api/entries/7?periodo=2026
[2026-03-07T00:31:17.572Z] OPTIONS /api/entries/22?periodo=2026
[2026-03-07T00:31:17.572Z] OPTIONS /api/entries/23?periodo=2026
[2026-03-07T00:31:17.573Z] OPTIONS /api/entries/24?periodo=2026
[2026-03-07T00:31:17.573Z] OPTIONS /api/entries/25?periodo=2026
[2026-03-07T00:31:17.573Z] OPTIONS /api/entries/26?periodo=2026
[2026-03-07T00:31:17.573Z] OPTIONS /api/entries/28?periodo=2026
[2026-03-07T00:31:17.574Z] OPTIONS /api/entries/29?periodo=2026
[2026-03-07T00:31:17.575Z] OPTIONS /api/entries/30?periodo=2026
[2026-03-07T00:31:17.575Z] OPTIONS /api/entries/31?periodo=2026
[2026-03-07T00:31:17.575Z] OPTIONS /api/entries/32?periodo=2026
[2026-03-07T00:31:17.575Z] GET /api/entries/9?periodo=2026
[2026-03-07T00:31:17.576Z] GET /api/entries/10?periodo=2026
[2026-03-07T00:31:17.576Z] OPTIONS /api/entries/33?periodo=2026
[2026-03-07T00:31:17.576Z] OPTIONS /api/entries/34?periodo=2026
[2026-03-07T00:31:17.577Z] OPTIONS /api/entries/35?periodo=2026
[2026-03-07T00:31:17.598Z] GET /api/entries/11?periodo=2026
[2026-03-07T00:31:17.599Z] OPTIONS /api/entries/36?periodo=2026
[2026-03-07T00:31:17.599Z] GET /api/entries/12?periodo=2026
[2026-03-07T00:31:17.599Z] OPTIONS /api/entries/37?periodo=2026
[2026-03-07T00:31:17.599Z] OPTIONS /api/entries/39?periodo=2026
[2026-03-07T00:31:17.599Z] GET /api/entries/13?periodo=2026
[2026-03-07T00:31:17.600Z] GET /api/entries/14?periodo=2026
[2026-03-07T00:31:17.600Z] OPTIONS /api/entries/40?periodo=2026
[2026-03-07T00:31:17.600Z] GET /api/entries/15?periodo=2026
[2026-03-07T00:31:17.601Z] GET /api/entries/16?periodo=2026
[2026-03-07T00:31:17.601Z] GET /api/entries/17?periodo=2026
[2026-03-07T00:31:17.602Z] GET /api/entries/18?periodo=2026
[2026-03-07T00:31:17.603Z] OPTIONS /api/entries/41?periodo=2026
[2026-03-07T00:31:17.603Z] OPTIONS /api/entries/42?periodo=2026
[2026-03-07T00:31:17.603Z] GET /api/entries/19?periodo=2026
[2026-03-07T00:31:17.603Z] OPTIONS /api/entries/43?periodo=2026
[2026-03-07T00:31:17.603Z] GET /api/entries/21?periodo=2026
[2026-03-07T00:31:17.605Z] OPTIONS /api/entries/45?periodo=2026
[2026-03-07T00:31:17.605Z] OPTIONS /api/entries/46?periodo=2026
[2026-03-07T00:31:17.605Z] GET /api/entries/23?periodo=2026
[2026-03-07T00:31:17.606Z] GET /api/entries/22?periodo=2026
[2026-03-07T00:31:17.606Z] GET /api/entries/24?periodo=2026
[2026-03-07T00:31:17.607Z] GET /api/entries/25?periodo=2026
[2026-03-07T00:31:17.609Z] GET /api/entries/26?periodo=2026
[2026-03-07T00:31:17.611Z] GET /api/entries/28?periodo=2026
[2026-03-07T00:31:17.611Z] OPTIONS /api/entries/47?periodo=2026
[2026-03-07T00:31:17.612Z] OPTIONS /api/entries/48?periodo=2026
[2026-03-07T00:31:17.612Z] OPTIONS /api/entries/49?periodo=2026
[2026-03-07T00:31:17.615Z] OPTIONS /api/entries/50?periodo=2026
[2026-03-07T00:31:17.615Z] GET /api/entries/30?periodo=2026
[2026-03-07T00:31:17.616Z] OPTIONS /api/entries/51?periodo=2026
[2026-03-07T00:31:17.616Z] GET /api/entries/29?periodo=2026
[2026-03-07T00:31:17.616Z] GET /api/entries/31?periodo=2026
[2026-03-07T00:31:17.617Z] OPTIONS /api/entries/52?periodo=2026
[2026-03-07T00:31:17.617Z] GET /api/entries/32?periodo=2026
[2026-03-07T00:31:17.617Z] OPTIONS /api/entries/53?periodo=2026
[2026-03-07T00:31:17.617Z] OPTIONS /api/entries/54?periodo=2026
[2026-03-07T00:31:17.617Z] OPTIONS /api/entries/56?periodo=2026
[2026-03-07T00:31:17.617Z] OPTIONS /api/entries/57?periodo=2026
[2026-03-07T00:31:17.618Z] GET /api/entries/33?periodo=2026
[2026-03-07T00:31:17.618Z] GET /api/entries/34?periodo=2026
[2026-03-07T00:31:17.618Z] OPTIONS /api/entries/58?periodo=2026
[2026-03-07T00:31:17.619Z] GET /api/entries/35?periodo=2026
[2026-03-07T00:31:17.619Z] OPTIONS /api/entries/59?periodo=2026
[2026-03-07T00:31:17.619Z] OPTIONS /api/entries/60?periodo=2026
[2026-03-07T00:31:17.619Z] OPTIONS /api/entries/61?periodo=2026
[2026-03-07T00:31:17.619Z] OPTIONS /api/entries/62?periodo=2026
[2026-03-07T00:31:17.619Z] OPTIONS /api/entries/63?periodo=2026
[2026-03-07T00:31:17.619Z] OPTIONS /api/entries/65?periodo=2026
[2026-03-07T00:31:17.619Z] OPTIONS /api/entries/66?periodo=2026
[2026-03-07T00:31:17.619Z] OPTIONS /api/entries/69?periodo=2026
[2026-03-07T00:31:17.619Z] OPTIONS /api/entries/67?periodo=2026
[2026-03-07T00:31:17.619Z] OPTIONS /api/entries/71?periodo=2026
[2026-03-07T00:31:17.619Z] OPTIONS /api/entries/70?periodo=2026
[2026-03-07T00:31:17.620Z] OPTIONS /api/entries/73?periodo=2026
[2026-03-07T00:31:17.620Z] OPTIONS /api/entries/72?periodo=2026
[2026-03-07T00:31:17.620Z] OPTIONS /api/entries/75?periodo=2026
[2026-03-07T00:31:17.620Z] OPTIONS /api/entries/74?periodo=2026
[2026-03-07T00:31:17.621Z] OPTIONS /api/entries/77?periodo=2026
[2026-03-07T00:31:17.621Z] OPTIONS /api/entries/78?periodo=2026
[2026-03-07T00:31:17.621Z] OPTIONS /api/entries/76?periodo=2026
[2026-03-07T00:31:17.621Z] OPTIONS /api/entries/79?periodo=2026
[2026-03-07T00:31:17.622Z] OPTIONS /api/entries/81?periodo=2026
[2026-03-07T00:31:17.622Z] OPTIONS /api/entries/82?periodo=2026
[2026-03-07T00:31:17.622Z] OPTIONS /api/entries/83?periodo=2026
[2026-03-07T00:31:17.623Z] OPTIONS /api/entries/84?periodo=2026
[2026-03-07T00:31:17.623Z] OPTIONS /api/entries/85?periodo=2026
[2026-03-07T00:31:17.623Z] OPTIONS /api/entries/86?periodo=2026
[2026-03-07T00:31:17.623Z] OPTIONS /api/entries/87?periodo=2026
[2026-03-07T00:31:17.623Z] OPTIONS /api/entries/91?periodo=2026
[2026-03-07T00:31:17.624Z] OPTIONS /api/entries/92?periodo=2026
[2026-03-07T00:31:17.624Z] OPTIONS /api/entries/89?periodo=2026
[2026-03-07T00:31:17.624Z] OPTIONS /api/entries/93?periodo=2026
[2026-03-07T00:31:17.624Z] OPTIONS /api/entries/95?periodo=2026
[2026-03-07T00:31:17.624Z] OPTIONS /api/entries/97?periodo=2026
[2026-03-07T00:31:17.624Z] OPTIONS /api/entries/98?periodo=2026
[2026-03-07T00:31:17.624Z] OPTIONS /api/entries/99?periodo=2026
[2026-03-07T00:31:17.624Z] OPTIONS /api/entries/96?periodo=2026
[2026-03-07T00:31:17.625Z] OPTIONS /api/entries/100?periodo=2026
[2026-03-07T00:31:17.626Z] OPTIONS /api/entries/101?periodo=2026
[2026-03-07T00:31:17.626Z] OPTIONS /api/entries/102?periodo=2026
[2026-03-07T00:31:17.626Z] OPTIONS /api/entries/103?periodo=2026
[2026-03-07T00:31:17.627Z] OPTIONS /api/entries/104?periodo=2026
[2026-03-07T00:31:17.633Z] OPTIONS /api/entries/107?periodo=2026
[2026-03-07T00:31:17.633Z] OPTIONS /api/entries/108?periodo=2026
[2026-03-07T00:31:17.633Z] OPTIONS /api/entries/110?periodo=2026
[2026-03-07T00:31:17.633Z] GET /api/entries/36?periodo=2026
[2026-03-07T00:31:17.634Z] OPTIONS /api/entries/113?periodo=2026
[2026-03-07T00:31:17.634Z] OPTIONS /api/entries/114?periodo=2026
[2026-03-07T00:31:17.634Z] OPTIONS /api/entries/111?periodo=2026
[2026-03-07T00:31:17.634Z] OPTIONS /api/entries/112?periodo=2026
[2026-03-07T00:31:17.634Z] GET /api/entries/37?periodo=2026
[2026-03-07T00:31:17.635Z] GET /api/entries/39?periodo=2026
[2026-03-07T00:31:17.635Z] OPTIONS /api/entries/115?periodo=2026
[2026-03-07T00:31:17.636Z] OPTIONS /api/entries/116?periodo=2026
[2026-03-07T00:31:17.636Z] GET /api/entries/40?periodo=2026
[2026-03-07T00:31:17.637Z] OPTIONS /api/entries/117?periodo=2026
[2026-03-07T00:31:17.637Z] OPTIONS /api/entries/118?periodo=2026
[2026-03-07T00:31:17.637Z] OPTIONS /api/entries/119?periodo=2026
[2026-03-07T00:31:17.637Z] OPTIONS /api/entries/120?periodo=2026
[2026-03-07T00:31:17.638Z] OPTIONS /api/entries/121?periodo=2026
[2026-03-07T00:31:17.638Z] OPTIONS /api/entries/122?periodo=2026
[2026-03-07T00:31:17.638Z] OPTIONS /api/entries/123?periodo=2026
[2026-03-07T00:31:17.638Z] OPTIONS /api/entries/126?periodo=2026
[2026-03-07T00:31:17.638Z] OPTIONS /api/entries/124?periodo=2026
[2026-03-07T00:31:17.638Z] OPTIONS /api/entries/125?periodo=2026
[2026-03-07T00:31:17.638Z] OPTIONS /api/entries/127?periodo=2026
[2026-03-07T00:31:17.639Z] OPTIONS /api/entries/128?periodo=2026
[2026-03-07T00:31:17.640Z] OPTIONS /api/entries/129?periodo=2026
[2026-03-07T00:31:17.640Z] OPTIONS /api/entries/130?periodo=2026
[2026-03-07T00:31:17.640Z] OPTIONS /api/entries/131?periodo=2026
[2026-03-07T00:31:17.640Z] GET /api/entries/41?periodo=2026
[2026-03-07T00:31:17.641Z] GET /api/entries/42?periodo=2026
[2026-03-07T00:31:17.641Z] OPTIONS /api/entries/132?periodo=2026
[2026-03-07T00:31:17.641Z] OPTIONS /api/entries/133?periodo=2026
[2026-03-07T00:31:17.642Z] OPTIONS /api/entries/134?periodo=2026
[2026-03-07T00:31:17.642Z] OPTIONS /api/entries/135?periodo=2026
[2026-03-07T00:31:17.642Z] GET /api/entries/43?periodo=2026
[2026-03-07T00:31:17.642Z] OPTIONS /api/entries/136?periodo=2026
[2026-03-07T00:31:17.642Z] OPTIONS /api/entries/137?periodo=2026
[2026-03-07T00:31:17.643Z] OPTIONS /api/entries/138?periodo=2026
[2026-03-07T00:31:17.643Z] OPTIONS /api/entries/139?periodo=2026
[2026-03-07T00:31:17.643Z] OPTIONS /api/entries/140?periodo=2026
[2026-03-07T00:31:17.644Z] OPTIONS /api/entries/141?periodo=2026
[2026-03-07T00:31:17.644Z] OPTIONS /api/entries/142?periodo=2026
[2026-03-07T00:31:17.644Z] GET /api/entries/45?periodo=2026
[2026-03-07T00:31:17.644Z] GET /api/entries/46?periodo=2026
[2026-03-07T00:31:17.645Z] OPTIONS /api/entries/143?periodo=2026
[2026-03-07T00:31:17.645Z] OPTIONS /api/entries/144?periodo=2026
[2026-03-07T00:31:17.645Z] OPTIONS /api/entries/145?periodo=2026
[2026-03-07T00:31:17.645Z] OPTIONS /api/entries/146?periodo=2026
[2026-03-07T00:31:17.645Z] OPTIONS /api/entries/147?periodo=2026
[2026-03-07T00:31:17.645Z] OPTIONS /api/entries/148?periodo=2026
[2026-03-07T00:31:17.645Z] OPTIONS /api/entries/149?periodo=2026
[2026-03-07T00:31:17.646Z] OPTIONS /api/entries/150?periodo=2026
[2026-03-07T00:31:17.646Z] OPTIONS /api/entries/151?periodo=2026
[2026-03-07T00:31:17.647Z] OPTIONS /api/entries/152?periodo=2026
[2026-03-07T00:31:17.647Z] OPTIONS /api/entries/153?periodo=2026
[2026-03-07T00:31:17.648Z] OPTIONS /api/entries/154?periodo=2026
[2026-03-07T00:31:17.649Z] OPTIONS /api/entries/155?periodo=2026
[2026-03-07T00:31:17.649Z] OPTIONS /api/entries/156?periodo=2026
[2026-03-07T00:31:17.650Z] OPTIONS /api/entries/158?periodo=2026
[2026-03-07T00:31:17.650Z] OPTIONS /api/entries/159?periodo=2026
[2026-03-07T00:31:17.650Z] OPTIONS /api/entries/160?periodo=2026
[2026-03-07T00:31:17.651Z] OPTIONS /api/entries/161?periodo=2026
[2026-03-07T00:31:17.651Z] OPTIONS /api/entries/162?periodo=2026
[2026-03-07T00:31:17.652Z] OPTIONS /api/entries/163?periodo=2026
[2026-03-07T00:31:17.652Z] OPTIONS /api/entries/164?periodo=2026
[2026-03-07T00:31:17.652Z] OPTIONS /api/entries/166?periodo=2026
[2026-03-07T00:31:17.652Z] OPTIONS /api/entries/167?periodo=2026
[2026-03-07T00:31:17.652Z] OPTIONS /api/entries/168?periodo=2026
[2026-03-07T00:31:17.652Z] OPTIONS /api/entries/169?periodo=2026
[2026-03-07T00:31:17.652Z] GET /api/entries/47?periodo=2026
[2026-03-07T00:31:17.653Z] GET /api/entries/48?periodo=2026
[2026-03-07T00:31:17.653Z] GET /api/entries/49?periodo=2026
[2026-03-07T00:31:17.653Z] OPTIONS /api/entries/170?periodo=2026
[2026-03-07T00:31:17.653Z] OPTIONS /api/entries/171?periodo=2026
[2026-03-07T00:31:17.654Z] OPTIONS /api/entries/172?periodo=2026
[2026-03-07T00:31:17.654Z] OPTIONS /api/entries/173?periodo=2026
[2026-03-07T00:31:17.654Z] OPTIONS /api/entries/174?periodo=2026
[2026-03-07T00:31:17.654Z] OPTIONS /api/entries/175?periodo=2026
[2026-03-07T00:31:17.655Z] OPTIONS /api/entries/176?periodo=2026
[2026-03-07T00:31:17.655Z] OPTIONS /api/entries/177?periodo=2026
[2026-03-07T00:31:17.655Z] OPTIONS /api/entries/178?periodo=2026
[2026-03-07T00:31:17.655Z] OPTIONS /api/entries/179?periodo=2026
[2026-03-07T00:31:17.655Z] OPTIONS /api/entries/180?periodo=2026
[2026-03-07T00:31:17.655Z] OPTIONS /api/entries/182?periodo=2026
[2026-03-07T00:31:17.656Z] OPTIONS /api/entries/183?periodo=2026
[2026-03-07T00:31:17.656Z] OPTIONS /api/entries/181?periodo=2026
[2026-03-07T00:31:17.656Z] OPTIONS /api/entries/184?periodo=2026
[2026-03-07T00:31:17.656Z] OPTIONS /api/entries/185?periodo=2026
[2026-03-07T00:31:17.656Z] OPTIONS /api/entries/186?periodo=2026
[2026-03-07T00:31:17.656Z] OPTIONS /api/entries/187?periodo=2026
[2026-03-07T00:31:17.656Z] OPTIONS /api/entries/190?periodo=2026
[2026-03-07T00:31:17.657Z] OPTIONS /api/entries/188?periodo=2026
[2026-03-07T00:31:17.657Z] OPTIONS /api/entries/189?periodo=2026
[2026-03-07T00:31:17.657Z] OPTIONS /api/entries/191?periodo=2026
[2026-03-07T00:31:17.657Z] OPTIONS /api/entries/192?periodo=2026
[2026-03-07T00:31:17.657Z] GET /api/entries/50?periodo=2026
[2026-03-07T00:31:17.658Z] OPTIONS /api/entries/195?periodo=2026
[2026-03-07T00:31:17.658Z] OPTIONS /api/entries/196?periodo=2026
[2026-03-07T00:31:17.658Z] OPTIONS /api/entries/193?periodo=2026
[2026-03-07T00:31:17.658Z] OPTIONS /api/entries/194?periodo=2026
[2026-03-07T00:31:17.658Z] GET /api/entries/51?periodo=2026
[2026-03-07T00:31:17.659Z] OPTIONS /api/entries/197?periodo=2026
[2026-03-07T00:31:17.659Z] OPTIONS /api/entries/198?periodo=2026
[2026-03-07T00:31:17.659Z] OPTIONS /api/entries/199?periodo=2026
[2026-03-07T00:31:17.659Z] OPTIONS /api/entries/200?periodo=2026
[2026-03-07T00:31:17.659Z] GET /api/entries/52?periodo=2026
[2026-03-07T00:31:17.659Z] OPTIONS /api/entries/201?periodo=2026
[2026-03-07T00:31:17.659Z] OPTIONS /api/entries/202?periodo=2026
[2026-03-07T00:31:17.659Z] OPTIONS /api/entries/203?periodo=2026
[2026-03-07T00:31:17.659Z] GET /api/entries/56?periodo=2026
[2026-03-07T00:31:17.660Z] OPTIONS /api/entries/204?periodo=2026
[2026-03-07T00:31:17.660Z] GET /api/entries/53?periodo=2026
[2026-03-07T00:31:17.660Z] OPTIONS /api/entries/205?periodo=2026
[2026-03-07T00:31:17.660Z] GET /api/entries/54?periodo=2026
[2026-03-07T00:31:17.661Z] OPTIONS /api/entries/206?periodo=2026
[2026-03-07T00:31:17.661Z] GET /api/entries/57?periodo=2026
[2026-03-07T00:31:17.661Z] OPTIONS /api/entries/207?periodo=2026
[2026-03-07T00:31:17.661Z] OPTIONS /api/entries/208?periodo=2026
[2026-03-07T00:31:17.661Z] OPTIONS /api/entries/209?periodo=2026
[2026-03-07T00:31:17.661Z] OPTIONS /api/entries/210?periodo=2026
[2026-03-07T00:31:17.661Z] OPTIONS /api/entries/211?periodo=2026
[2026-03-07T00:31:17.661Z] OPTIONS /api/entries/212?periodo=2026
[2026-03-07T00:31:17.661Z] OPTIONS /api/entries/213?periodo=2026
[2026-03-07T00:31:17.662Z] GET /api/entries/58?periodo=2026
[2026-03-07T00:31:17.662Z] OPTIONS /api/entries/214?periodo=2026
[2026-03-07T00:31:17.662Z] OPTIONS /api/entries/215?periodo=2026
[2026-03-07T00:31:17.662Z] OPTIONS /api/entries/216?periodo=2026
[2026-03-07T00:31:17.662Z] OPTIONS /api/entries/217?periodo=2026
[2026-03-07T00:31:17.662Z] OPTIONS /api/entries/218?periodo=2026
[2026-03-07T00:31:17.662Z] GET /api/entries/60?periodo=2026
[2026-03-07T00:31:17.663Z] OPTIONS /api/entries/219?periodo=2026
[2026-03-07T00:31:17.663Z] GET /api/entries/59?periodo=2026
[2026-03-07T00:31:17.663Z] GET /api/entries/62?periodo=2026
[2026-03-07T00:31:17.663Z] GET /api/entries/61?periodo=2026
[2026-03-07T00:31:17.664Z] OPTIONS /api/entries/220?periodo=2026
[2026-03-07T00:31:17.664Z] GET /api/entries/63?periodo=2026
[2026-03-07T00:31:17.666Z] OPTIONS /api/entries/221?periodo=2026
[2026-03-07T00:31:17.666Z] GET /api/entries/65?periodo=2026
[2026-03-07T00:31:17.666Z] GET /api/entries/66?periodo=2026
[2026-03-07T00:31:17.666Z] OPTIONS /api/entries/222?periodo=2026
[2026-03-07T00:31:17.667Z] GET /api/entries/69?periodo=2026
[2026-03-07T00:31:17.667Z] OPTIONS /api/entries/223?periodo=2026
[2026-03-07T00:31:17.667Z] GET /api/entries/67?periodo=2026
[2026-03-07T00:31:17.667Z] GET /api/entries/71?periodo=2026
[2026-03-07T00:31:17.668Z] OPTIONS /api/entries/224?periodo=2026
[2026-03-07T00:31:17.668Z] GET /api/entries/70?periodo=2026
[2026-03-07T00:31:17.668Z] GET /api/entries/73?periodo=2026
[2026-03-07T00:31:17.670Z] OPTIONS /api/entries/225?periodo=2026
[2026-03-07T00:31:17.670Z] GET /api/entries/72?periodo=2026
[2026-03-07T00:31:17.670Z] GET /api/entries/75?periodo=2026
[2026-03-07T00:31:17.671Z] OPTIONS /api/entries/226?periodo=2026
[2026-03-07T00:31:17.672Z] GET /api/entries/74?periodo=2026
[2026-03-07T00:31:17.672Z] OPTIONS /api/entries/228?periodo=2026
[2026-03-07T00:31:17.672Z] OPTIONS /api/entries/229?periodo=2026
[2026-03-07T00:31:17.673Z] OPTIONS /api/entries/230?periodo=2026
[2026-03-07T00:31:17.673Z] OPTIONS /api/entries/233?periodo=2026
[2026-03-07T00:31:17.673Z] OPTIONS /api/entries/234?periodo=2026
[2026-03-07T00:31:17.673Z] GET /api/entries/77?periodo=2026
[2026-03-07T00:31:17.674Z] GET /api/entries/76?periodo=2026
[2026-03-07T00:31:17.674Z] OPTIONS /api/entries/235?periodo=2026
[2026-03-07T00:31:17.674Z] GET /api/entries/78?periodo=2026
[2026-03-07T00:31:17.674Z] OPTIONS /api/entries/237?periodo=2026
[2026-03-07T00:31:17.674Z] OPTIONS /api/entries/236?periodo=2026
[2026-03-07T00:31:17.675Z] GET /api/entries/79?periodo=2026
[2026-03-07T00:31:17.675Z] GET /api/entries/81?periodo=2026
[2026-03-07T00:31:17.676Z] OPTIONS /api/entries/238?periodo=2026
[2026-03-07T00:31:17.676Z] GET /api/entries/82?periodo=2026
[2026-03-07T00:31:17.677Z] OPTIONS /api/entries/239?periodo=2026
[2026-03-07T00:31:17.677Z] OPTIONS /api/entries/240?periodo=2026
[2026-03-07T00:31:17.677Z] OPTIONS /api/entries/242?periodo=2026
[2026-03-07T00:31:17.677Z] OPTIONS /api/entries/243?periodo=2026
[2026-03-07T00:31:17.677Z] OPTIONS /api/entries/244?periodo=2026
[2026-03-07T00:31:17.678Z] OPTIONS /api/entries/245?periodo=2026
[2026-03-07T00:31:17.678Z] GET /api/entries/83?periodo=2026
[2026-03-07T00:31:17.678Z] GET /api/entries/84?periodo=2026
[2026-03-07T00:31:17.679Z] OPTIONS /api/entries/246?periodo=2026
[2026-03-07T00:31:17.679Z] OPTIONS /api/entries/247?periodo=2026
[2026-03-07T00:31:17.679Z] OPTIONS /api/entries/248?periodo=2026
[2026-03-07T00:31:17.679Z] OPTIONS /api/entries/249?periodo=2026
[2026-03-07T00:31:17.679Z] GET /api/entries/85?periodo=2026
[2026-03-07T00:31:17.680Z] GET /api/entries/86?periodo=2026
[2026-03-07T00:31:17.681Z] GET /api/entries/87?periodo=2026
[2026-03-07T00:31:17.681Z] OPTIONS /api/entries/250?periodo=2026
[2026-03-07T00:31:17.681Z] OPTIONS /api/entries/251?periodo=2026
[2026-03-07T00:31:17.682Z] OPTIONS /api/entries/252?periodo=2026
[2026-03-07T00:31:17.682Z] GET /api/entries/91?periodo=2026
[2026-03-07T00:31:17.682Z] GET /api/entries/89?periodo=2026
[2026-03-07T00:31:17.682Z] OPTIONS /api/entries/253?periodo=2026
[2026-03-07T00:31:17.682Z] GET /api/entries/92?periodo=2026
[2026-03-07T00:31:17.683Z] GET /api/entries/95?periodo=2026
[2026-03-07T00:31:17.683Z] GET /api/entries/93?periodo=2026
[2026-03-07T00:31:17.684Z] OPTIONS /api/entries/254?periodo=2026
[2026-03-07T00:31:17.684Z] GET /api/entries/97?periodo=2026
[2026-03-07T00:31:17.685Z] OPTIONS /api/entries/255?periodo=2026
[2026-03-07T00:31:17.685Z] GET /api/entries/98?periodo=2026
[2026-03-07T00:31:17.685Z] OPTIONS /api/entries/257?periodo=2026
[2026-03-07T00:31:17.685Z] GET /api/entries/99?periodo=2026
[2026-03-07T00:31:17.686Z] GET /api/entries/96?periodo=2026
[2026-03-07T00:31:17.686Z] OPTIONS /api/entries/258?periodo=2026
[2026-03-07T00:31:17.687Z] OPTIONS /api/entries/259?periodo=2026
[2026-03-07T00:31:17.687Z] OPTIONS /api/entries/260?periodo=2026
[2026-03-07T00:31:17.687Z] OPTIONS /api/entries/261?periodo=2026
[2026-03-07T00:31:17.687Z] OPTIONS /api/entries/262?periodo=2026
[2026-03-07T00:31:17.688Z] OPTIONS /api/entries/263?periodo=2026
[2026-03-07T00:31:17.688Z] OPTIONS /api/entries/264?periodo=2026
[2026-03-07T00:31:17.688Z] OPTIONS /api/entries/265?periodo=2026
[2026-03-07T00:31:17.688Z] OPTIONS /api/entries/266?periodo=2026
[2026-03-07T00:31:17.688Z] GET /api/entries/100?periodo=2026
[2026-03-07T00:31:17.688Z] OPTIONS /api/entries/267?periodo=2026
[2026-03-07T00:31:17.688Z] OPTIONS /api/entries/268?periodo=2026
[2026-03-07T00:31:17.689Z] OPTIONS /api/entries/269?periodo=2026
[2026-03-07T00:31:17.689Z] GET /api/entries/101?periodo=2026
[2026-03-07T00:31:17.689Z] GET /api/entries/102?periodo=2026
[2026-03-07T00:31:17.689Z] GET /api/entries/103?periodo=2026
[2026-03-07T00:31:17.690Z] OPTIONS /api/entries/270?periodo=2026
[2026-03-07T00:31:17.690Z] OPTIONS /api/entries/271?periodo=2026
[2026-03-07T00:31:17.690Z] OPTIONS /api/entries/272?periodo=2026
[2026-03-07T00:31:17.690Z] OPTIONS /api/entries/273?periodo=2026
[2026-03-07T00:31:17.690Z] OPTIONS /api/entries/275?periodo=2026
[2026-03-07T00:31:17.691Z] OPTIONS /api/entries/274?periodo=2026
[2026-03-07T00:31:17.691Z] GET /api/entries/104?periodo=2026
[2026-03-07T00:31:17.691Z] OPTIONS /api/entries/278?periodo=2026
[2026-03-07T00:31:17.691Z] OPTIONS /api/entries/276?periodo=2026
[2026-03-07T00:31:17.691Z] OPTIONS /api/entries/277?periodo=2026
[2026-03-07T00:31:17.691Z] OPTIONS /api/entries/280?periodo=2026
[2026-03-07T00:31:17.691Z] OPTIONS /api/entries/281?periodo=2026
[2026-03-07T00:31:17.691Z] OPTIONS /api/entries/279?periodo=2026
[2026-03-07T00:31:17.691Z] OPTIONS /api/entries/283?periodo=2026
[2026-03-07T00:31:17.692Z] OPTIONS /api/entries/282?periodo=2026
[2026-03-07T00:31:17.692Z] OPTIONS /api/entries/284?periodo=2026
[2026-03-07T00:31:17.692Z] OPTIONS /api/entries/285?periodo=2026
[2026-03-07T00:31:17.692Z] OPTIONS /api/entries/286?periodo=2026
[2026-03-07T00:31:17.692Z] OPTIONS /api/entries/288?periodo=2026
[2026-03-07T00:31:17.692Z] OPTIONS /api/entries/293?periodo=2026
[2026-03-07T00:31:17.692Z] OPTIONS /api/entries/289?periodo=2026
[2026-03-07T00:31:17.693Z] OPTIONS /api/entries/290?periodo=2026
[2026-03-07T00:31:17.693Z] OPTIONS /api/entries/291?periodo=2026
[2026-03-07T00:31:17.693Z] OPTIONS /api/entries/292?periodo=2026
[2026-03-07T00:31:17.694Z] OPTIONS /api/entries/294?periodo=2026
[2026-03-07T00:31:17.694Z] OPTIONS /api/entries/295?periodo=2026
[2026-03-07T00:31:17.694Z] OPTIONS /api/entries/296?periodo=2026
[2026-03-07T00:31:17.694Z] OPTIONS /api/entries/297?periodo=2026
[2026-03-07T00:31:17.694Z] OPTIONS /api/entries/298?periodo=2026
[2026-03-07T00:31:17.694Z] OPTIONS /api/entries/300?periodo=2026
[2026-03-07T00:31:17.694Z] OPTIONS /api/entries/301?periodo=2026
[2026-03-07T00:31:17.694Z] OPTIONS /api/entries/302?periodo=2026
[2026-03-07T00:31:17.694Z] OPTIONS /api/entries/299?periodo=2026
[2026-03-07T00:31:17.694Z] OPTIONS /api/entries/303?periodo=2026
[2026-03-07T00:31:17.694Z] OPTIONS /api/entries/304?periodo=2026
[2026-03-07T00:31:17.694Z] OPTIONS /api/entries/305?periodo=2026
[2026-03-07T00:31:17.694Z] OPTIONS /api/entries/306?periodo=2026
[2026-03-07T00:31:17.695Z] OPTIONS /api/entries/307?periodo=2026
[2026-03-07T00:31:17.695Z] OPTIONS /api/entries/308?periodo=2026
[2026-03-07T00:31:17.695Z] OPTIONS /api/entries/309?periodo=2026
[2026-03-07T00:31:17.695Z] OPTIONS /api/entries/311?periodo=2026
[2026-03-07T00:31:17.696Z] OPTIONS /api/entries/312?periodo=2026
[2026-03-07T00:31:17.696Z] OPTIONS /api/entries/313?periodo=2026
[2026-03-07T00:31:17.696Z] OPTIONS /api/entries/318?periodo=2026
[2026-03-07T00:31:17.696Z] OPTIONS /api/entries/314?periodo=2026
[2026-03-07T00:31:17.696Z] OPTIONS /api/entries/315?periodo=2026
[2026-03-07T00:31:17.697Z] OPTIONS /api/entries/316?periodo=2026
[2026-03-07T00:31:17.697Z] OPTIONS /api/entries/317?periodo=2026
[2026-03-07T00:31:17.697Z] GET /api/entries/108?periodo=2026
[2026-03-07T00:31:17.697Z] GET /api/entries/110?periodo=2026
[2026-03-07T00:31:17.698Z] OPTIONS /api/entries/322?periodo=2026
[2026-03-07T00:31:17.698Z] GET /api/entries/107?periodo=2026
[2026-03-07T00:31:17.698Z] GET /api/entries/113?periodo=2026
[2026-03-07T00:31:17.698Z] OPTIONS /api/entries/324?periodo=2026
[2026-03-07T00:31:17.698Z] OPTIONS /api/entries/325?periodo=2026
[2026-03-07T00:31:17.698Z] GET /api/entries/114?periodo=2026
[2026-03-07T00:31:17.699Z] OPTIONS /api/entries/326?periodo=2026
[2026-03-07T00:31:17.699Z] GET /api/entries/111?periodo=2026
[2026-03-07T00:31:17.700Z] GET /api/entries/112?periodo=2026
[2026-03-07T00:31:17.700Z] OPTIONS /api/entries/327?periodo=2026
[2026-03-07T00:31:17.700Z] OPTIONS /api/entries/328?periodo=2026
[2026-03-07T00:31:17.700Z] OPTIONS /api/entries/329?periodo=2026
[2026-03-07T00:31:17.700Z] OPTIONS /api/entries/331?periodo=2026
[2026-03-07T00:31:17.700Z] OPTIONS /api/entries/332?periodo=2026
[2026-03-07T00:31:17.700Z] OPTIONS /api/entries/330?periodo=2026
[2026-03-07T00:31:17.700Z] OPTIONS /api/entries/333?periodo=2026
[2026-03-07T00:31:17.701Z] GET /api/entries/115?periodo=2026
[2026-03-07T00:31:17.702Z] OPTIONS /api/entries/336?periodo=2026
[2026-03-07T00:31:17.702Z] OPTIONS /api/entries/334?periodo=2026
[2026-03-07T00:31:17.702Z] OPTIONS /api/entries/335?periodo=2026
[2026-03-07T00:31:17.702Z] GET /api/entries/116?periodo=2026
[2026-03-07T00:31:17.703Z] OPTIONS /api/entries/337?periodo=2026
[2026-03-07T00:31:17.703Z] OPTIONS /api/entries/341?periodo=2026
[2026-03-07T00:31:17.703Z] OPTIONS /api/entries/342?periodo=2026
[2026-03-07T00:31:17.703Z] OPTIONS /api/entries/343?periodo=2026
[2026-03-07T00:31:17.703Z] GET /api/entries/117?periodo=2026
[2026-03-07T00:31:17.704Z] GET /api/entries/118?periodo=2026
[2026-03-07T00:31:17.704Z] GET /api/entries/119?periodo=2026
[2026-03-07T00:31:17.704Z] OPTIONS /api/entries/344?periodo=2026
[2026-03-07T00:31:17.705Z] GET /api/entries/120?periodo=2026
[2026-03-07T00:31:17.705Z] OPTIONS /api/entries/347?periodo=2026
[2026-03-07T00:31:17.705Z] OPTIONS /api/entries/348?periodo=2026
[2026-03-07T00:31:17.705Z] GET /api/entries/121?periodo=2026
[2026-03-07T00:31:17.706Z] GET /api/entries/122?periodo=2026
[2026-03-07T00:31:17.708Z] GET /api/entries/123?periodo=2026
[2026-03-07T00:31:17.708Z] GET /api/entries/126?periodo=2026
[2026-03-07T00:31:17.708Z] GET /api/entries/124?periodo=2026
[2026-03-07T00:31:17.709Z] GET /api/entries/125?periodo=2026
[2026-03-07T00:31:17.709Z] OPTIONS /api/entries/349?periodo=2026
[2026-03-07T00:31:17.709Z] GET /api/entries/127?periodo=2026
[2026-03-07T00:31:17.710Z] OPTIONS /api/entries/350?periodo=2026
[2026-03-07T00:31:17.710Z] OPTIONS /api/entries/351?periodo=2026
[2026-03-07T00:31:17.711Z] OPTIONS /api/entries/352?periodo=2026
[2026-03-07T00:31:17.711Z] OPTIONS /api/entries/353?periodo=2026
[2026-03-07T00:31:17.711Z] OPTIONS /api/entries/354?periodo=2026
[2026-03-07T00:31:17.711Z] OPTIONS /api/entries/357?periodo=2026
[2026-03-07T00:31:17.711Z] OPTIONS /api/entries/356?periodo=2026
[2026-03-07T00:31:17.711Z] OPTIONS /api/entries/358?periodo=2026
[2026-03-07T00:31:17.711Z] OPTIONS /api/entries/355?periodo=2026
[2026-03-07T00:31:17.712Z] OPTIONS /api/entries/359?periodo=2026
[2026-03-07T00:31:17.712Z] GET /api/entries/128?periodo=2026
[2026-03-07T00:31:17.712Z] GET /api/entries/129?periodo=2026
[2026-03-07T00:31:17.713Z] OPTIONS /api/entries/360?periodo=2026
[2026-03-07T00:31:17.713Z] GET /api/entries/130?periodo=2026
[2026-03-07T00:31:17.713Z] GET /api/entries/131?periodo=2026
[2026-03-07T00:31:17.714Z] OPTIONS /api/entries/361?periodo=2026
[2026-03-07T00:31:17.715Z] OPTIONS /api/entries/362?periodo=2026
[2026-03-07T00:31:17.715Z] OPTIONS /api/entries/363?periodo=2026
[2026-03-07T00:31:17.715Z] OPTIONS /api/entries/364?periodo=2026
[2026-03-07T00:31:17.715Z] OPTIONS /api/entries/365?periodo=2026
[2026-03-07T00:31:17.715Z] OPTIONS /api/entries/366?periodo=2026
[2026-03-07T00:31:17.715Z] OPTIONS /api/entries/367?periodo=2026
[2026-03-07T00:31:17.716Z] GET /api/entries/132?periodo=2026
[2026-03-07T00:31:17.716Z] OPTIONS /api/entries/369?periodo=2026
[2026-03-07T00:31:17.716Z] GET /api/entries/133?periodo=2026
[2026-03-07T00:31:17.716Z] GET /api/entries/134?periodo=2026
[2026-03-07T00:31:17.717Z] OPTIONS /api/entries/368?periodo=2026
[2026-03-07T00:31:17.717Z] OPTIONS /api/entries/370?periodo=2026
[2026-03-07T00:31:17.717Z] GET /api/entries/135?periodo=2026
[2026-03-07T00:31:17.717Z] OPTIONS /api/entries/372?periodo=2026
[2026-03-07T00:31:17.717Z] OPTIONS /api/entries/371?periodo=2026
[2026-03-07T00:31:17.717Z] OPTIONS /api/entries/373?periodo=2026
[2026-03-07T00:31:17.718Z] GET /api/entries/136?periodo=2026
[2026-03-07T00:31:17.718Z] GET /api/entries/137?periodo=2026
[2026-03-07T00:31:17.718Z] OPTIONS /api/entries/374?periodo=2026
[2026-03-07T00:31:17.718Z] GET /api/entries/138?periodo=2026
[2026-03-07T00:31:17.719Z] OPTIONS /api/entries/375?periodo=2026
[2026-03-07T00:31:17.719Z] GET /api/entries/139?periodo=2026
[2026-03-07T00:31:17.719Z] GET /api/entries/140?periodo=2026
[2026-03-07T00:31:17.720Z] OPTIONS /api/entries/376?periodo=2026
[2026-03-07T00:31:17.721Z] GET /api/entries/141?periodo=2026
[2026-03-07T00:31:17.722Z] GET /api/entries/142?periodo=2026
[2026-03-07T00:31:17.723Z] OPTIONS /api/entries/377?periodo=2026
[2026-03-07T00:31:17.723Z] OPTIONS /api/entries/378?periodo=2026
[2026-03-07T00:31:17.724Z] OPTIONS /api/entries/379?periodo=2026
[2026-03-07T00:31:17.724Z] OPTIONS /api/entries/380?periodo=2026
[2026-03-07T00:31:17.724Z] OPTIONS /api/entries/381?periodo=2026
[2026-03-07T00:31:17.724Z] GET /api/entries/143?periodo=2026
[2026-03-07T00:31:17.724Z] GET /api/entries/144?periodo=2026
[2026-03-07T00:31:17.725Z] OPTIONS /api/entries/382?periodo=2026
[2026-03-07T00:31:17.726Z] GET /api/entries/147?periodo=2026
[2026-03-07T00:31:17.727Z] GET /api/entries/145?periodo=2026
[2026-03-07T00:31:17.727Z] GET /api/entries/146?periodo=2026
[2026-03-07T00:31:17.728Z] GET /api/entries/148?periodo=2026
[2026-03-07T00:31:17.729Z] OPTIONS /api/entries/383?periodo=2026
[2026-03-07T00:31:17.730Z] GET /api/entries/149?periodo=2026
[2026-03-07T00:31:17.731Z] OPTIONS /api/entries/385?periodo=2026
[2026-03-07T00:31:17.731Z] OPTIONS /api/entries/384?periodo=2026
[2026-03-07T00:31:17.732Z] OPTIONS /api/entries/386?periodo=2026
[2026-03-07T00:31:17.732Z] OPTIONS /api/entries/387?periodo=2026
[2026-03-07T00:31:17.732Z] GET /api/entries/150?periodo=2026
[2026-03-07T00:31:17.732Z] GET /api/entries/151?periodo=2026
[2026-03-07T00:31:17.733Z] OPTIONS /api/entries/388?periodo=2026
[2026-03-07T00:31:17.734Z] OPTIONS /api/entries/389?periodo=2026
[2026-03-07T00:31:17.734Z] GET /api/entries/152?periodo=2026
[2026-03-07T00:31:17.734Z] GET /api/entries/153?periodo=2026
[2026-03-07T00:31:17.735Z] GET /api/entries/154?periodo=2026
[2026-03-07T00:31:17.742Z] OPTIONS /api/entries/390?periodo=2026
[2026-03-07T00:31:17.742Z] OPTIONS /api/entries/391?periodo=2026
[2026-03-07T00:31:17.742Z] OPTIONS /api/entries/392?periodo=2026
[2026-03-07T00:31:17.742Z] OPTIONS /api/entries/394?periodo=2026
[2026-03-07T00:31:17.742Z] OPTIONS /api/entries/393?periodo=2026
[2026-03-07T00:31:17.742Z] OPTIONS /api/entries/397?periodo=2026
[2026-03-07T00:31:17.743Z] OPTIONS /api/entries/395?periodo=2026
[2026-03-07T00:31:17.743Z] OPTIONS /api/entries/396?periodo=2026
[2026-03-07T00:31:17.743Z] OPTIONS /api/entries/398?periodo=2026
[2026-03-07T00:31:17.743Z] OPTIONS /api/entries/399?periodo=2026
[2026-03-07T00:31:17.743Z] OPTIONS /api/entries/403?periodo=2026
[2026-03-07T00:31:17.743Z] OPTIONS /api/entries/400?periodo=2026
[2026-03-07T00:31:17.744Z] OPTIONS /api/entries/401?periodo=2026
[2026-03-07T00:31:17.744Z] OPTIONS /api/entries/402?periodo=2026
[2026-03-07T00:31:17.744Z] GET /api/entries/155?periodo=2026
[2026-03-07T00:31:17.744Z] OPTIONS /api/entries/406?periodo=2026
[2026-03-07T00:31:17.744Z] OPTIONS /api/entries/404?periodo=2026
[2026-03-07T00:31:17.744Z] OPTIONS /api/entries/405?periodo=2026
[2026-03-07T00:31:17.744Z] OPTIONS /api/entries/407?periodo=2026
[2026-03-07T00:31:17.744Z] GET /api/entries/156?periodo=2026
[2026-03-07T00:31:17.745Z] GET /api/entries/158?periodo=2026
[2026-03-07T00:31:17.745Z] OPTIONS /api/entries/408?periodo=2026
[2026-03-07T00:31:17.745Z] GET /api/entries/159?periodo=2026
[2026-03-07T00:31:17.746Z] OPTIONS /api/entries/409?periodo=2026
[2026-03-07T00:31:17.746Z] OPTIONS /api/entries/410?periodo=2026
[2026-03-07T00:31:17.746Z] OPTIONS /api/entries/411?periodo=2026
[2026-03-07T00:31:17.746Z] GET /api/entries/160?periodo=2026
[2026-03-07T00:31:17.746Z] OPTIONS /api/entries/413?periodo=2026
[2026-03-07T00:31:17.746Z] OPTIONS /api/entries/412?periodo=2026
[2026-03-07T00:31:17.747Z] OPTIONS /api/entries/414?periodo=2026
[2026-03-07T00:31:17.747Z] OPTIONS /api/entries/415?periodo=2026
[2026-03-07T00:31:17.747Z] OPTIONS /api/entries/416?periodo=2026
[2026-03-07T00:31:17.748Z] GET /api/entries/161?periodo=2026
[2026-03-07T00:31:17.748Z] OPTIONS /api/entries/417?periodo=2026
[2026-03-07T00:31:17.748Z] GET /api/entries/162?periodo=2026
[2026-03-07T00:31:17.749Z] GET /api/entries/166?periodo=2026
[2026-03-07T00:31:17.749Z] GET /api/entries/163?periodo=2026
[2026-03-07T00:31:17.749Z] GET /api/entries/164?periodo=2026
[2026-03-07T00:31:17.750Z] GET /api/entries/167?periodo=2026
[2026-03-07T00:31:17.751Z] GET /api/entries/168?periodo=2026
[2026-03-07T00:31:17.751Z] GET /api/entries/169?periodo=2026
[2026-03-07T00:31:17.752Z] GET /api/entries/170?periodo=2026
[2026-03-07T00:31:17.752Z] GET /api/entries/171?periodo=2026
[2026-03-07T00:31:17.753Z] GET /api/entries/172?periodo=2026
[2026-03-07T00:31:17.753Z] GET /api/entries/173?periodo=2026
[2026-03-07T00:31:17.754Z] GET /api/entries/174?periodo=2026
[2026-03-07T00:31:17.755Z] GET /api/entries/175?periodo=2026
[2026-03-07T00:31:17.755Z] GET /api/entries/176?periodo=2026
[2026-03-07T00:31:17.756Z] GET /api/entries/177?periodo=2026
[2026-03-07T00:31:17.757Z] GET /api/entries/178?periodo=2026
[2026-03-07T00:31:17.757Z] GET /api/entries/179?periodo=2026
[2026-03-07T00:31:17.758Z] GET /api/entries/180?periodo=2026
[2026-03-07T00:31:17.758Z] GET /api/entries/182?periodo=2026
[2026-03-07T00:31:17.759Z] GET /api/entries/183?periodo=2026
[2026-03-07T00:31:17.759Z] GET /api/entries/181?periodo=2026
[2026-03-07T00:31:17.760Z] GET /api/entries/184?periodo=2026
[2026-03-07T00:31:17.760Z] GET /api/entries/185?periodo=2026
[2026-03-07T00:31:17.760Z] GET /api/entries/187?periodo=2026
[2026-03-07T00:31:17.761Z] GET /api/entries/186?periodo=2026
[2026-03-07T00:31:17.761Z] GET /api/entries/188?periodo=2026
[2026-03-07T00:31:17.762Z] GET /api/entries/190?periodo=2026
[2026-03-07T00:31:17.763Z] GET /api/entries/189?periodo=2026
[2026-03-07T00:31:17.763Z] GET /api/entries/191?periodo=2026
[2026-03-07T00:31:17.764Z] GET /api/entries/192?periodo=2026
[2026-03-07T00:31:17.765Z] GET /api/entries/195?periodo=2026
[2026-03-07T00:31:17.766Z] GET /api/entries/196?periodo=2026
[2026-03-07T00:31:17.766Z] GET /api/entries/193?periodo=2026
[2026-03-07T00:31:17.766Z] GET /api/entries/194?periodo=2026
[2026-03-07T00:31:17.767Z] GET /api/entries/197?periodo=2026
[2026-03-07T00:31:17.767Z] GET /api/entries/198?periodo=2026
[2026-03-07T00:31:17.768Z] GET /api/entries/199?periodo=2026
[2026-03-07T00:31:17.773Z] GET /api/entries/200?periodo=2026
[2026-03-07T00:31:17.774Z] GET /api/entries/201?periodo=2026
[2026-03-07T00:31:17.775Z] GET /api/entries/202?periodo=2026
[2026-03-07T00:31:17.778Z] GET /api/entries/203?periodo=2026
[2026-03-07T00:31:17.778Z] GET /api/entries/204?periodo=2026
[2026-03-07T00:31:17.778Z] GET /api/entries/205?periodo=2026
[2026-03-07T00:31:17.779Z] GET /api/entries/206?periodo=2026
[2026-03-07T00:31:17.779Z] GET /api/entries/207?periodo=2026
[2026-03-07T00:31:17.780Z] GET /api/entries/208?periodo=2026
[2026-03-07T00:31:17.781Z] GET /api/entries/209?periodo=2026
[2026-03-07T00:31:17.782Z] GET /api/entries/210?periodo=2026
[2026-03-07T00:31:17.782Z] GET /api/entries/211?periodo=2026
[2026-03-07T00:31:17.783Z] GET /api/entries/212?periodo=2026
[2026-03-07T00:31:17.783Z] GET /api/entries/213?periodo=2026
[2026-03-07T00:31:17.783Z] GET /api/entries/214?periodo=2026
[2026-03-07T00:31:17.784Z] GET /api/entries/215?periodo=2026
[2026-03-07T00:31:17.784Z] GET /api/entries/216?periodo=2026
[2026-03-07T00:31:17.787Z] GET /api/entries/217?periodo=2026
[2026-03-07T00:31:17.787Z] GET /api/entries/218?periodo=2026
[2026-03-07T00:31:17.788Z] GET /api/entries/219?periodo=2026
[2026-03-07T00:31:17.788Z] GET /api/entries/220?periodo=2026
[2026-03-07T00:31:17.788Z] GET /api/entries/221?periodo=2026
[2026-03-07T00:31:17.789Z] GET /api/entries/222?periodo=2026
[2026-03-07T00:31:17.790Z] GET /api/entries/223?periodo=2026
[2026-03-07T00:31:17.791Z] GET /api/entries/224?periodo=2026
[2026-03-07T00:31:17.791Z] GET /api/entries/225?periodo=2026
[2026-03-07T00:31:17.792Z] GET /api/entries/226?periodo=2026
[2026-03-07T00:31:17.793Z] GET /api/entries/228?periodo=2026
[2026-03-07T00:31:17.793Z] GET /api/entries/229?periodo=2026
[2026-03-07T00:31:17.794Z] GET /api/entries/230?periodo=2026
[2026-03-07T00:31:17.794Z] GET /api/entries/233?periodo=2026
[2026-03-07T00:31:17.795Z] GET /api/entries/234?periodo=2026
[2026-03-07T00:31:17.795Z] GET /api/entries/235?periodo=2026
[2026-03-07T00:31:17.796Z] GET /api/entries/237?periodo=2026
[2026-03-07T00:31:17.796Z] GET /api/entries/236?periodo=2026
[2026-03-07T00:31:17.797Z] GET /api/entries/238?periodo=2026
[2026-03-07T00:31:17.797Z] GET /api/entries/239?periodo=2026
[2026-03-07T00:31:17.797Z] GET /api/entries/240?periodo=2026
[2026-03-07T00:31:17.799Z] GET /api/entries/242?periodo=2026
[2026-03-07T00:31:17.799Z] GET /api/entries/244?periodo=2026
[2026-03-07T00:31:17.800Z] GET /api/entries/243?periodo=2026
[2026-03-07T00:31:17.800Z] GET /api/entries/245?periodo=2026
[2026-03-07T00:31:17.801Z] GET /api/entries/246?periodo=2026
[2026-03-07T00:31:17.801Z] GET /api/entries/247?periodo=2026
[2026-03-07T00:31:17.801Z] GET /api/entries/248?periodo=2026
[2026-03-07T00:31:17.802Z] GET /api/entries/249?periodo=2026
[2026-03-07T00:31:17.802Z] GET /api/entries/250?periodo=2026
[2026-03-07T00:31:17.802Z] GET /api/entries/251?periodo=2026
[2026-03-07T00:31:17.805Z] GET /api/entries/252?periodo=2026
[2026-03-07T00:31:17.808Z] GET /api/entries/253?periodo=2026
[2026-03-07T00:31:17.808Z] GET /api/entries/254?periodo=2026
[2026-03-07T00:31:17.809Z] GET /api/entries/255?periodo=2026
[2026-03-07T00:31:17.810Z] GET /api/entries/257?periodo=2026
[2026-03-07T00:31:17.810Z] GET /api/entries/258?periodo=2026
[2026-03-07T00:31:17.811Z] GET /api/entries/259?periodo=2026
[2026-03-07T00:31:17.812Z] GET /api/entries/260?periodo=2026
[2026-03-07T00:31:17.812Z] GET /api/entries/261?periodo=2026
[2026-03-07T00:31:17.813Z] GET /api/entries/262?periodo=2026
[2026-03-07T00:31:17.813Z] GET /api/entries/263?periodo=2026
[2026-03-07T00:31:17.814Z] GET /api/entries/264?periodo=2026
[2026-03-07T00:31:17.816Z] GET /api/entries/265?periodo=2026
[2026-03-07T00:31:17.816Z] GET /api/entries/266?periodo=2026
[2026-03-07T00:31:17.817Z] GET /api/entries/267?periodo=2026
[2026-03-07T00:31:17.817Z] GET /api/entries/268?periodo=2026
[2026-03-07T00:31:17.817Z] GET /api/entries/269?periodo=2026
[2026-03-07T00:31:17.818Z] GET /api/entries/270?periodo=2026
[2026-03-07T00:31:17.819Z] GET /api/entries/271?periodo=2026
[2026-03-07T00:31:17.820Z] GET /api/entries/272?periodo=2026
[2026-03-07T00:31:17.821Z] GET /api/entries/273?periodo=2026
[2026-03-07T00:31:17.821Z] GET /api/entries/275?periodo=2026
[2026-03-07T00:31:17.822Z] GET /api/entries/274?periodo=2026
[2026-03-07T00:31:17.822Z] GET /api/entries/278?periodo=2026
[2026-03-07T00:31:17.823Z] GET /api/entries/276?periodo=2026
[2026-03-07T00:31:17.824Z] GET /api/entries/277?periodo=2026
[2026-03-07T00:31:17.825Z] GET /api/entries/280?periodo=2026
[2026-03-07T00:31:17.825Z] GET /api/entries/281?periodo=2026
[2026-03-07T00:31:17.825Z] GET /api/entries/283?periodo=2026
[2026-03-07T00:31:17.826Z] GET /api/entries/279?periodo=2026
[2026-03-07T00:31:17.826Z] GET /api/entries/282?periodo=2026
[2026-03-07T00:31:17.828Z] GET /api/entries/284?periodo=2026
[2026-03-07T00:31:17.830Z] GET /api/entries/285?periodo=2026
[2026-03-07T00:31:17.830Z] GET /api/entries/286?periodo=2026
[2026-03-07T00:31:17.831Z] GET /api/entries/288?periodo=2026
[2026-03-07T00:31:17.831Z] GET /api/entries/293?periodo=2026
[2026-03-07T00:31:17.832Z] GET /api/entries/289?periodo=2026
[2026-03-07T00:31:17.833Z] GET /api/entries/290?periodo=2026
[2026-03-07T00:31:17.833Z] GET /api/entries/291?periodo=2026
[2026-03-07T00:31:17.833Z] GET /api/entries/292?periodo=2026
[2026-03-07T00:31:17.834Z] GET /api/entries/294?periodo=2026
[2026-03-07T00:31:17.834Z] GET /api/entries/295?periodo=2026
[2026-03-07T00:31:17.834Z] GET /api/entries/296?periodo=2026
[2026-03-07T00:31:17.835Z] GET /api/entries/297?periodo=2026
[2026-03-07T00:31:17.835Z] GET /api/entries/298?periodo=2026
[2026-03-07T00:31:17.836Z] GET /api/entries/300?periodo=2026
[2026-03-07T00:31:17.837Z] GET /api/entries/301?periodo=2026
[2026-03-07T00:31:17.838Z] GET /api/entries/303?periodo=2026
[2026-03-07T00:31:17.839Z] GET /api/entries/299?periodo=2026
[2026-03-07T00:31:17.840Z] GET /api/entries/304?periodo=2026
[2026-03-07T00:31:17.841Z] GET /api/entries/302?periodo=2026
[2026-03-07T00:31:17.841Z] GET /api/entries/305?periodo=2026
[2026-03-07T00:31:17.842Z] GET /api/entries/306?periodo=2026
[2026-03-07T00:31:17.843Z] GET /api/entries/307?periodo=2026
[2026-03-07T00:31:17.843Z] GET /api/entries/308?periodo=2026
[2026-03-07T00:31:17.844Z] GET /api/entries/309?periodo=2026
[2026-03-07T00:31:17.844Z] GET /api/entries/311?periodo=2026
[2026-03-07T00:31:17.844Z] GET /api/entries/312?periodo=2026
[2026-03-07T00:31:17.845Z] GET /api/entries/313?periodo=2026
[2026-03-07T00:31:17.845Z] GET /api/entries/318?periodo=2026
[2026-03-07T00:31:17.846Z] GET /api/entries/314?periodo=2026
[2026-03-07T00:31:17.847Z] GET /api/entries/315?periodo=2026
[2026-03-07T00:31:17.848Z] GET /api/entries/316?periodo=2026
[2026-03-07T00:31:17.848Z] GET /api/entries/317?periodo=2026
[2026-03-07T00:31:17.849Z] GET /api/entries/322?periodo=2026
[2026-03-07T00:31:17.849Z] GET /api/entries/324?periodo=2026
[2026-03-07T00:31:17.850Z] GET /api/entries/325?periodo=2026
[2026-03-07T00:31:17.850Z] GET /api/entries/326?periodo=2026
[2026-03-07T00:31:17.851Z] GET /api/entries/327?periodo=2026
[2026-03-07T00:31:17.851Z] GET /api/entries/328?periodo=2026
[2026-03-07T00:31:17.851Z] GET /api/entries/329?periodo=2026
[2026-03-07T00:31:17.852Z] GET /api/entries/331?periodo=2026
[2026-03-07T00:31:17.852Z] GET /api/entries/332?periodo=2026
[2026-03-07T00:31:17.853Z] GET /api/entries/330?periodo=2026
[2026-03-07T00:31:17.853Z] GET /api/entries/333?periodo=2026
[2026-03-07T00:31:17.854Z] GET /api/entries/336?periodo=2026
[2026-03-07T00:31:17.855Z] GET /api/entries/334?periodo=2026
[2026-03-07T00:31:17.855Z] GET /api/entries/335?periodo=2026
[2026-03-07T00:31:17.856Z] GET /api/entries/337?periodo=2026
[2026-03-07T00:31:17.856Z] GET /api/entries/341?periodo=2026
[2026-03-07T00:31:17.857Z] GET /api/entries/342?periodo=2026
[2026-03-07T00:31:17.857Z] GET /api/entries/343?periodo=2026
[2026-03-07T00:31:17.857Z] GET /api/entries/344?periodo=2026
[2026-03-07T00:31:17.858Z] GET /api/entries/347?periodo=2026
[2026-03-07T00:31:17.858Z] GET /api/entries/348?periodo=2026
[2026-03-07T00:31:17.858Z] GET /api/entries/349?periodo=2026
[2026-03-07T00:31:17.859Z] GET /api/entries/350?periodo=2026
[2026-03-07T00:31:17.859Z] GET /api/entries/351?periodo=2026
[2026-03-07T00:31:17.860Z] GET /api/entries/353?periodo=2026
[2026-03-07T00:31:17.860Z] GET /api/entries/352?periodo=2026
[2026-03-07T00:31:17.861Z] GET /api/entries/354?periodo=2026
[2026-03-07T00:31:17.861Z] GET /api/entries/357?periodo=2026
[2026-03-07T00:31:17.862Z] GET /api/entries/356?periodo=2026
[2026-03-07T00:31:17.862Z] GET /api/entries/358?periodo=2026
[2026-03-07T00:31:17.862Z] GET /api/entries/355?periodo=2026
[2026-03-07T00:31:17.863Z] GET /api/entries/359?periodo=2026
[2026-03-07T00:31:17.863Z] GET /api/entries/360?periodo=2026
[2026-03-07T00:31:17.864Z] GET /api/entries/361?periodo=2026
[2026-03-07T00:31:17.865Z] GET /api/entries/362?periodo=2026
[2026-03-07T00:31:17.865Z] GET /api/entries/363?periodo=2026
[2026-03-07T00:31:17.866Z] GET /api/entries/364?periodo=2026
[2026-03-07T00:31:17.866Z] GET /api/entries/365?periodo=2026
[2026-03-07T00:31:17.867Z] GET /api/entries/366?periodo=2026
[2026-03-07T00:31:17.867Z] GET /api/entries/367?periodo=2026
[2026-03-07T00:31:17.868Z] GET /api/entries/369?periodo=2026
[2026-03-07T00:31:17.868Z] GET /api/entries/368?periodo=2026
[2026-03-07T00:31:17.868Z] GET /api/entries/370?periodo=2026
[2026-03-07T00:31:17.868Z] GET /api/entries/372?periodo=2026
[2026-03-07T00:31:17.869Z] GET /api/entries/371?periodo=2026
[2026-03-07T00:31:17.869Z] GET /api/entries/373?periodo=2026
[2026-03-07T00:31:17.871Z] GET /api/entries/374?periodo=2026
[2026-03-07T00:31:17.871Z] GET /api/entries/375?periodo=2026
[2026-03-07T00:31:17.872Z] GET /api/entries/376?periodo=2026
[2026-03-07T00:31:17.872Z] GET /api/entries/377?periodo=2026
[2026-03-07T00:31:17.873Z] GET /api/entries/378?periodo=2026
[2026-03-07T00:31:17.873Z] GET /api/entries/379?periodo=2026
[2026-03-07T00:31:17.874Z] GET /api/entries/380?periodo=2026
[2026-03-07T00:31:17.874Z] GET /api/entries/381?periodo=2026
[2026-03-07T00:31:17.875Z] GET /api/entries/382?periodo=2026
[2026-03-07T00:31:17.875Z] GET /api/entries/383?periodo=2026
[2026-03-07T00:31:17.875Z] GET /api/entries/385?periodo=2026
[2026-03-07T00:31:17.876Z] GET /api/entries/384?periodo=2026
[2026-03-07T00:31:17.877Z] GET /api/entries/386?periodo=2026
[2026-03-07T00:31:17.877Z] GET /api/entries/387?periodo=2026
[2026-03-07T00:31:17.877Z] GET /api/entries/388?periodo=2026
[2026-03-07T00:31:17.878Z] GET /api/entries/389?periodo=2026
[2026-03-07T00:31:17.878Z] GET /api/entries/390?periodo=2026
[2026-03-07T00:31:17.878Z] GET /api/entries/391?periodo=2026
[2026-03-07T00:31:17.879Z] GET /api/entries/392?periodo=2026
[2026-03-07T00:31:17.880Z] GET /api/entries/394?periodo=2026
[2026-03-07T00:31:17.881Z] GET /api/entries/393?periodo=2026
[2026-03-07T00:31:17.881Z] GET /api/entries/395?periodo=2026
[2026-03-07T00:31:17.881Z] GET /api/entries/396?periodo=2026
[2026-03-07T00:31:17.882Z] GET /api/entries/397?periodo=2026
[2026-03-07T00:31:17.882Z] GET /api/entries/398?periodo=2026
[2026-03-07T00:31:17.882Z] GET /api/entries/399?periodo=2026
[2026-03-07T00:31:17.883Z] GET /api/entries/400?periodo=2026
[2026-03-07T00:31:17.883Z] GET /api/entries/401?periodo=2026
[2026-03-07T00:31:17.883Z] GET /api/entries/403?periodo=2026
[2026-03-07T00:31:17.884Z] GET /api/entries/402?periodo=2026
[2026-03-07T00:31:17.885Z] GET /api/entries/406?periodo=2026
[2026-03-07T00:31:17.885Z] GET /api/entries/404?periodo=2026
[2026-03-07T00:31:17.885Z] GET /api/entries/405?periodo=2026
[2026-03-07T00:31:17.885Z] GET /api/entries/407?periodo=2026
[2026-03-07T00:31:17.886Z] GET /api/entries/408?periodo=2026
[2026-03-07T00:31:17.886Z] GET /api/entries/409?periodo=2026
[2026-03-07T00:31:17.887Z] GET /api/entries/410?periodo=2026
[2026-03-07T00:31:17.887Z] GET /api/entries/411?periodo=2026
[2026-03-07T00:31:17.888Z] GET /api/entries/413?periodo=2026
[2026-03-07T00:31:17.888Z] GET /api/entries/412?periodo=2026
[2026-03-07T00:31:17.889Z] GET /api/entries/414?periodo=2026
[2026-03-07T00:31:17.889Z] GET /api/entries/415?periodo=2026
[2026-03-07T00:31:17.889Z] GET /api/entries/416?periodo=2026
[2026-03-07T00:31:17.890Z] GET /api/entries/417?periodo=2026
[2026-03-07T00:31:17.891Z] OPTIONS /api/entries/2?periodo=2026
[2026-03-07T00:31:17.891Z] OPTIONS /api/entries/3?periodo=2026
[2026-03-07T00:31:17.891Z] OPTIONS /api/entries/4?periodo=2026
[2026-03-07T00:31:17.891Z] OPTIONS /api/entries/5?periodo=2026
[2026-03-07T00:31:17.891Z] OPTIONS /api/entries/6?periodo=2026
[2026-03-07T00:31:17.891Z] OPTIONS /api/entries/7?periodo=2026
[2026-03-07T00:31:17.892Z] OPTIONS /api/entries/8?periodo=2026
[2026-03-07T00:31:17.892Z] OPTIONS /api/entries/9?periodo=2026
[2026-03-07T00:31:17.892Z] OPTIONS /api/entries/10?periodo=2026
[2026-03-07T00:31:17.892Z] OPTIONS /api/entries/11?periodo=2026
[2026-03-07T00:31:17.892Z] OPTIONS /api/entries/12?periodo=2026
[2026-03-07T00:31:17.892Z] OPTIONS /api/entries/13?periodo=2026
[2026-03-07T00:31:17.892Z] OPTIONS /api/entries/14?periodo=2026
[2026-03-07T00:31:17.892Z] OPTIONS /api/entries/15?periodo=2026
[2026-03-07T00:31:17.892Z] OPTIONS /api/entries/16?periodo=2026
[2026-03-07T00:31:17.892Z] OPTIONS /api/entries/17?periodo=2026
[2026-03-07T00:31:17.893Z] OPTIONS /api/entries/18?periodo=2026
[2026-03-07T00:31:17.893Z] OPTIONS /api/entries/19?periodo=2026
[2026-03-07T00:31:17.893Z] OPTIONS /api/entries/21?periodo=2026
[2026-03-07T00:31:17.893Z] OPTIONS /api/entries/22?periodo=2026
[2026-03-07T00:31:17.893Z] OPTIONS /api/entries/23?periodo=2026
[2026-03-07T00:31:17.893Z] OPTIONS /api/entries/24?periodo=2026
[2026-03-07T00:31:17.893Z] OPTIONS /api/entries/25?periodo=2026
[2026-03-07T00:31:17.893Z] OPTIONS /api/entries/26?periodo=2026
[2026-03-07T00:31:17.893Z] OPTIONS /api/entries/28?periodo=2026
[2026-03-07T00:31:17.894Z] OPTIONS /api/entries/29?periodo=2026
[2026-03-07T00:31:17.894Z] OPTIONS /api/entries/30?periodo=2026
[2026-03-07T00:31:17.894Z] OPTIONS /api/entries/31?periodo=2026
[2026-03-07T00:31:17.894Z] OPTIONS /api/entries/32?periodo=2026
[2026-03-07T00:31:17.894Z] OPTIONS /api/entries/33?periodo=2026
[2026-03-07T00:31:17.894Z] OPTIONS /api/entries/34?periodo=2026
[2026-03-07T00:31:17.894Z] OPTIONS /api/entries/35?periodo=2026
[2026-03-07T00:31:17.894Z] OPTIONS /api/entries/36?periodo=2026
[2026-03-07T00:31:17.894Z] OPTIONS /api/entries/37?periodo=2026
[2026-03-07T00:31:17.895Z] OPTIONS /api/entries/39?periodo=2026
[2026-03-07T00:31:17.896Z] OPTIONS /api/entries/45?periodo=2026
[2026-03-07T00:31:17.896Z] OPTIONS /api/entries/40?periodo=2026
[2026-03-07T00:31:17.896Z] OPTIONS /api/entries/41?periodo=2026
[2026-03-07T00:31:17.896Z] OPTIONS /api/entries/42?periodo=2026
[2026-03-07T00:31:17.896Z] OPTIONS /api/entries/43?periodo=2026
[2026-03-07T00:31:17.896Z] OPTIONS /api/entries/47?periodo=2026
[2026-03-07T00:31:17.896Z] OPTIONS /api/entries/48?periodo=2026
[2026-03-07T00:31:17.896Z] OPTIONS /api/entries/49?periodo=2026
[2026-03-07T00:31:17.896Z] OPTIONS /api/entries/50?periodo=2026
[2026-03-07T00:31:17.897Z] OPTIONS /api/entries/51?periodo=2026
[2026-03-07T00:31:17.897Z] OPTIONS /api/entries/46?periodo=2026
[2026-03-07T00:31:17.897Z] OPTIONS /api/entries/52?periodo=2026
[2026-03-07T00:31:17.897Z] OPTIONS /api/entries/53?periodo=2026
[2026-03-07T00:31:17.897Z] OPTIONS /api/entries/54?periodo=2026
[2026-03-07T00:31:17.897Z] OPTIONS /api/entries/56?periodo=2026
[2026-03-07T00:31:17.897Z] OPTIONS /api/entries/59?periodo=2026
[2026-03-07T00:31:17.897Z] OPTIONS /api/entries/60?periodo=2026
[2026-03-07T00:31:17.897Z] OPTIONS /api/entries/57?periodo=2026
[2026-03-07T00:31:17.897Z] OPTIONS /api/entries/58?periodo=2026
[2026-03-07T00:31:17.897Z] OPTIONS /api/entries/63?periodo=2026
[2026-03-07T00:31:17.897Z] OPTIONS /api/entries/65?periodo=2026
[2026-03-07T00:31:17.897Z] OPTIONS /api/entries/66?periodo=2026
[2026-03-07T00:31:17.897Z] OPTIONS /api/entries/61?periodo=2026
[2026-03-07T00:31:17.897Z] OPTIONS /api/entries/62?periodo=2026
[2026-03-07T00:31:17.898Z] OPTIONS /api/entries/69?periodo=2026
[2026-03-07T00:31:17.898Z] OPTIONS /api/entries/70?periodo=2026
[2026-03-07T00:31:17.898Z] OPTIONS /api/entries/71?periodo=2026
[2026-03-07T00:31:17.898Z] OPTIONS /api/entries/72?periodo=2026
[2026-03-07T00:31:17.898Z] OPTIONS /api/entries/67?periodo=2026
[2026-03-07T00:31:17.898Z] OPTIONS /api/entries/74?periodo=2026
[2026-03-07T00:31:17.898Z] OPTIONS /api/entries/75?periodo=2026
[2026-03-07T00:31:17.898Z] OPTIONS /api/entries/76?periodo=2026
[2026-03-07T00:31:17.898Z] OPTIONS /api/entries/73?periodo=2026
[2026-03-07T00:31:17.898Z] OPTIONS /api/entries/79?periodo=2026
[2026-03-07T00:31:17.898Z] OPTIONS /api/entries/77?periodo=2026
[2026-03-07T00:31:17.898Z] OPTIONS /api/entries/78?periodo=2026
[2026-03-07T00:31:17.898Z] OPTIONS /api/entries/84?periodo=2026
[2026-03-07T00:31:17.898Z] OPTIONS /api/entries/81?periodo=2026
[2026-03-07T00:31:17.898Z] OPTIONS /api/entries/82?periodo=2026
[2026-03-07T00:31:17.898Z] OPTIONS /api/entries/83?periodo=2026
[2026-03-07T00:31:17.899Z] OPTIONS /api/entries/87?periodo=2026
[2026-03-07T00:31:17.899Z] OPTIONS /api/entries/89?periodo=2026
[2026-03-07T00:31:17.899Z] OPTIONS /api/entries/91?periodo=2026
[2026-03-07T00:31:17.899Z] OPTIONS /api/entries/85?periodo=2026
[2026-03-07T00:31:17.899Z] OPTIONS /api/entries/86?periodo=2026
[2026-03-07T00:31:17.899Z] OPTIONS /api/entries/93?periodo=2026
[2026-03-07T00:31:17.899Z] OPTIONS /api/entries/95?periodo=2026
[2026-03-07T00:31:17.899Z] OPTIONS /api/entries/92?periodo=2026
[2026-03-07T00:31:17.899Z] OPTIONS /api/entries/96?periodo=2026
[2026-03-07T00:31:17.899Z] OPTIONS /api/entries/97?periodo=2026
[2026-03-07T00:31:17.900Z] OPTIONS /api/entries/98?periodo=2026
[2026-03-07T00:31:17.900Z] OPTIONS /api/entries/102?periodo=2026
[2026-03-07T00:31:17.900Z] OPTIONS /api/entries/103?periodo=2026
[2026-03-07T00:31:17.900Z] OPTIONS /api/entries/99?periodo=2026
[2026-03-07T00:31:17.900Z] OPTIONS /api/entries/100?periodo=2026
[2026-03-07T00:31:17.900Z] OPTIONS /api/entries/101?periodo=2026
[2026-03-07T00:31:17.900Z] OPTIONS /api/entries/107?periodo=2026
[2026-03-07T00:31:17.900Z] OPTIONS /api/entries/108?periodo=2026
[2026-03-07T00:31:17.900Z] OPTIONS /api/entries/110?periodo=2026
[2026-03-07T00:31:17.900Z] OPTIONS /api/entries/111?periodo=2026
[2026-03-07T00:31:17.900Z] OPTIONS /api/entries/104?periodo=2026
[2026-03-07T00:31:17.900Z] OPTIONS /api/entries/113?periodo=2026
[2026-03-07T00:31:17.900Z] OPTIONS /api/entries/114?periodo=2026
[2026-03-07T00:31:17.901Z] OPTIONS /api/entries/112?periodo=2026
[2026-03-07T00:31:17.901Z] OPTIONS /api/entries/115?periodo=2026
[2026-03-07T00:31:17.901Z] OPTIONS /api/entries/116?periodo=2026
[2026-03-07T00:31:17.901Z] OPTIONS /api/entries/117?periodo=2026
[2026-03-07T00:31:17.901Z] OPTIONS /api/entries/118?periodo=2026
[2026-03-07T00:31:17.901Z] OPTIONS /api/entries/119?periodo=2026
[2026-03-07T00:31:17.901Z] OPTIONS /api/entries/120?periodo=2026
[2026-03-07T00:31:17.901Z] OPTIONS /api/entries/121?periodo=2026
[2026-03-07T00:31:17.901Z] OPTIONS /api/entries/122?periodo=2026
[2026-03-07T00:31:17.901Z] OPTIONS /api/entries/123?periodo=2026
[2026-03-07T00:31:17.902Z] OPTIONS /api/entries/124?periodo=2026
[2026-03-07T00:31:17.902Z] OPTIONS /api/entries/125?periodo=2026
[2026-03-07T00:31:17.902Z] OPTIONS /api/entries/126?periodo=2026
[2026-03-07T00:31:17.902Z] OPTIONS /api/entries/127?periodo=2026
[2026-03-07T00:31:17.902Z] OPTIONS /api/entries/128?periodo=2026
[2026-03-07T00:31:17.902Z] OPTIONS /api/entries/129?periodo=2026
[2026-03-07T00:31:17.902Z] OPTIONS /api/entries/130?periodo=2026
[2026-03-07T00:31:17.902Z] OPTIONS /api/entries/131?periodo=2026
[2026-03-07T00:31:17.902Z] OPTIONS /api/entries/132?periodo=2026
[2026-03-07T00:31:17.903Z] OPTIONS /api/entries/133?periodo=2026
[2026-03-07T00:31:17.903Z] OPTIONS /api/entries/134?periodo=2026
[2026-03-07T00:31:17.903Z] OPTIONS /api/entries/135?periodo=2026
[2026-03-07T00:31:17.903Z] OPTIONS /api/entries/136?periodo=2026
[2026-03-07T00:31:17.903Z] OPTIONS /api/entries/137?periodo=2026
[2026-03-07T00:31:17.903Z] OPTIONS /api/entries/138?periodo=2026
[2026-03-07T00:31:17.903Z] OPTIONS /api/entries/139?periodo=2026
[2026-03-07T00:31:17.903Z] OPTIONS /api/entries/140?periodo=2026
[2026-03-07T00:31:17.904Z] OPTIONS /api/entries/141?periodo=2026
[2026-03-07T00:31:17.904Z] OPTIONS /api/entries/142?periodo=2026
[2026-03-07T00:31:17.904Z] OPTIONS /api/entries/143?periodo=2026
[2026-03-07T00:31:17.904Z] OPTIONS /api/entries/144?periodo=2026
[2026-03-07T00:31:17.904Z] OPTIONS /api/entries/145?periodo=2026
[2026-03-07T00:31:17.904Z] OPTIONS /api/entries/146?periodo=2026
[2026-03-07T00:31:17.905Z] OPTIONS /api/entries/153?periodo=2026
[2026-03-07T00:31:17.905Z] OPTIONS /api/entries/149?periodo=2026
[2026-03-07T00:31:17.905Z] OPTIONS /api/entries/150?periodo=2026
[2026-03-07T00:31:17.905Z] OPTIONS /api/entries/147?periodo=2026
[2026-03-07T00:31:17.905Z] OPTIONS /api/entries/148?periodo=2026
[2026-03-07T00:31:17.906Z] OPTIONS /api/entries/154?periodo=2026
[2026-03-07T00:31:17.906Z] OPTIONS /api/entries/152?periodo=2026
[2026-03-07T00:31:17.906Z] OPTIONS /api/entries/155?periodo=2026
[2026-03-07T00:31:17.906Z] OPTIONS /api/entries/156?periodo=2026
[2026-03-07T00:31:17.906Z] OPTIONS /api/entries/151?periodo=2026
[2026-03-07T00:31:17.907Z] OPTIONS /api/entries/159?periodo=2026
[2026-03-07T00:31:17.907Z] OPTIONS /api/entries/160?periodo=2026
[2026-03-07T00:31:17.907Z] OPTIONS /api/entries/161?periodo=2026
[2026-03-07T00:31:17.907Z] OPTIONS /api/entries/158?periodo=2026
[2026-03-07T00:31:17.907Z] OPTIONS /api/entries/163?periodo=2026
[2026-03-07T00:31:17.907Z] OPTIONS /api/entries/164?periodo=2026
[2026-03-07T00:31:17.907Z] OPTIONS /api/entries/162?periodo=2026
[2026-03-07T00:31:17.907Z] OPTIONS /api/entries/166?periodo=2026
[2026-03-07T00:31:17.907Z] OPTIONS /api/entries/171?periodo=2026
[2026-03-07T00:31:17.907Z] OPTIONS /api/entries/167?periodo=2026
[2026-03-07T00:31:17.908Z] OPTIONS /api/entries/168?periodo=2026
[2026-03-07T00:31:17.908Z] OPTIONS /api/entries/173?periodo=2026
[2026-03-07T00:31:17.908Z] OPTIONS /api/entries/174?periodo=2026
[2026-03-07T00:31:17.908Z] OPTIONS /api/entries/172?periodo=2026
[2026-03-07T00:31:17.908Z] OPTIONS /api/entries/170?periodo=2026
[2026-03-07T00:31:17.908Z] OPTIONS /api/entries/169?periodo=2026
[2026-03-07T00:31:17.908Z] OPTIONS /api/entries/175?periodo=2026
[2026-03-07T00:31:17.908Z] OPTIONS /api/entries/178?periodo=2026
[2026-03-07T00:31:17.909Z] OPTIONS /api/entries/177?periodo=2026
[2026-03-07T00:31:17.909Z] OPTIONS /api/entries/176?periodo=2026
[2026-03-07T00:31:17.909Z] OPTIONS /api/entries/182?periodo=2026
[2026-03-07T00:31:17.909Z] OPTIONS /api/entries/180?periodo=2026
[2026-03-07T00:31:17.909Z] OPTIONS /api/entries/179?periodo=2026
[2026-03-07T00:31:17.909Z] OPTIONS /api/entries/183?periodo=2026
[2026-03-07T00:31:17.909Z] OPTIONS /api/entries/181?periodo=2026
[2026-03-07T00:31:17.909Z] OPTIONS /api/entries/184?periodo=2026
[2026-03-07T00:31:17.909Z] OPTIONS /api/entries/185?periodo=2026
[2026-03-07T00:31:17.909Z] OPTIONS /api/entries/187?periodo=2026
[2026-03-07T00:31:17.913Z] OPTIONS /api/entries/190?periodo=2026
[2026-03-07T00:31:17.913Z] OPTIONS /api/entries/186?periodo=2026
[2026-03-07T00:31:17.914Z] OPTIONS /api/entries/188?periodo=2026
[2026-03-07T00:31:17.914Z] OPTIONS /api/entries/189?periodo=2026
[2026-03-07T00:31:17.914Z] OPTIONS /api/entries/191?periodo=2026
[2026-03-07T00:31:17.914Z] OPTIONS /api/entries/192?periodo=2026
[2026-03-07T00:31:17.914Z] OPTIONS /api/entries/195?periodo=2026
[2026-03-07T00:31:17.915Z] OPTIONS /api/entries/196?periodo=2026
[2026-03-07T00:31:17.915Z] OPTIONS /api/entries/193?periodo=2026
[2026-03-07T00:31:17.915Z] OPTIONS /api/entries/194?periodo=2026
[2026-03-07T00:31:17.915Z] OPTIONS /api/entries/197?periodo=2026
[2026-03-07T00:31:17.915Z] OPTIONS /api/entries/198?periodo=2026
[2026-03-07T00:31:17.915Z] OPTIONS /api/entries/199?periodo=2026
[2026-03-07T00:31:17.915Z] OPTIONS /api/entries/200?periodo=2026
[2026-03-07T00:31:17.915Z] OPTIONS /api/entries/201?periodo=2026
[2026-03-07T00:31:17.915Z] OPTIONS /api/entries/202?periodo=2026
[2026-03-07T00:31:17.916Z] OPTIONS /api/entries/203?periodo=2026
[2026-03-07T00:31:17.916Z] OPTIONS /api/entries/205?periodo=2026
[2026-03-07T00:31:17.916Z] OPTIONS /api/entries/206?periodo=2026
[2026-03-07T00:31:17.916Z] OPTIONS /api/entries/207?periodo=2026
[2026-03-07T00:31:17.916Z] OPTIONS /api/entries/208?periodo=2026
[2026-03-07T00:31:17.916Z] OPTIONS /api/entries/204?periodo=2026
[2026-03-07T00:31:17.916Z] OPTIONS /api/entries/210?periodo=2026
[2026-03-07T00:31:17.916Z] OPTIONS /api/entries/213?periodo=2026
[2026-03-07T00:31:17.916Z] OPTIONS /api/entries/209?periodo=2026
[2026-03-07T00:31:17.916Z] OPTIONS /api/entries/215?periodo=2026
[2026-03-07T00:31:17.916Z] OPTIONS /api/entries/212?periodo=2026
[2026-03-07T00:31:17.917Z] OPTIONS /api/entries/214?periodo=2026
[2026-03-07T00:31:17.917Z] OPTIONS /api/entries/211?periodo=2026
[2026-03-07T00:31:17.917Z] OPTIONS /api/entries/216?periodo=2026
[2026-03-07T00:31:17.917Z] OPTIONS /api/entries/217?periodo=2026
[2026-03-07T00:31:17.917Z] OPTIONS /api/entries/220?periodo=2026
[2026-03-07T00:31:17.917Z] OPTIONS /api/entries/221?periodo=2026
[2026-03-07T00:31:17.917Z] OPTIONS /api/entries/222?periodo=2026
[2026-03-07T00:31:17.917Z] OPTIONS /api/entries/218?periodo=2026
[2026-03-07T00:31:17.917Z] OPTIONS /api/entries/219?periodo=2026
[2026-03-07T00:31:17.917Z] OPTIONS /api/entries/223?periodo=2026
[2026-03-07T00:31:17.917Z] OPTIONS /api/entries/224?periodo=2026
[2026-03-07T00:31:17.918Z] OPTIONS /api/entries/225?periodo=2026
[2026-03-07T00:31:17.918Z] OPTIONS /api/entries/226?periodo=2026
[2026-03-07T00:31:17.918Z] OPTIONS /api/entries/228?periodo=2026
[2026-03-07T00:31:17.918Z] OPTIONS /api/entries/229?periodo=2026
[2026-03-07T00:31:17.918Z] OPTIONS /api/entries/230?periodo=2026
[2026-03-07T00:31:17.918Z] OPTIONS /api/entries/233?periodo=2026
[2026-03-07T00:31:17.918Z] OPTIONS /api/entries/234?periodo=2026
[2026-03-07T00:31:17.918Z] OPTIONS /api/entries/235?periodo=2026
[2026-03-07T00:31:17.918Z] OPTIONS /api/entries/237?periodo=2026
[2026-03-07T00:31:17.919Z] OPTIONS /api/entries/238?periodo=2026
[2026-03-07T00:31:17.919Z] OPTIONS /api/entries/236?periodo=2026
[2026-03-07T00:31:17.919Z] OPTIONS /api/entries/239?periodo=2026
[2026-03-07T00:31:17.919Z] OPTIONS /api/entries/240?periodo=2026
[2026-03-07T00:31:17.919Z] OPTIONS /api/entries/242?periodo=2026
[2026-03-07T00:31:17.919Z] OPTIONS /api/entries/244?periodo=2026
[2026-03-07T00:31:17.919Z] OPTIONS /api/entries/243?periodo=2026
[2026-03-07T00:31:17.919Z] OPTIONS /api/entries/245?periodo=2026
[2026-03-07T00:31:17.919Z] OPTIONS /api/entries/246?periodo=2026
[2026-03-07T00:31:17.919Z] OPTIONS /api/entries/247?periodo=2026
[2026-03-07T00:31:17.920Z] OPTIONS /api/entries/248?periodo=2026
[2026-03-07T00:31:17.920Z] OPTIONS /api/entries/249?periodo=2026
[2026-03-07T00:31:17.920Z] OPTIONS /api/entries/250?periodo=2026
[2026-03-07T00:31:17.920Z] OPTIONS /api/entries/251?periodo=2026
[2026-03-07T00:31:17.920Z] OPTIONS /api/entries/252?periodo=2026
[2026-03-07T00:31:17.920Z] OPTIONS /api/entries/255?periodo=2026
[2026-03-07T00:31:17.920Z] OPTIONS /api/entries/253?periodo=2026
[2026-03-07T00:31:17.920Z] OPTIONS /api/entries/254?periodo=2026
[2026-03-07T00:31:17.920Z] OPTIONS /api/entries/257?periodo=2026
[2026-03-07T00:31:17.921Z] OPTIONS /api/entries/258?periodo=2026
[2026-03-07T00:31:17.921Z] OPTIONS /api/entries/259?periodo=2026
[2026-03-07T00:31:17.921Z] OPTIONS /api/entries/260?periodo=2026
[2026-03-07T00:31:17.921Z] OPTIONS /api/entries/261?periodo=2026
[2026-03-07T00:31:17.921Z] OPTIONS /api/entries/265?periodo=2026
[2026-03-07T00:31:17.921Z] OPTIONS /api/entries/262?periodo=2026
[2026-03-07T00:31:17.921Z] OPTIONS /api/entries/263?periodo=2026
[2026-03-07T00:31:17.921Z] OPTIONS /api/entries/264?periodo=2026
[2026-03-07T00:31:17.921Z] OPTIONS /api/entries/266?periodo=2026
[2026-03-07T00:31:17.921Z] OPTIONS /api/entries/268?periodo=2026
[2026-03-07T00:31:17.921Z] OPTIONS /api/entries/269?periodo=2026
[2026-03-07T00:31:17.921Z] OPTIONS /api/entries/267?periodo=2026
[2026-03-07T00:31:17.921Z] OPTIONS /api/entries/270?periodo=2026
[2026-03-07T00:31:17.921Z] OPTIONS /api/entries/271?periodo=2026
[2026-03-07T00:31:17.921Z] OPTIONS /api/entries/272?periodo=2026
[2026-03-07T00:31:17.921Z] OPTIONS /api/entries/273?periodo=2026
[2026-03-07T00:31:17.922Z] OPTIONS /api/entries/275?periodo=2026
[2026-03-07T00:31:17.922Z] OPTIONS /api/entries/274?periodo=2026
[2026-03-07T00:31:17.922Z] OPTIONS /api/entries/278?periodo=2026
[2026-03-07T00:31:17.922Z] OPTIONS /api/entries/276?periodo=2026
[2026-03-07T00:31:17.922Z] OPTIONS /api/entries/277?periodo=2026
[2026-03-07T00:31:17.922Z] OPTIONS /api/entries/280?periodo=2026
[2026-03-07T00:31:17.922Z] OPTIONS /api/entries/281?periodo=2026
[2026-03-07T00:31:17.922Z] OPTIONS /api/entries/283?periodo=2026
[2026-03-07T00:31:17.922Z] OPTIONS /api/entries/282?periodo=2026
[2026-03-07T00:31:17.922Z] OPTIONS /api/entries/279?periodo=2026
[2026-03-07T00:31:17.922Z] OPTIONS /api/entries/284?periodo=2026
[2026-03-07T00:31:17.922Z] OPTIONS /api/entries/285?periodo=2026
[2026-03-07T00:31:17.923Z] OPTIONS /api/entries/286?periodo=2026
[2026-03-07T00:31:17.923Z] OPTIONS /api/entries/293?periodo=2026
[2026-03-07T00:31:17.923Z] OPTIONS /api/entries/288?periodo=2026
[2026-03-07T00:31:17.923Z] OPTIONS /api/entries/289?periodo=2026
[2026-03-07T00:31:17.923Z] OPTIONS /api/entries/290?periodo=2026
[2026-03-07T00:31:17.923Z] OPTIONS /api/entries/291?periodo=2026
[2026-03-07T00:31:17.923Z] OPTIONS /api/entries/292?periodo=2026
[2026-03-07T00:31:17.923Z] OPTIONS /api/entries/294?periodo=2026
[2026-03-07T00:31:17.924Z] OPTIONS /api/entries/295?periodo=2026
[2026-03-07T00:31:17.924Z] OPTIONS /api/entries/296?periodo=2026
[2026-03-07T00:31:17.924Z] OPTIONS /api/entries/297?periodo=2026
[2026-03-07T00:31:17.924Z] OPTIONS /api/entries/298?periodo=2026
[2026-03-07T00:31:17.924Z] OPTIONS /api/entries/300?periodo=2026
[2026-03-07T00:31:17.924Z] GET /api/entries/308?periodo=2026
[2026-03-07T00:31:17.925Z] GET /api/entries/309?periodo=2026
[2026-03-07T00:31:17.925Z] OPTIONS /api/entries/301?periodo=2026
[2026-03-07T00:31:17.925Z] GET /api/entries/311?periodo=2026
[2026-03-07T00:31:17.926Z] GET /api/entries/312?periodo=2026
[2026-03-07T00:31:17.926Z] GET /api/entries/313?periodo=2026
[2026-03-07T00:31:17.927Z] OPTIONS /api/entries/303?periodo=2026
[2026-03-07T00:31:17.927Z] OPTIONS /api/entries/299?periodo=2026
[2026-03-07T00:31:17.927Z] OPTIONS /api/entries/304?periodo=2026
[2026-03-07T00:31:17.927Z] OPTIONS /api/entries/302?periodo=2026
[2026-03-07T00:31:17.927Z] GET /api/entries/318?periodo=2026
[2026-03-07T00:31:17.928Z] GET /api/entries/315?periodo=2026
[2026-03-07T00:31:17.928Z] GET /api/entries/314?periodo=2026
[2026-03-07T00:31:17.928Z] OPTIONS /api/entries/305?periodo=2026
[2026-03-07T00:31:17.929Z] OPTIONS /api/entries/306?periodo=2026
[2026-03-07T00:31:17.929Z] OPTIONS /api/entries/307?periodo=2026
[2026-03-07T00:31:17.929Z] GET /api/entries/322?periodo=2026
[2026-03-07T00:31:17.929Z] GET /api/entries/316?periodo=2026
[2026-03-07T00:31:17.929Z] GET /api/entries/317?periodo=2026
[2026-03-07T00:31:17.930Z] GET /api/entries/324?periodo=2026
[2026-03-07T00:31:17.930Z] GET /api/entries/325?periodo=2026
[2026-03-07T00:31:17.931Z] GET /api/entries/326?periodo=2026
[2026-03-07T00:31:17.931Z] GET /api/entries/328?periodo=2026
[2026-03-07T00:31:17.931Z] GET /api/entries/329?periodo=2026
[2026-03-07T00:31:17.932Z] GET /api/entries/327?periodo=2026
[2026-03-07T00:31:17.932Z] GET /api/entries/332?periodo=2026
[2026-03-07T00:31:17.933Z] GET /api/entries/331?periodo=2026
[2026-03-07T00:31:17.933Z] GET /api/entries/330?periodo=2026
[2026-03-07T00:31:17.934Z] GET /api/entries/333?periodo=2026
[2026-03-07T00:31:17.934Z] GET /api/entries/334?periodo=2026
[2026-03-07T00:31:17.934Z] GET /api/entries/335?periodo=2026
[2026-03-07T00:31:17.935Z] GET /api/entries/336?periodo=2026
[2026-03-07T00:31:17.935Z] GET /api/entries/337?periodo=2026
[2026-03-07T00:31:17.936Z] GET /api/entries/341?periodo=2026
[2026-03-07T00:31:17.937Z] GET /api/entries/342?periodo=2026
[2026-03-07T00:31:17.937Z] GET /api/entries/343?periodo=2026
[2026-03-07T00:31:17.938Z] GET /api/entries/344?periodo=2026
[2026-03-07T00:31:17.938Z] GET /api/entries/347?periodo=2026
[2026-03-07T00:31:17.938Z] GET /api/entries/348?periodo=2026
[2026-03-07T00:31:17.939Z] GET /api/entries/350?periodo=2026
[2026-03-07T00:31:17.939Z] GET /api/entries/349?periodo=2026
[2026-03-07T00:31:17.940Z] GET /api/entries/351?periodo=2026
[2026-03-07T00:31:17.940Z] GET /api/entries/353?periodo=2026
[2026-03-07T00:31:17.940Z] GET /api/entries/352?periodo=2026
[2026-03-07T00:31:17.940Z] GET /api/entries/354?periodo=2026
[2026-03-07T00:31:17.941Z] GET /api/entries/357?periodo=2026
[2026-03-07T00:31:17.941Z] GET /api/entries/356?periodo=2026
[2026-03-07T00:31:17.942Z] GET /api/entries/355?periodo=2026
[2026-03-07T00:31:17.942Z] GET /api/entries/358?periodo=2026
[2026-03-07T00:31:17.943Z] GET /api/entries/359?periodo=2026
[2026-03-07T00:31:17.943Z] GET /api/entries/360?periodo=2026
[2026-03-07T00:31:17.944Z] GET /api/entries/361?periodo=2026
[2026-03-07T00:31:17.944Z] GET /api/entries/362?periodo=2026
[2026-03-07T00:31:17.944Z] GET /api/entries/363?periodo=2026
[2026-03-07T00:31:17.945Z] GET /api/entries/364?periodo=2026
[2026-03-07T00:31:17.945Z] GET /api/entries/365?periodo=2026
[2026-03-07T00:31:17.946Z] GET /api/entries/367?periodo=2026
[2026-03-07T00:31:17.946Z] GET /api/entries/366?periodo=2026
[2026-03-07T00:31:17.946Z] GET /api/entries/369?periodo=2026
[2026-03-07T00:31:17.947Z] GET /api/entries/368?periodo=2026
[2026-03-07T00:31:17.948Z] GET /api/entries/370?periodo=2026
[2026-03-07T00:31:17.948Z] GET /api/entries/372?periodo=2026
[2026-03-07T00:31:17.949Z] GET /api/entries/373?periodo=2026
[2026-03-07T00:31:17.949Z] GET /api/entries/371?periodo=2026
[2026-03-07T00:31:17.949Z] GET /api/entries/374?periodo=2026
[2026-03-07T00:31:17.950Z] GET /api/entries/375?periodo=2026
[2026-03-07T00:31:17.950Z] GET /api/entries/376?periodo=2026
[2026-03-07T00:31:17.950Z] GET /api/entries/377?periodo=2026
[2026-03-07T00:31:17.951Z] GET /api/entries/378?periodo=2026
[2026-03-07T00:31:17.954Z] GET /api/entries/379?periodo=2026
[2026-03-07T00:31:17.954Z] GET /api/entries/381?periodo=2026
[2026-03-07T00:31:17.956Z] GET /api/entries/382?periodo=2026
[2026-03-07T00:31:17.956Z] GET /api/entries/383?periodo=2026
[2026-03-07T00:31:17.956Z] GET /api/entries/385?periodo=2026
[2026-03-07T00:31:17.957Z] GET /api/entries/384?periodo=2026
[2026-03-07T00:31:17.957Z] GET /api/entries/380?periodo=2026
[2026-03-07T00:31:17.958Z] GET /api/entries/386?periodo=2026
[2026-03-07T00:31:17.958Z] GET /api/entries/387?periodo=2026
[2026-03-07T00:31:17.958Z] GET /api/entries/389?periodo=2026
[2026-03-07T00:31:17.959Z] GET /api/entries/388?periodo=2026
[2026-03-07T00:31:17.960Z] GET /api/entries/390?periodo=2026
[2026-03-07T00:31:17.960Z] GET /api/entries/391?periodo=2026
[2026-03-07T00:31:17.960Z] GET /api/entries/392?periodo=2026
[2026-03-07T00:31:17.961Z] GET /api/entries/394?periodo=2026
[2026-03-07T00:31:17.961Z] GET /api/entries/393?periodo=2026
[2026-03-07T00:31:17.962Z] GET /api/entries/396?periodo=2026
[2026-03-07T00:31:17.962Z] GET /api/entries/395?periodo=2026
[2026-03-07T00:31:17.963Z] GET /api/entries/397?periodo=2026
[2026-03-07T00:31:17.964Z] GET /api/entries/398?periodo=2026
[2026-03-07T00:31:17.964Z] GET /api/entries/399?periodo=2026
[2026-03-07T00:31:17.965Z] GET /api/entries/400?periodo=2026
[2026-03-07T00:31:17.965Z] GET /api/entries/401?periodo=2026
[2026-03-07T00:31:17.965Z] GET /api/entries/403?periodo=2026
[2026-03-07T00:31:17.966Z] GET /api/entries/402?periodo=2026
[2026-03-07T00:31:17.966Z] GET /api/entries/404?periodo=2026
[2026-03-07T00:31:17.966Z] GET /api/entries/405?periodo=2026
[2026-03-07T00:31:17.967Z] GET /api/entries/407?periodo=2026
[2026-03-07T00:31:17.967Z] GET /api/entries/408?periodo=2026
[2026-03-07T00:31:17.967Z] GET /api/entries/409?periodo=2026
[2026-03-07T00:31:17.968Z] GET /api/entries/406?periodo=2026
[2026-03-07T00:31:17.968Z] GET /api/entries/410?periodo=2026
[2026-03-07T00:31:17.968Z] GET /api/entries/411?periodo=2026
[2026-03-07T00:31:17.969Z] GET /api/entries/413?periodo=2026
[2026-03-07T00:31:17.969Z] GET /api/entries/2?periodo=2026
[2026-03-07T00:31:17.970Z] GET /api/entries/3?periodo=2026
[2026-03-07T00:31:17.971Z] GET /api/entries/4?periodo=2026
[2026-03-07T00:31:17.971Z] GET /api/entries/5?periodo=2026
[2026-03-07T00:31:17.972Z] OPTIONS /api/entries/412?periodo=2026
[2026-03-07T00:31:17.973Z] GET /api/entries/6?periodo=2026
[2026-03-07T00:31:17.973Z] GET /api/entries/8?periodo=2026
[2026-03-07T00:31:17.974Z] GET /api/entries/7?periodo=2026
[2026-03-07T00:31:17.974Z] GET /api/entries/9?periodo=2026
[2026-03-07T00:31:17.975Z] GET /api/entries/10?periodo=2026
[2026-03-07T00:31:17.975Z] GET /api/entries/11?periodo=2026
[2026-03-07T00:31:17.976Z] OPTIONS /api/entries/414?periodo=2026
[2026-03-07T00:31:17.976Z] GET /api/entries/12?periodo=2026
[2026-03-07T00:31:17.976Z] GET /api/entries/14?periodo=2026
[2026-03-07T00:31:17.977Z] GET /api/entries/13?periodo=2026
[2026-03-07T00:31:17.977Z] GET /api/entries/15?periodo=2026
[2026-03-07T00:31:17.977Z] GET /api/entries/18?periodo=2026
[2026-03-07T00:31:17.978Z] GET /api/entries/16?periodo=2026
[2026-03-07T00:31:17.978Z] GET /api/entries/17?periodo=2026
[2026-03-07T00:31:17.979Z] GET /api/entries/19?periodo=2026
[2026-03-07T00:31:17.979Z] GET /api/entries/21?periodo=2026
[2026-03-07T00:31:17.979Z] GET /api/entries/22?periodo=2026
[2026-03-07T00:31:17.980Z] GET /api/entries/23?periodo=2026
[2026-03-07T00:31:17.981Z] GET /api/entries/24?periodo=2026
[2026-03-07T00:31:17.981Z] GET /api/entries/25?periodo=2026
[2026-03-07T00:31:17.982Z] GET /api/entries/26?periodo=2026
[2026-03-07T00:31:17.982Z] GET /api/entries/28?periodo=2026
[2026-03-07T00:31:17.984Z] GET /api/entries/29?periodo=2026
[2026-03-07T00:31:17.984Z] GET /api/entries/30?periodo=2026
[2026-03-07T00:31:17.984Z] GET /api/entries/31?periodo=2026
[2026-03-07T00:31:17.985Z] GET /api/entries/32?periodo=2026
[2026-03-07T00:31:17.985Z] GET /api/entries/33?periodo=2026
[2026-03-07T00:31:17.990Z] GET /api/entries/34?periodo=2026
[2026-03-07T00:31:17.992Z] GET /api/entries/35?periodo=2026
[2026-03-07T00:31:17.992Z] GET /api/entries/36?periodo=2026
[2026-03-07T00:31:17.993Z] GET /api/entries/37?periodo=2026
[2026-03-07T00:31:17.993Z] OPTIONS /api/entries/417?periodo=2026
[2026-03-07T00:31:17.993Z] OPTIONS /api/entries/415?periodo=2026
[2026-03-07T00:31:17.993Z] GET /api/entries/39?periodo=2026
[2026-03-07T00:31:17.994Z] GET /api/entries/45?periodo=2026
[2026-03-07T00:31:17.994Z] GET /api/entries/40?periodo=2026
[2026-03-07T00:31:17.995Z] GET /api/entries/41?periodo=2026
[2026-03-07T00:31:17.995Z] GET /api/entries/42?periodo=2026
[2026-03-07T00:31:17.996Z] OPTIONS /api/entries/416?periodo=2026
[2026-03-07T00:31:17.996Z] GET /api/entries/43?periodo=2026
[2026-03-07T00:31:17.996Z] GET /api/entries/47?periodo=2026
[2026-03-07T00:31:17.996Z] GET /api/entries/48?periodo=2026
[2026-03-07T00:31:17.996Z] GET /api/entries/49?periodo=2026
[2026-03-07T00:31:17.998Z] GET /api/entries/50?periodo=2026
[2026-03-07T00:31:17.998Z] GET /api/entries/51?periodo=2026
[2026-03-07T00:31:17.999Z] GET /api/entries/46?periodo=2026
[2026-03-07T00:31:17.999Z] GET /api/entries/52?periodo=2026
[2026-03-07T00:31:17.999Z] GET /api/entries/53?periodo=2026
[2026-03-07T00:31:18.000Z] GET /api/entries/54?periodo=2026
[2026-03-07T00:31:18.001Z] GET /api/entries/56?periodo=2026
[2026-03-07T00:31:18.001Z] GET /api/entries/59?periodo=2026
[2026-03-07T00:31:18.002Z] GET /api/entries/60?periodo=2026
[2026-03-07T00:31:18.002Z] GET /api/entries/57?periodo=2026
[2026-03-07T00:31:18.002Z] GET /api/entries/58?periodo=2026
[2026-03-07T00:31:18.003Z] GET /api/entries/63?periodo=2026
[2026-03-07T00:31:18.005Z] GET /api/entries/65?periodo=2026
[2026-03-07T00:31:18.008Z] GET /api/entries/66?periodo=2026
[2026-03-07T00:31:18.008Z] GET /api/entries/61?periodo=2026
[2026-03-07T00:31:18.008Z] GET /api/entries/62?periodo=2026
[2026-03-07T00:31:18.009Z] GET /api/entries/69?periodo=2026
[2026-03-07T00:31:18.009Z] GET /api/entries/70?periodo=2026
[2026-03-07T00:31:18.009Z] GET /api/entries/71?periodo=2026
[2026-03-07T00:31:18.013Z] GET /api/entries/72?periodo=2026
[2026-03-07T00:31:18.014Z] GET /api/entries/67?periodo=2026
[2026-03-07T00:31:18.014Z] GET /api/entries/74?periodo=2026
[2026-03-07T00:31:18.015Z] GET /api/entries/75?periodo=2026
[2026-03-07T00:31:18.016Z] GET /api/entries/76?periodo=2026
[2026-03-07T00:31:18.016Z] GET /api/entries/73?periodo=2026
[2026-03-07T00:31:18.017Z] GET /api/entries/79?periodo=2026
[2026-03-07T00:31:18.018Z] GET /api/entries/77?periodo=2026
[2026-03-07T00:31:18.018Z] GET /api/entries/78?periodo=2026
[2026-03-07T00:31:18.022Z] GET /api/entries/84?periodo=2026
[2026-03-07T00:31:18.023Z] GET /api/entries/81?periodo=2026
[2026-03-07T00:31:18.024Z] GET /api/entries/82?periodo=2026
[2026-03-07T00:31:18.024Z] GET /api/entries/83?periodo=2026
[2026-03-07T00:31:18.025Z] GET /api/entries/87?periodo=2026
[2026-03-07T00:31:18.026Z] GET /api/entries/89?periodo=2026
[2026-03-07T00:31:18.027Z] GET /api/entries/91?periodo=2026
[2026-03-07T00:31:18.027Z] GET /api/entries/85?periodo=2026
[2026-03-07T00:31:18.028Z] GET /api/entries/86?periodo=2026
[2026-03-07T00:31:18.028Z] GET /api/entries/95?periodo=2026
[2026-03-07T00:31:18.028Z] GET /api/entries/93?periodo=2026
[2026-03-07T00:31:18.029Z] GET /api/entries/92?periodo=2026
[2026-03-07T00:31:18.029Z] GET /api/entries/96?periodo=2026
[2026-03-07T00:31:18.031Z] GET /api/entries/97?periodo=2026
[2026-03-07T00:31:18.032Z] GET /api/entries/98?periodo=2026
[2026-03-07T00:31:18.032Z] GET /api/entries/102?periodo=2026
[2026-03-07T00:31:18.033Z] GET /api/entries/103?periodo=2026
[2026-03-07T00:31:18.033Z] GET /api/entries/99?periodo=2026
[2026-03-07T00:31:18.034Z] GET /api/entries/100?periodo=2026
[2026-03-07T00:31:18.036Z] GET /api/entries/101?periodo=2026
[2026-03-07T00:31:18.036Z] GET /api/entries/107?periodo=2026
[2026-03-07T00:31:18.036Z] GET /api/entries/108?periodo=2026
[2026-03-07T00:31:18.038Z] GET /api/entries/110?periodo=2026
[2026-03-07T00:31:18.038Z] GET /api/entries/111?periodo=2026
[2026-03-07T00:31:18.039Z] GET /api/entries/113?periodo=2026
[2026-03-07T00:31:18.040Z] GET /api/entries/114?periodo=2026
[2026-03-07T00:31:18.040Z] GET /api/entries/104?periodo=2026
[2026-03-07T00:31:18.040Z] GET /api/entries/112?periodo=2026
[2026-03-07T00:31:18.041Z] GET /api/entries/117?periodo=2026
[2026-03-07T00:31:18.042Z] GET /api/entries/115?periodo=2026
[2026-03-07T00:31:18.043Z] GET /api/entries/116?periodo=2026
[2026-03-07T00:31:18.043Z] GET /api/entries/118?periodo=2026
[2026-03-07T00:31:18.044Z] GET /api/entries/119?periodo=2026
[2026-03-07T00:31:18.045Z] GET /api/entries/120?periodo=2026
[2026-03-07T00:31:18.046Z] GET /api/entries/121?periodo=2026
[2026-03-07T00:31:18.046Z] GET /api/entries/122?periodo=2026
[2026-03-07T00:31:18.046Z] GET /api/entries/123?periodo=2026
[2026-03-07T00:31:18.047Z] GET /api/entries/124?periodo=2026
[2026-03-07T00:31:18.047Z] GET /api/entries/125?periodo=2026
[2026-03-07T00:31:18.049Z] GET /api/entries/126?periodo=2026
[2026-03-07T00:31:18.050Z] GET /api/entries/127?periodo=2026
[2026-03-07T00:31:18.050Z] GET /api/entries/128?periodo=2026
[2026-03-07T00:31:18.051Z] GET /api/entries/129?periodo=2026
[2026-03-07T00:31:18.051Z] GET /api/entries/133?periodo=2026
[2026-03-07T00:31:18.051Z] GET /api/entries/130?periodo=2026
[2026-03-07T00:31:18.052Z] GET /api/entries/131?periodo=2026
[2026-03-07T00:31:18.054Z] GET /api/entries/132?periodo=2026
[2026-03-07T00:31:18.055Z] GET /api/entries/136?periodo=2026
[2026-03-07T00:31:18.056Z] GET /api/entries/134?periodo=2026
[2026-03-07T00:31:18.056Z] GET /api/entries/135?periodo=2026
[2026-03-07T00:31:18.056Z] GET /api/entries/137?periodo=2026
[2026-03-07T00:31:18.057Z] GET /api/entries/138?periodo=2026
[2026-03-07T00:31:18.058Z] GET /api/entries/139?periodo=2026
[2026-03-07T00:31:18.058Z] GET /api/entries/140?periodo=2026
[2026-03-07T00:31:18.059Z] GET /api/entries/141?periodo=2026
[2026-03-07T00:31:18.060Z] GET /api/entries/142?periodo=2026
[2026-03-07T00:31:18.060Z] GET /api/entries/143?periodo=2026
[2026-03-07T00:31:18.060Z] GET /api/entries/144?periodo=2026
[2026-03-07T00:31:18.061Z] GET /api/entries/145?periodo=2026
[2026-03-07T00:31:18.061Z] GET /api/entries/146?periodo=2026
[2026-03-07T00:31:18.063Z] GET /api/entries/153?periodo=2026
[2026-03-07T00:31:18.063Z] GET /api/entries/149?periodo=2026
[2026-03-07T00:31:18.064Z] GET /api/entries/150?periodo=2026
[2026-03-07T00:31:18.064Z] GET /api/entries/147?periodo=2026
[2026-03-07T00:31:18.065Z] GET /api/entries/148?periodo=2026
[2026-03-07T00:31:18.065Z] GET /api/entries/154?periodo=2026
[2026-03-07T00:31:18.066Z] GET /api/entries/152?periodo=2026
[2026-03-07T00:31:18.078Z] GET /api/entries/155?periodo=2026
[2026-03-07T00:31:18.078Z] GET /api/entries/156?periodo=2026
[2026-03-07T00:31:18.080Z] GET /api/entries/151?periodo=2026
[2026-03-07T00:31:18.081Z] GET /api/entries/159?periodo=2026
[2026-03-07T00:31:18.082Z] GET /api/entries/160?periodo=2026
[2026-03-07T00:31:18.083Z] GET /api/entries/161?periodo=2026
[2026-03-07T00:31:18.083Z] GET /api/entries/158?periodo=2026
[2026-03-07T00:31:18.083Z] GET /api/entries/163?periodo=2026
[2026-03-07T00:31:18.085Z] GET /api/entries/162?periodo=2026
[2026-03-07T00:31:18.085Z] GET /api/entries/164?periodo=2026
[2026-03-07T00:31:18.086Z] GET /api/entries/171?periodo=2026
[2026-03-07T00:31:18.087Z] GET /api/entries/166?periodo=2026
[2026-03-07T00:31:18.087Z] GET /api/entries/167?periodo=2026
[2026-03-07T00:31:18.088Z] GET /api/entries/168?periodo=2026
[2026-03-07T00:31:18.089Z] GET /api/entries/173?periodo=2026
[2026-03-07T00:31:18.089Z] GET /api/entries/174?periodo=2026
[2026-03-07T00:31:18.089Z] GET /api/entries/172?periodo=2026
[2026-03-07T00:31:18.090Z] GET /api/entries/170?periodo=2026
[2026-03-07T00:31:18.090Z] GET /api/entries/169?periodo=2026
[2026-03-07T00:31:18.091Z] GET /api/entries/175?periodo=2026
[2026-03-07T00:31:18.091Z] GET /api/entries/177?periodo=2026
[2026-03-07T00:31:18.091Z] GET /api/entries/178?periodo=2026
[2026-03-07T00:31:18.092Z] GET /api/entries/182?periodo=2026
[2026-03-07T00:31:18.092Z] GET /api/entries/180?periodo=2026
[2026-03-07T00:31:18.093Z] GET /api/entries/176?periodo=2026
[2026-03-07T00:31:18.093Z] GET /api/entries/183?periodo=2026
[2026-03-07T00:31:18.093Z] GET /api/entries/181?periodo=2026
[2026-03-07T00:31:18.094Z] GET /api/entries/179?periodo=2026
[2026-03-07T00:31:18.094Z] GET /api/entries/184?periodo=2026
[2026-03-07T00:31:18.095Z] GET /api/entries/185?periodo=2026
[2026-03-07T00:31:18.095Z] GET /api/entries/187?periodo=2026
[2026-03-07T00:31:18.095Z] GET /api/entries/190?periodo=2026
[2026-03-07T00:31:18.096Z] GET /api/entries/186?periodo=2026
[2026-03-07T00:31:18.096Z] GET /api/entries/188?periodo=2026
[2026-03-07T00:31:18.097Z] GET /api/entries/189?periodo=2026
[2026-03-07T00:31:18.097Z] GET /api/entries/191?periodo=2026
[2026-03-07T00:31:18.098Z] GET /api/entries/192?periodo=2026
[2026-03-07T00:31:18.098Z] GET /api/entries/195?periodo=2026
[2026-03-07T00:31:18.099Z] GET /api/entries/196?periodo=2026
[2026-03-07T00:31:18.099Z] GET /api/entries/193?periodo=2026
[2026-03-07T00:31:18.100Z] GET /api/entries/194?periodo=2026
[2026-03-07T00:31:18.100Z] GET /api/entries/197?periodo=2026
[2026-03-07T00:31:18.101Z] GET /api/entries/198?periodo=2026
[2026-03-07T00:31:18.101Z] GET /api/entries/199?periodo=2026
[2026-03-07T00:31:18.101Z] GET /api/entries/200?periodo=2026
[2026-03-07T00:31:18.102Z] GET /api/entries/201?periodo=2026
[2026-03-07T00:31:18.102Z] GET /api/entries/202?periodo=2026
[2026-03-07T00:31:18.104Z] GET /api/entries/203?periodo=2026
[2026-03-07T00:31:18.104Z] GET /api/entries/205?periodo=2026
[2026-03-07T00:31:18.104Z] GET /api/entries/206?periodo=2026
[2026-03-07T00:31:18.105Z] GET /api/entries/208?periodo=2026
[2026-03-07T00:31:18.106Z] GET /api/entries/207?periodo=2026
[2026-03-07T00:31:18.106Z] GET /api/entries/210?periodo=2026
[2026-03-07T00:31:18.107Z] GET /api/entries/209?periodo=2026
[2026-03-07T00:31:18.107Z] GET /api/entries/204?periodo=2026
[2026-03-07T00:31:18.108Z] GET /api/entries/213?periodo=2026
[2026-03-07T00:31:18.108Z] GET /api/entries/215?periodo=2026
[2026-03-07T00:31:18.108Z] GET /api/entries/214?periodo=2026
[2026-03-07T00:31:18.108Z] GET /api/entries/212?periodo=2026
[2026-03-07T00:31:18.109Z] GET /api/entries/211?periodo=2026
[2026-03-07T00:31:18.109Z] GET /api/entries/216?periodo=2026
[2026-03-07T00:31:18.109Z] GET /api/entries/217?periodo=2026
[2026-03-07T00:31:18.110Z] GET /api/entries/220?periodo=2026
[2026-03-07T00:31:18.110Z] GET /api/entries/221?periodo=2026
[2026-03-07T00:31:18.111Z] GET /api/entries/222?periodo=2026
[2026-03-07T00:31:18.111Z] GET /api/entries/218?periodo=2026
[2026-03-07T00:31:18.111Z] GET /api/entries/219?periodo=2026
[2026-03-07T00:31:18.112Z] GET /api/entries/223?periodo=2026
[2026-03-07T00:31:18.112Z] GET /api/entries/224?periodo=2026
[2026-03-07T00:31:18.113Z] GET /api/entries/225?periodo=2026
[2026-03-07T00:31:18.113Z] GET /api/entries/228?periodo=2026
[2026-03-07T00:31:18.113Z] GET /api/entries/226?periodo=2026
[2026-03-07T00:31:18.114Z] GET /api/entries/233?periodo=2026
[2026-03-07T00:31:18.114Z] GET /api/entries/229?periodo=2026
[2026-03-07T00:31:18.114Z] GET /api/entries/230?periodo=2026
[2026-03-07T00:31:18.115Z] GET /api/entries/234?periodo=2026
[2026-03-07T00:31:18.115Z] GET /api/entries/235?periodo=2026
[2026-03-07T00:31:18.116Z] GET /api/entries/237?periodo=2026
[2026-03-07T00:31:18.117Z] GET /api/entries/238?periodo=2026
[2026-03-07T00:31:18.117Z] GET /api/entries/240?periodo=2026
[2026-03-07T00:31:18.118Z] GET /api/entries/236?periodo=2026
[2026-03-07T00:31:18.118Z] GET /api/entries/239?periodo=2026
[2026-03-07T00:31:18.119Z] GET /api/entries/243?periodo=2026
[2026-03-07T00:31:18.119Z] GET /api/entries/242?periodo=2026
[2026-03-07T00:31:18.120Z] GET /api/entries/244?periodo=2026
[2026-03-07T00:31:18.120Z] GET /api/entries/245?periodo=2026
[2026-03-07T00:31:18.122Z] GET /api/entries/246?periodo=2026
[2026-03-07T00:31:18.122Z] GET /api/entries/247?periodo=2026
[2026-03-07T00:31:18.123Z] GET /api/entries/248?periodo=2026
[2026-03-07T00:31:18.123Z] GET /api/entries/249?periodo=2026
[2026-03-07T00:31:18.124Z] GET /api/entries/250?periodo=2026
[2026-03-07T00:31:18.124Z] GET /api/entries/253?periodo=2026
[2026-03-07T00:31:18.124Z] GET /api/entries/251?periodo=2026
[2026-03-07T00:31:18.125Z] GET /api/entries/252?periodo=2026
[2026-03-07T00:31:18.125Z] GET /api/entries/255?periodo=2026
[2026-03-07T00:31:18.125Z] GET /api/entries/254?periodo=2026
[2026-03-07T00:31:18.126Z] GET /api/entries/257?periodo=2026
[2026-03-07T00:31:18.126Z] GET /api/entries/258?periodo=2026
[2026-03-07T00:31:18.126Z] GET /api/entries/259?periodo=2026
[2026-03-07T00:31:18.127Z] GET /api/entries/260?periodo=2026
[2026-03-07T00:31:18.128Z] GET /api/entries/265?periodo=2026
[2026-03-07T00:31:18.128Z] GET /api/entries/261?periodo=2026
[2026-03-07T00:31:18.128Z] GET /api/entries/262?periodo=2026
[2026-03-07T00:31:18.129Z] GET /api/entries/263?periodo=2026
[2026-03-07T00:31:18.129Z] GET /api/entries/264?periodo=2026
[2026-03-07T00:31:18.129Z] GET /api/entries/268?periodo=2026
[2026-03-07T00:31:18.131Z] GET /api/entries/266?periodo=2026
[2026-03-07T00:31:18.131Z] GET /api/entries/267?periodo=2026
[2026-03-07T00:31:18.132Z] GET /api/entries/269?periodo=2026
[2026-03-07T00:31:18.132Z] GET /api/entries/270?periodo=2026
[2026-03-07T00:31:18.132Z] GET /api/entries/271?periodo=2026
[2026-03-07T00:31:18.133Z] GET /api/entries/272?periodo=2026
[2026-03-07T00:31:18.134Z] GET /api/entries/275?periodo=2026
[2026-03-07T00:31:18.134Z] GET /api/entries/273?periodo=2026
[2026-03-07T00:31:18.134Z] GET /api/entries/274?periodo=2026
[2026-03-07T00:31:18.135Z] GET /api/entries/278?periodo=2026
[2026-03-07T00:31:18.135Z] GET /api/entries/276?periodo=2026
[2026-03-07T00:31:18.135Z] GET /api/entries/277?periodo=2026
[2026-03-07T00:31:18.136Z] GET /api/entries/280?periodo=2026
[2026-03-07T00:31:18.137Z] GET /api/entries/279?periodo=2026
[2026-03-07T00:31:18.137Z] GET /api/entries/281?periodo=2026
[2026-03-07T00:31:18.138Z] GET /api/entries/283?periodo=2026
[2026-03-07T00:31:18.138Z] GET /api/entries/282?periodo=2026
[2026-03-07T00:31:18.139Z] GET /api/entries/284?periodo=2026
[2026-03-07T00:31:18.139Z] GET /api/entries/285?periodo=2026
[2026-03-07T00:31:18.140Z] GET /api/entries/286?periodo=2026
[2026-03-07T00:31:18.140Z] GET /api/entries/293?periodo=2026
[2026-03-07T00:31:18.140Z] GET /api/entries/288?periodo=2026
[2026-03-07T00:31:18.141Z] GET /api/entries/289?periodo=2026
[2026-03-07T00:31:18.141Z] GET /api/entries/292?periodo=2026
[2026-03-07T00:31:18.141Z] GET /api/entries/290?periodo=2026
[2026-03-07T00:31:18.142Z] GET /api/entries/291?periodo=2026
[2026-03-07T00:31:18.142Z] GET /api/entries/297?periodo=2026
[2026-03-07T00:31:18.142Z] GET /api/entries/294?periodo=2026
[2026-03-07T00:31:18.143Z] GET /api/entries/295?periodo=2026
[2026-03-07T00:31:18.143Z] GET /api/entries/296?periodo=2026
[2026-03-07T00:31:18.144Z] GET /api/entries/298?periodo=2026
[2026-03-07T00:31:18.144Z] GET /api/entries/300?periodo=2026
[2026-03-07T00:31:18.145Z] GET /api/entries/301?periodo=2026
[2026-03-07T00:31:18.145Z] GET /api/entries/303?periodo=2026
[2026-03-07T00:31:18.146Z] GET /api/entries/299?periodo=2026
[2026-03-07T00:31:18.146Z] GET /api/entries/304?periodo=2026
[2026-03-07T00:31:18.146Z] GET /api/entries/302?periodo=2026
[2026-03-07T00:31:18.147Z] GET /api/entries/305?periodo=2026
[2026-03-07T00:31:18.148Z] GET /api/entries/306?periodo=2026
[2026-03-07T00:31:18.148Z] GET /api/entries/307?periodo=2026
[2026-03-07T00:31:18.149Z] GET /api/entries/412?periodo=2026
[2026-03-07T00:31:18.149Z] GET /api/entries/414?periodo=2026
[2026-03-07T00:31:18.150Z] GET /api/entries/417?periodo=2026
[2026-03-07T00:31:18.151Z] GET /api/entries/415?periodo=2026
[2026-03-07T00:31:18.151Z] GET /api/entries/416?periodo=2026
[2026-03-07T00:31:18.281Z] OPTIONS /api/activities?periodo=2026
[2026-03-07T00:31:18.281Z] GET /api/activities?periodo=2026
[2026-03-07T00:31:18.284Z] GET /api/activities?periodo=2026
[2026-03-07T00:31:19.393Z] OPTIONS /api/narratives/my-captures?periodo=2026
[2026-03-07T00:31:19.394Z] GET /api/narratives/my-captures?periodo=2026
[2026-03-07T00:31:19.396Z] GET /api/narratives/my-captures?periodo=2026
[2026-03-07T00:31:21.873Z] OPTIONS /api/catalogs/narrative-titles?periodo=2026
[2026-03-07T00:31:21.874Z] OPTIONS /api/catalogs/ods?periodo=2026
[2026-03-07T00:31:21.874Z] OPTIONS /api/catalogs/ped/missions?periodo=2026
[2026-03-07T00:31:21.875Z] OPTIONS /api/catalogs/ped/objectives
[2026-03-07T00:31:21.875Z] GET /api/catalogs/narrative-titles?periodo=2026
[2026-03-07T00:31:21.876Z] GET /api/catalogs/ods?periodo=2026
[2026-03-07T00:31:21.876Z] GET /api/catalogs/ped/missions?periodo=2026
[2026-03-07T00:31:21.876Z] OPTIONS /api/catalogs/ped/strategies
[2026-03-07T00:31:21.877Z] OPTIONS /api/catalogs/ped/action-lines
[2026-03-07T00:31:21.877Z] GET /api/catalogs/ped/objectives
[2026-03-07T00:31:21.877Z] OPTIONS /api/catalogs/budget-programs?periodo=2026
[2026-03-07T00:31:21.877Z] OPTIONS /api/catalogs/ppas-types
[2026-03-07T00:31:21.877Z] GET /api/catalogs/ped/strategies
[2026-03-07T00:31:21.878Z] GET /api/catalogs/ods?periodo=2026
[2026-03-07T00:31:21.878Z] GET /api/catalogs/ped/missions?periodo=2026
[2026-03-07T00:31:21.878Z] GET /api/catalogs/ped/action-lines
[2026-03-07T00:31:21.879Z] GET /api/catalogs/budget-programs?periodo=2026
[2026-03-07T00:31:21.879Z] GET /api/catalogs/ppas-types
[2026-03-07T00:31:21.883Z] GET /api/catalogs/narrative-titles?periodo=2026
[2026-03-07T00:31:21.883Z] GET /api/catalogs/ppas-types
[2026-03-07T00:31:21.886Z] GET /api/catalogs/ped/objectives
[2026-03-07T00:31:21.888Z] GET /api/catalogs/ped/strategies
[2026-03-07T00:31:21.889Z] GET /api/catalogs/ped/action-lines
[2026-03-07T00:31:21.890Z] GET /api/catalogs/budget-programs?periodo=2026
[2026-03-07T00:31:21.891Z] OPTIONS /api/catalogs/default-classification
[2026-03-07T00:31:21.892Z] GET /api/catalogs/default-classification
[default-classification] JWT user.id=156 type=string
[default-classification] depRaw=[{"name":"Secretaría de Salud"}]
Default classification for "Secretaría de Salud": titulo="SISTEMA DE SALUD PARA EL BIENESTAR"(14), tema="PROMOCIÓN, PREVENCIÓN Y ATENCIÓN TEMPRANA"(26), subtema="Cuidado de la salud mental y prevención de las adicciones"(14) | allowed: 1 titulos
[2026-03-07T00:31:21.898Z] GET /api/catalogs/default-classification
[default-classification] JWT user.id=156 type=string
[2026-03-07T00:31:21.899Z] OPTIONS /api/catalogs/narrative-themes?periodo=2026&title_id=14
[default-classification] depRaw=[{"name":"Secretaría de Salud"}]
[2026-03-07T00:31:21.901Z] GET /api/catalogs/narrative-themes?periodo=2026&title_id=14
Default classification for "Secretaría de Salud": titulo="SISTEMA DE SALUD PARA EL BIENESTAR"(14), tema="PROMOCIÓN, PREVENCIÓN Y ATENCIÓN TEMPRANA"(26), subtema="Cuidado de la salud mental y prevención de las adicciones"(14) | allowed: 1 titulos
[2026-03-07T00:31:21.904Z] OPTIONS /api/catalogs/narrative-subthemes?periodo=2026&theme_id=26
[2026-03-07T00:31:21.905Z] GET /api/catalogs/narrative-subthemes?periodo=2026&theme_id=26
[2026-03-07T00:31:21.905Z] GET /api/catalogs/narrative-themes?periodo=2026&title_id=14
[2026-03-07T00:31:21.921Z] GET /api/catalogs/narrative-subthemes?periodo=2026&theme_id=26
[2026-03-07T00:31:22.928Z] GET /api/narratives/my-captures?periodo=2026
[2026-03-07T00:31:22.931Z] GET /api/narratives/my-captures?periodo=2026
[2026-03-07T00:31:24.375Z] OPTIONS /api/activities?periodo=2026
[2026-03-07T00:31:24.375Z] GET /api/activities?periodo=2026
[2026-03-07T00:31:24.378Z] GET /api/activities?periodo=2026
[2026-03-07T00:31:25.757Z] OPTIONS /api/entities?periodo=2026
[2026-03-07T00:31:25.758Z] GET /api/entities?periodo=2026
[2026-03-07T00:31:25.796Z] GET /api/entities?periodo=2026
[2026-03-07T00:31:25.801Z] OPTIONS /api/entries/2?periodo=2026
[2026-03-07T00:31:25.801Z] OPTIONS /api/entries/3?periodo=2026
[2026-03-07T00:31:25.802Z] OPTIONS /api/entries/4?periodo=2026
[2026-03-07T00:31:25.806Z] GET /api/entries/2?periodo=2026
[2026-03-07T00:31:25.806Z] GET /api/entries/3?periodo=2026
[2026-03-07T00:31:25.807Z] OPTIONS /api/entries/5?periodo=2026
[2026-03-07T00:31:25.807Z] OPTIONS /api/entries/6?periodo=2026
[2026-03-07T00:31:25.809Z] GET /api/entries/4?periodo=2026
[2026-03-07T00:31:25.809Z] OPTIONS /api/entries/7?periodo=2026
[2026-03-07T00:31:25.811Z] OPTIONS /api/entries/8?periodo=2026
[2026-03-07T00:31:25.812Z] OPTIONS /api/entries/9?periodo=2026
[2026-03-07T00:31:25.815Z] OPTIONS /api/entries/10?periodo=2026
[2026-03-07T00:31:25.816Z] OPTIONS /api/entries/11?periodo=2026
[2026-03-07T00:31:25.816Z] OPTIONS /api/entries/12?periodo=2026
[2026-03-07T00:31:25.816Z] OPTIONS /api/entries/13?periodo=2026
[2026-03-07T00:31:25.830Z] GET /api/entries/5?periodo=2026
[2026-03-07T00:31:25.830Z] OPTIONS /api/entries/14?periodo=2026
[2026-03-07T00:31:25.831Z] GET /api/entries/6?periodo=2026
[2026-03-07T00:31:25.831Z] OPTIONS /api/entries/15?periodo=2026
[2026-03-07T00:31:25.831Z] OPTIONS /api/entries/16?periodo=2026
[2026-03-07T00:31:25.831Z] GET /api/entries/7?periodo=2026
[2026-03-07T00:31:25.832Z] OPTIONS /api/entries/17?periodo=2026
[2026-03-07T00:31:25.832Z] OPTIONS /api/entries/18?periodo=2026
[2026-03-07T00:31:25.832Z] OPTIONS /api/entries/19?periodo=2026
[2026-03-07T00:31:25.832Z] OPTIONS /api/entries/22?periodo=2026
[2026-03-07T00:31:25.832Z] OPTIONS /api/entries/21?periodo=2026
[2026-03-07T00:31:25.832Z] GET /api/entries/8?periodo=2026
[2026-03-07T00:31:25.832Z] OPTIONS /api/entries/23?periodo=2026
[2026-03-07T00:31:25.833Z] OPTIONS /api/entries/24?periodo=2026
[2026-03-07T00:31:25.833Z] GET /api/entries/9?periodo=2026
[2026-03-07T00:31:25.833Z] OPTIONS /api/entries/25?periodo=2026
[2026-03-07T00:31:25.833Z] OPTIONS /api/entries/26?periodo=2026
[2026-03-07T00:31:25.833Z] OPTIONS /api/entries/28?periodo=2026
[2026-03-07T00:31:25.833Z] OPTIONS /api/entries/29?periodo=2026
[2026-03-07T00:31:25.833Z] OPTIONS /api/entries/30?periodo=2026
[2026-03-07T00:31:25.833Z] GET /api/entries/10?periodo=2026
[2026-03-07T00:31:25.834Z] GET /api/entries/11?periodo=2026
[2026-03-07T00:31:25.834Z] OPTIONS /api/entries/31?periodo=2026
[2026-03-07T00:31:25.834Z] GET /api/entries/12?periodo=2026
[2026-03-07T00:31:25.834Z] GET /api/entries/13?periodo=2026
[2026-03-07T00:31:25.835Z] OPTIONS /api/entries/32?periodo=2026
[2026-03-07T00:31:25.835Z] OPTIONS /api/entries/33?periodo=2026
[2026-03-07T00:31:25.837Z] OPTIONS /api/entries/34?periodo=2026
[2026-03-07T00:31:25.837Z] OPTIONS /api/entries/35?periodo=2026
[2026-03-07T00:31:25.839Z] OPTIONS /api/entries/36?periodo=2026
[2026-03-07T00:31:25.839Z] OPTIONS /api/entries/37?periodo=2026
[2026-03-07T00:31:25.839Z] OPTIONS /api/entries/39?periodo=2026
[2026-03-07T00:31:25.840Z] OPTIONS /api/entries/40?periodo=2026
[2026-03-07T00:31:25.841Z] OPTIONS /api/entries/41?periodo=2026
[2026-03-07T00:31:25.842Z] OPTIONS /api/entries/42?periodo=2026
[2026-03-07T00:31:25.843Z] OPTIONS /api/entries/43?periodo=2026
[2026-03-07T00:31:25.844Z] OPTIONS /api/entries/45?periodo=2026
[2026-03-07T00:31:25.846Z] OPTIONS /api/entries/46?periodo=2026
[2026-03-07T00:31:25.848Z] OPTIONS /api/entries/47?periodo=2026
[2026-03-07T00:31:25.849Z] OPTIONS /api/entries/48?periodo=2026
[2026-03-07T00:31:25.849Z] OPTIONS /api/entries/49?periodo=2026
[2026-03-07T00:31:25.850Z] OPTIONS /api/entries/50?periodo=2026
[2026-03-07T00:31:25.850Z] OPTIONS /api/entries/51?periodo=2026
[2026-03-07T00:31:25.850Z] OPTIONS /api/entries/52?periodo=2026
[2026-03-07T00:31:25.856Z] OPTIONS /api/entries/53?periodo=2026
[2026-03-07T00:31:25.858Z] OPTIONS /api/entries/54?periodo=2026
[2026-03-07T00:31:25.858Z] OPTIONS /api/entries/56?periodo=2026
[2026-03-07T00:31:25.859Z] OPTIONS /api/entries/57?periodo=2026
[2026-03-07T00:31:25.859Z] OPTIONS /api/entries/58?periodo=2026
[2026-03-07T00:31:25.859Z] OPTIONS /api/entries/59?periodo=2026
[2026-03-07T00:31:25.859Z] OPTIONS /api/entries/60?periodo=2026
[2026-03-07T00:31:25.860Z] OPTIONS /api/entries/61?periodo=2026
[2026-03-07T00:31:25.860Z] OPTIONS /api/entries/62?periodo=2026
[2026-03-07T00:31:25.862Z] OPTIONS /api/entries/63?periodo=2026
[2026-03-07T00:31:25.863Z] GET /api/entries/14?periodo=2026
[2026-03-07T00:31:25.863Z] OPTIONS /api/entries/65?periodo=2026
[2026-03-07T00:31:25.864Z] GET /api/entries/15?periodo=2026
[2026-03-07T00:31:25.864Z] GET /api/entries/16?periodo=2026
[2026-03-07T00:31:25.865Z] OPTIONS /api/entries/66?periodo=2026
[2026-03-07T00:31:25.865Z] OPTIONS /api/entries/67?periodo=2026
[2026-03-07T00:31:25.865Z] GET /api/entries/17?periodo=2026
[2026-03-07T00:31:25.865Z] OPTIONS /api/entries/69?periodo=2026
[2026-03-07T00:31:25.865Z] GET /api/entries/18?periodo=2026
[2026-03-07T00:31:25.866Z] GET /api/entries/19?periodo=2026
[2026-03-07T00:31:25.866Z] GET /api/entries/22?periodo=2026
[2026-03-07T00:31:25.867Z] GET /api/entries/21?periodo=2026
[2026-03-07T00:31:25.867Z] GET /api/entries/23?periodo=2026
[2026-03-07T00:31:25.867Z] GET /api/entries/24?periodo=2026
[2026-03-07T00:31:25.868Z] OPTIONS /api/entries/70?periodo=2026
[2026-03-07T00:31:25.868Z] GET /api/entries/25?periodo=2026
[2026-03-07T00:31:25.868Z] GET /api/entries/26?periodo=2026
[2026-03-07T00:31:25.868Z] GET /api/entries/28?periodo=2026
[2026-03-07T00:31:25.869Z] OPTIONS /api/entries/71?periodo=2026
[2026-03-07T00:31:25.869Z] GET /api/entries/30?periodo=2026
[2026-03-07T00:31:25.869Z] GET /api/entries/29?periodo=2026
[2026-03-07T00:31:25.870Z] OPTIONS /api/entries/72?periodo=2026
[2026-03-07T00:31:25.870Z] GET /api/entries/31?periodo=2026
[2026-03-07T00:31:25.870Z] OPTIONS /api/entries/73?periodo=2026
[2026-03-07T00:31:25.870Z] OPTIONS /api/entries/74?periodo=2026
[2026-03-07T00:31:25.871Z] OPTIONS /api/entries/75?periodo=2026
[2026-03-07T00:31:25.871Z] OPTIONS /api/entries/76?periodo=2026
[2026-03-07T00:31:25.871Z] OPTIONS /api/entries/77?periodo=2026
[2026-03-07T00:31:25.871Z] OPTIONS /api/entries/78?periodo=2026
[2026-03-07T00:31:25.871Z] OPTIONS /api/entries/79?periodo=2026
[2026-03-07T00:31:25.871Z] GET /api/entries/32?periodo=2026
[2026-03-07T00:31:25.871Z] OPTIONS /api/entries/83?periodo=2026
[2026-03-07T00:31:25.871Z] OPTIONS /api/entries/81?periodo=2026
[2026-03-07T00:31:25.871Z] GET /api/entries/33?periodo=2026
[2026-03-07T00:31:25.872Z] OPTIONS /api/entries/82?periodo=2026
[2026-03-07T00:31:25.872Z] OPTIONS /api/entries/84?periodo=2026
[2026-03-07T00:31:25.872Z] GET /api/entries/34?periodo=2026
[2026-03-07T00:31:25.873Z] OPTIONS /api/entries/85?periodo=2026
[2026-03-07T00:31:25.873Z] GET /api/entries/35?periodo=2026
[2026-03-07T00:31:25.873Z] OPTIONS /api/entries/86?periodo=2026
[2026-03-07T00:31:25.873Z] OPTIONS /api/entries/87?periodo=2026
[2026-03-07T00:31:25.874Z] OPTIONS /api/entries/89?periodo=2026
[2026-03-07T00:31:25.874Z] OPTIONS /api/entries/91?periodo=2026
[2026-03-07T00:31:25.874Z] OPTIONS /api/entries/92?periodo=2026
[2026-03-07T00:31:25.874Z] OPTIONS /api/entries/93?periodo=2026
[2026-03-07T00:31:25.874Z] GET /api/entries/36?periodo=2026
[2026-03-07T00:31:25.875Z] GET /api/entries/37?periodo=2026
[2026-03-07T00:31:25.875Z] GET /api/entries/39?periodo=2026
[2026-03-07T00:31:25.875Z] OPTIONS /api/entries/95?periodo=2026
[2026-03-07T00:31:25.876Z] OPTIONS /api/entries/96?periodo=2026
[2026-03-07T00:31:25.876Z] OPTIONS /api/entries/97?periodo=2026
[2026-03-07T00:31:25.876Z] OPTIONS /api/entries/98?periodo=2026
[2026-03-07T00:31:25.876Z] OPTIONS /api/entries/99?periodo=2026
[2026-03-07T00:31:25.876Z] GET /api/entries/40?periodo=2026
[2026-03-07T00:31:25.877Z] OPTIONS /api/entries/100?periodo=2026
[2026-03-07T00:31:25.877Z] OPTIONS /api/entries/101?periodo=2026
[2026-03-07T00:31:25.877Z] OPTIONS /api/entries/102?periodo=2026
[2026-03-07T00:31:25.877Z] OPTIONS /api/entries/103?periodo=2026
[2026-03-07T00:31:25.878Z] OPTIONS /api/entries/104?periodo=2026
[2026-03-07T00:31:25.878Z] GET /api/entries/41?periodo=2026
[2026-03-07T00:31:25.878Z] OPTIONS /api/entries/107?periodo=2026
[2026-03-07T00:31:25.879Z] GET /api/entries/42?periodo=2026
[2026-03-07T00:31:25.879Z] OPTIONS /api/entries/108?periodo=2026
[2026-03-07T00:31:25.879Z] OPTIONS /api/entries/110?periodo=2026
[2026-03-07T00:31:25.880Z] OPTIONS /api/entries/111?periodo=2026
[2026-03-07T00:31:25.880Z] OPTIONS /api/entries/112?periodo=2026
[2026-03-07T00:31:25.881Z] OPTIONS /api/entries/113?periodo=2026
[2026-03-07T00:31:25.881Z] OPTIONS /api/entries/114?periodo=2026
[2026-03-07T00:31:25.881Z] GET /api/entries/43?periodo=2026
[2026-03-07T00:31:25.881Z] OPTIONS /api/entries/115?periodo=2026
[2026-03-07T00:31:25.881Z] OPTIONS /api/entries/116?periodo=2026
[2026-03-07T00:31:25.882Z] GET /api/entries/45?periodo=2026
[2026-03-07T00:31:25.882Z] OPTIONS /api/entries/117?periodo=2026
[2026-03-07T00:31:25.882Z] OPTIONS /api/entries/118?periodo=2026
[2026-03-07T00:31:25.883Z] OPTIONS /api/entries/119?periodo=2026
[2026-03-07T00:31:25.884Z] OPTIONS /api/entries/120?periodo=2026
[2026-03-07T00:31:25.884Z] OPTIONS /api/entries/121?periodo=2026
[2026-03-07T00:31:25.884Z] GET /api/entries/46?periodo=2026
[2026-03-07T00:31:25.884Z] OPTIONS /api/entries/122?periodo=2026
[2026-03-07T00:31:25.884Z] OPTIONS /api/entries/123?periodo=2026
[2026-03-07T00:31:25.885Z] OPTIONS /api/entries/124?periodo=2026
[2026-03-07T00:31:25.886Z] GET /api/entries/47?periodo=2026
[2026-03-07T00:31:25.886Z] OPTIONS /api/entries/125?periodo=2026
[2026-03-07T00:31:25.886Z] OPTIONS /api/entries/126?periodo=2026
[2026-03-07T00:31:25.887Z] OPTIONS /api/entries/127?periodo=2026
[2026-03-07T00:31:25.887Z] OPTIONS /api/entries/128?periodo=2026
[2026-03-07T00:31:25.887Z] OPTIONS /api/entries/129?periodo=2026
[2026-03-07T00:31:25.889Z] OPTIONS /api/entries/130?periodo=2026
[2026-03-07T00:31:25.889Z] GET /api/entries/48?periodo=2026
[2026-03-07T00:31:25.889Z] OPTIONS /api/entries/131?periodo=2026
[2026-03-07T00:31:25.889Z] OPTIONS /api/entries/132?periodo=2026
[2026-03-07T00:31:25.890Z] GET /api/entries/49?periodo=2026
[2026-03-07T00:31:25.890Z] OPTIONS /api/entries/133?periodo=2026
[2026-03-07T00:31:25.890Z] OPTIONS /api/entries/134?periodo=2026
[2026-03-07T00:31:25.890Z] GET /api/entries/50?periodo=2026
[2026-03-07T00:31:25.891Z] GET /api/entries/51?periodo=2026
[2026-03-07T00:31:25.891Z] OPTIONS /api/entries/135?periodo=2026
[2026-03-07T00:31:25.891Z] GET /api/entries/52?periodo=2026
[2026-03-07T00:31:25.892Z] OPTIONS /api/entries/136?periodo=2026
[2026-03-07T00:31:25.893Z] OPTIONS /api/entries/137?periodo=2026
[2026-03-07T00:31:25.893Z] OPTIONS /api/entries/138?periodo=2026
[2026-03-07T00:31:25.893Z] OPTIONS /api/entries/139?periodo=2026
[2026-03-07T00:31:25.893Z] OPTIONS /api/entries/140?periodo=2026
[2026-03-07T00:31:25.894Z] OPTIONS /api/entries/141?periodo=2026
[2026-03-07T00:31:25.894Z] OPTIONS /api/entries/142?periodo=2026
[2026-03-07T00:31:25.894Z] OPTIONS /api/entries/143?periodo=2026
[2026-03-07T00:31:25.895Z] OPTIONS /api/entries/144?periodo=2026
[2026-03-07T00:31:25.895Z] OPTIONS /api/entries/145?periodo=2026
[2026-03-07T00:31:25.895Z] OPTIONS /api/entries/146?periodo=2026
[2026-03-07T00:31:25.895Z] OPTIONS /api/entries/147?periodo=2026
[2026-03-07T00:31:25.896Z] OPTIONS /api/entries/148?periodo=2026
[2026-03-07T00:31:25.896Z] OPTIONS /api/entries/149?periodo=2026
[2026-03-07T00:31:25.897Z] OPTIONS /api/entries/150?periodo=2026
[2026-03-07T00:31:25.897Z] OPTIONS /api/entries/151?periodo=2026
[2026-03-07T00:31:25.897Z] OPTIONS /api/entries/152?periodo=2026
[2026-03-07T00:31:25.898Z] OPTIONS /api/entries/153?periodo=2026
[2026-03-07T00:31:25.898Z] OPTIONS /api/entries/154?periodo=2026
[2026-03-07T00:31:25.899Z] GET /api/entries/53?periodo=2026
[2026-03-07T00:31:25.901Z] OPTIONS /api/entries/155?periodo=2026
[2026-03-07T00:31:25.901Z] OPTIONS /api/entries/156?periodo=2026
[2026-03-07T00:31:25.901Z] OPTIONS /api/entries/158?periodo=2026
[2026-03-07T00:31:25.901Z] OPTIONS /api/entries/159?periodo=2026
[2026-03-07T00:31:25.902Z] OPTIONS /api/entries/160?periodo=2026
[2026-03-07T00:31:25.902Z] OPTIONS /api/entries/161?periodo=2026
[2026-03-07T00:31:25.902Z] GET /api/entries/54?periodo=2026
[2026-03-07T00:31:25.903Z] GET /api/entries/56?periodo=2026
[2026-03-07T00:31:25.903Z] OPTIONS /api/entries/162?periodo=2026
[2026-03-07T00:31:25.903Z] OPTIONS /api/entries/163?periodo=2026
[2026-03-07T00:31:25.904Z] OPTIONS /api/entries/164?periodo=2026
[2026-03-07T00:31:25.904Z] GET /api/entries/57?periodo=2026
[2026-03-07T00:31:25.904Z] GET /api/entries/58?periodo=2026
[2026-03-07T00:31:25.904Z] OPTIONS /api/entries/166?periodo=2026
[2026-03-07T00:31:25.904Z] GET /api/entries/59?periodo=2026
[2026-03-07T00:31:25.905Z] OPTIONS /api/entries/167?periodo=2026
[2026-03-07T00:31:25.905Z] GET /api/entries/60?periodo=2026
[2026-03-07T00:31:25.905Z] OPTIONS /api/entries/168?periodo=2026
[2026-03-07T00:31:25.905Z] OPTIONS /api/entries/169?periodo=2026
[2026-03-07T00:31:25.906Z] OPTIONS /api/entries/170?periodo=2026
[2026-03-07T00:31:25.906Z] OPTIONS /api/entries/171?periodo=2026
[2026-03-07T00:31:25.906Z] GET /api/entries/61?periodo=2026
[2026-03-07T00:31:25.907Z] OPTIONS /api/entries/173?periodo=2026
[2026-03-07T00:31:25.907Z] OPTIONS /api/entries/172?periodo=2026
[2026-03-07T00:31:25.907Z] GET /api/entries/62?periodo=2026
[2026-03-07T00:31:25.907Z] OPTIONS /api/entries/174?periodo=2026
[2026-03-07T00:31:25.908Z] OPTIONS /api/entries/175?periodo=2026
[2026-03-07T00:31:25.908Z] OPTIONS /api/entries/178?periodo=2026
[2026-03-07T00:31:25.908Z] OPTIONS /api/entries/176?periodo=2026
[2026-03-07T00:31:25.908Z] OPTIONS /api/entries/177?periodo=2026
[2026-03-07T00:31:25.908Z] OPTIONS /api/entries/180?periodo=2026
[2026-03-07T00:31:25.908Z] OPTIONS /api/entries/181?periodo=2026
[2026-03-07T00:31:25.908Z] OPTIONS /api/entries/179?periodo=2026
[2026-03-07T00:31:25.909Z] OPTIONS /api/entries/183?periodo=2026
[2026-03-07T00:31:25.909Z] OPTIONS /api/entries/184?periodo=2026
[2026-03-07T00:31:25.909Z] OPTIONS /api/entries/185?periodo=2026
[2026-03-07T00:31:25.909Z] OPTIONS /api/entries/182?periodo=2026
[2026-03-07T00:31:25.909Z] GET /api/entries/63?periodo=2026
[2026-03-07T00:31:25.909Z] OPTIONS /api/entries/186?periodo=2026
[2026-03-07T00:31:25.909Z] OPTIONS /api/entries/187?periodo=2026
[2026-03-07T00:31:25.909Z] OPTIONS /api/entries/188?periodo=2026
[2026-03-07T00:31:25.909Z] OPTIONS /api/entries/189?periodo=2026
[2026-03-07T00:31:25.910Z] OPTIONS /api/entries/190?periodo=2026
[2026-03-07T00:31:25.910Z] OPTIONS /api/entries/191?periodo=2026
[2026-03-07T00:31:25.910Z] OPTIONS /api/entries/192?periodo=2026
[2026-03-07T00:31:25.910Z] OPTIONS /api/entries/193?periodo=2026
[2026-03-07T00:31:25.910Z] GET /api/entries/65?periodo=2026
[2026-03-07T00:31:25.910Z] OPTIONS /api/entries/194?periodo=2026
[2026-03-07T00:31:25.910Z] OPTIONS /api/entries/195?periodo=2026
[2026-03-07T00:31:25.910Z] OPTIONS /api/entries/196?periodo=2026
[2026-03-07T00:31:25.911Z] OPTIONS /api/entries/197?periodo=2026
[2026-03-07T00:31:25.911Z] OPTIONS /api/entries/198?periodo=2026
[2026-03-07T00:31:25.911Z] GET /api/entries/66?periodo=2026
[2026-03-07T00:31:25.911Z] OPTIONS /api/entries/199?periodo=2026
[2026-03-07T00:31:25.911Z] GET /api/entries/67?periodo=2026
[2026-03-07T00:31:25.912Z] OPTIONS /api/entries/200?periodo=2026
[2026-03-07T00:31:25.912Z] OPTIONS /api/entries/201?periodo=2026
[2026-03-07T00:31:25.912Z] OPTIONS /api/entries/202?periodo=2026
[2026-03-07T00:31:25.912Z] GET /api/entries/69?periodo=2026
[2026-03-07T00:31:25.912Z] OPTIONS /api/entries/203?periodo=2026
[2026-03-07T00:31:25.912Z] OPTIONS /api/entries/204?periodo=2026
[2026-03-07T00:31:25.912Z] OPTIONS /api/entries/205?periodo=2026
[2026-03-07T00:31:25.913Z] OPTIONS /api/entries/206?periodo=2026
[2026-03-07T00:31:25.913Z] OPTIONS /api/entries/207?periodo=2026
[2026-03-07T00:31:25.913Z] GET /api/entries/70?periodo=2026
[2026-03-07T00:31:25.913Z] OPTIONS /api/entries/208?periodo=2026
[2026-03-07T00:31:25.913Z] OPTIONS /api/entries/209?periodo=2026
[2026-03-07T00:31:25.913Z] OPTIONS /api/entries/210?periodo=2026
[2026-03-07T00:31:25.914Z] OPTIONS /api/entries/212?periodo=2026
[2026-03-07T00:31:25.914Z] OPTIONS /api/entries/211?periodo=2026
[2026-03-07T00:31:25.914Z] OPTIONS /api/entries/213?periodo=2026
[2026-03-07T00:31:25.914Z] GET /api/entries/71?periodo=2026
[2026-03-07T00:31:25.914Z] GET /api/entries/72?periodo=2026
[2026-03-07T00:31:25.915Z] OPTIONS /api/entries/214?periodo=2026
[2026-03-07T00:31:25.915Z] OPTIONS /api/entries/215?periodo=2026
[2026-03-07T00:31:25.915Z] OPTIONS /api/entries/216?periodo=2026
[2026-03-07T00:31:25.915Z] OPTIONS /api/entries/217?periodo=2026
[2026-03-07T00:31:25.915Z] OPTIONS /api/entries/218?periodo=2026
[2026-03-07T00:31:25.916Z] OPTIONS /api/entries/219?periodo=2026
[2026-03-07T00:31:25.916Z] OPTIONS /api/entries/220?periodo=2026
[2026-03-07T00:31:25.916Z] OPTIONS /api/entries/221?periodo=2026
[2026-03-07T00:31:25.916Z] GET /api/entries/73?periodo=2026
[2026-03-07T00:31:25.916Z] GET /api/entries/74?periodo=2026
[2026-03-07T00:31:25.917Z] GET /api/entries/75?periodo=2026
[2026-03-07T00:31:25.917Z] GET /api/entries/76?periodo=2026
[2026-03-07T00:31:25.917Z] GET /api/entries/77?periodo=2026
[2026-03-07T00:31:25.917Z] GET /api/entries/78?periodo=2026
[2026-03-07T00:31:25.919Z] GET /api/entries/79?periodo=2026
[2026-03-07T00:31:25.920Z] OPTIONS /api/entries/222?periodo=2026
[2026-03-07T00:31:25.920Z] GET /api/entries/83?periodo=2026
[2026-03-07T00:31:25.921Z] GET /api/entries/81?periodo=2026
[2026-03-07T00:31:25.921Z] OPTIONS /api/entries/223?periodo=2026
[2026-03-07T00:31:25.921Z] OPTIONS /api/entries/224?periodo=2026
[2026-03-07T00:31:25.921Z] GET /api/entries/82?periodo=2026
[2026-03-07T00:31:25.921Z] OPTIONS /api/entries/225?periodo=2026
[2026-03-07T00:31:25.921Z] GET /api/entries/84?periodo=2026
[2026-03-07T00:31:25.922Z] OPTIONS /api/entries/226?periodo=2026
[2026-03-07T00:31:25.922Z] OPTIONS /api/entries/228?periodo=2026
[2026-03-07T00:31:25.922Z] OPTIONS /api/entries/230?periodo=2026
[2026-03-07T00:31:25.923Z] OPTIONS /api/entries/229?periodo=2026
[2026-03-07T00:31:25.923Z] GET /api/entries/85?periodo=2026
[2026-03-07T00:31:25.923Z] OPTIONS /api/entries/233?periodo=2026
[2026-03-07T00:31:25.923Z] OPTIONS /api/entries/234?periodo=2026
[2026-03-07T00:31:25.923Z] GET /api/entries/86?periodo=2026
[2026-03-07T00:31:25.924Z] OPTIONS /api/entries/235?periodo=2026
[2026-03-07T00:31:25.924Z] OPTIONS /api/entries/236?periodo=2026
[2026-03-07T00:31:25.924Z] GET /api/entries/89?periodo=2026
[2026-03-07T00:31:25.924Z] GET /api/entries/87?periodo=2026
[2026-03-07T00:31:25.924Z] OPTIONS /api/entries/237?periodo=2026
[2026-03-07T00:31:25.924Z] GET /api/entries/91?periodo=2026
[2026-03-07T00:31:25.925Z] OPTIONS /api/entries/239?periodo=2026
[2026-03-07T00:31:25.925Z] OPTIONS /api/entries/238?periodo=2026
[2026-03-07T00:31:25.925Z] GET /api/entries/93?periodo=2026
[2026-03-07T00:31:25.925Z] GET /api/entries/92?periodo=2026
[2026-03-07T00:31:25.926Z] OPTIONS /api/entries/240?periodo=2026
[2026-03-07T00:31:25.926Z] OPTIONS /api/entries/242?periodo=2026
[2026-03-07T00:31:25.926Z] OPTIONS /api/entries/243?periodo=2026
[2026-03-07T00:31:25.926Z] OPTIONS /api/entries/244?periodo=2026
[2026-03-07T00:31:25.926Z] OPTIONS /api/entries/245?periodo=2026
[2026-03-07T00:31:25.926Z] OPTIONS /api/entries/246?periodo=2026
[2026-03-07T00:31:25.927Z] GET /api/entries/95?periodo=2026
[2026-03-07T00:31:25.927Z] GET /api/entries/96?periodo=2026
[2026-03-07T00:31:25.928Z] OPTIONS /api/entries/247?periodo=2026
[2026-03-07T00:31:25.928Z] GET /api/entries/97?periodo=2026
[2026-03-07T00:31:25.928Z] GET /api/entries/98?periodo=2026
[2026-03-07T00:31:25.928Z] OPTIONS /api/entries/248?periodo=2026
[2026-03-07T00:31:25.928Z] OPTIONS /api/entries/249?periodo=2026
[2026-03-07T00:31:25.928Z] OPTIONS /api/entries/250?periodo=2026
[2026-03-07T00:31:25.929Z] GET /api/entries/99?periodo=2026
[2026-03-07T00:31:25.929Z] OPTIONS /api/entries/251?periodo=2026
[2026-03-07T00:31:25.929Z] OPTIONS /api/entries/252?periodo=2026
[2026-03-07T00:31:25.929Z] GET /api/entries/100?periodo=2026
[2026-03-07T00:31:25.929Z] GET /api/entries/102?periodo=2026
[2026-03-07T00:31:25.930Z] OPTIONS /api/entries/253?periodo=2026
[2026-03-07T00:31:25.930Z] GET /api/entries/101?periodo=2026
[2026-03-07T00:31:25.930Z] OPTIONS /api/entries/254?periodo=2026
[2026-03-07T00:31:25.930Z] GET /api/entries/103?periodo=2026
[2026-03-07T00:31:25.931Z] OPTIONS /api/entries/255?periodo=2026
[2026-03-07T00:31:25.931Z] OPTIONS /api/entries/257?periodo=2026
[2026-03-07T00:31:25.931Z] OPTIONS /api/entries/258?periodo=2026
[2026-03-07T00:31:25.931Z] GET /api/entries/104?periodo=2026
[2026-03-07T00:31:25.932Z] OPTIONS /api/entries/259?periodo=2026
[2026-03-07T00:31:25.932Z] OPTIONS /api/entries/260?periodo=2026
[2026-03-07T00:31:25.932Z] GET /api/entries/107?periodo=2026
[2026-03-07T00:31:25.932Z] OPTIONS /api/entries/261?periodo=2026
[2026-03-07T00:31:25.932Z] OPTIONS /api/entries/262?periodo=2026
[2026-03-07T00:31:25.932Z] OPTIONS /api/entries/264?periodo=2026
[2026-03-07T00:31:25.932Z] OPTIONS /api/entries/263?periodo=2026
[2026-03-07T00:31:25.932Z] GET /api/entries/108?periodo=2026
[2026-03-07T00:31:25.933Z] OPTIONS /api/entries/265?periodo=2026
[2026-03-07T00:31:25.933Z] GET /api/entries/110?periodo=2026
[2026-03-07T00:31:25.933Z] GET /api/entries/111?periodo=2026
[2026-03-07T00:31:25.933Z] OPTIONS /api/entries/266?periodo=2026
[2026-03-07T00:31:25.933Z] OPTIONS /api/entries/267?periodo=2026
[2026-03-07T00:31:25.933Z] OPTIONS /api/entries/268?periodo=2026
[2026-03-07T00:31:25.933Z] GET /api/entries/112?periodo=2026
[2026-03-07T00:31:25.934Z] OPTIONS /api/entries/269?periodo=2026
[2026-03-07T00:31:25.934Z] OPTIONS /api/entries/270?periodo=2026
[2026-03-07T00:31:25.934Z] OPTIONS /api/entries/271?periodo=2026
[2026-03-07T00:31:25.934Z] GET /api/entries/113?periodo=2026
[2026-03-07T00:31:25.934Z] GET /api/entries/114?periodo=2026
[2026-03-07T00:31:25.935Z] OPTIONS /api/entries/272?periodo=2026
[2026-03-07T00:31:25.935Z] OPTIONS /api/entries/273?periodo=2026
[2026-03-07T00:31:25.935Z] GET /api/entries/115?periodo=2026
[2026-03-07T00:31:25.935Z] GET /api/entries/116?periodo=2026
[2026-03-07T00:31:25.935Z] OPTIONS /api/entries/274?periodo=2026
[2026-03-07T00:31:25.935Z] OPTIONS /api/entries/275?periodo=2026
[2026-03-07T00:31:25.936Z] OPTIONS /api/entries/276?periodo=2026
[2026-03-07T00:31:25.936Z] OPTIONS /api/entries/277?periodo=2026
[2026-03-07T00:31:25.936Z] OPTIONS /api/entries/279?periodo=2026
[2026-03-07T00:31:25.936Z] OPTIONS /api/entries/278?periodo=2026
[2026-03-07T00:31:25.936Z] OPTIONS /api/entries/281?periodo=2026
[2026-03-07T00:31:25.936Z] OPTIONS /api/entries/280?periodo=2026
[2026-03-07T00:31:25.936Z] GET /api/entries/117?periodo=2026
[2026-03-07T00:31:25.936Z] OPTIONS /api/entries/282?periodo=2026
[2026-03-07T00:31:25.937Z] OPTIONS /api/entries/283?periodo=2026
[2026-03-07T00:31:25.937Z] GET /api/entries/118?periodo=2026
[2026-03-07T00:31:25.937Z] OPTIONS /api/entries/284?periodo=2026
[2026-03-07T00:31:25.937Z] OPTIONS /api/entries/285?periodo=2026
[2026-03-07T00:31:25.937Z] OPTIONS /api/entries/286?periodo=2026
[2026-03-07T00:31:25.937Z] OPTIONS /api/entries/288?periodo=2026
[2026-03-07T00:31:25.937Z] OPTIONS /api/entries/289?periodo=2026
[2026-03-07T00:31:25.937Z] OPTIONS /api/entries/290?periodo=2026
[2026-03-07T00:31:25.938Z] GET /api/entries/119?periodo=2026
[2026-03-07T00:31:25.938Z] OPTIONS /api/entries/291?periodo=2026
[2026-03-07T00:31:25.938Z] GET /api/entries/120?periodo=2026
[2026-03-07T00:31:25.938Z] GET /api/entries/121?periodo=2026
[2026-03-07T00:31:25.939Z] OPTIONS /api/entries/292?periodo=2026
[2026-03-07T00:31:25.939Z] OPTIONS /api/entries/293?periodo=2026
[2026-03-07T00:31:25.939Z] OPTIONS /api/entries/294?periodo=2026
[2026-03-07T00:31:25.939Z] GET /api/entries/122?periodo=2026
[2026-03-07T00:31:25.939Z] OPTIONS /api/entries/295?periodo=2026
[2026-03-07T00:31:25.940Z] GET /api/entries/123?periodo=2026
[2026-03-07T00:31:25.940Z] OPTIONS /api/entries/296?periodo=2026
[2026-03-07T00:31:25.940Z] OPTIONS /api/entries/297?periodo=2026
[2026-03-07T00:31:25.940Z] GET /api/entries/124?periodo=2026
[2026-03-07T00:31:25.940Z] OPTIONS /api/entries/298?periodo=2026
[2026-03-07T00:31:25.941Z] OPTIONS /api/entries/299?periodo=2026
[2026-03-07T00:31:25.941Z] OPTIONS /api/entries/300?periodo=2026
[2026-03-07T00:31:25.941Z] OPTIONS /api/entries/301?periodo=2026
[2026-03-07T00:31:25.941Z] OPTIONS /api/entries/302?periodo=2026
[2026-03-07T00:31:25.941Z] OPTIONS /api/entries/303?periodo=2026
[2026-03-07T00:31:25.941Z] OPTIONS /api/entries/304?periodo=2026
[2026-03-07T00:31:25.941Z] OPTIONS /api/entries/305?periodo=2026
[2026-03-07T00:31:25.941Z] GET /api/entries/125?periodo=2026
[2026-03-07T00:31:25.942Z] OPTIONS /api/entries/306?periodo=2026
[2026-03-07T00:31:25.942Z] OPTIONS /api/entries/307?periodo=2026
[2026-03-07T00:31:25.942Z] GET /api/entries/126?periodo=2026
[2026-03-07T00:31:25.943Z] GET /api/entries/127?periodo=2026
[2026-03-07T00:31:25.943Z] OPTIONS /api/entries/308?periodo=2026
[2026-03-07T00:31:25.943Z] OPTIONS /api/entries/309?periodo=2026
[2026-03-07T00:31:25.943Z] OPTIONS /api/entries/311?periodo=2026
[2026-03-07T00:31:25.943Z] GET /api/entries/128?periodo=2026
[2026-03-07T00:31:25.943Z] OPTIONS /api/entries/312?periodo=2026
[2026-03-07T00:31:25.943Z] GET /api/entries/129?periodo=2026
[2026-03-07T00:31:25.944Z] OPTIONS /api/entries/313?periodo=2026
[2026-03-07T00:31:25.944Z] OPTIONS /api/entries/314?periodo=2026
[2026-03-07T00:31:25.944Z] OPTIONS /api/entries/315?periodo=2026
[2026-03-07T00:31:25.944Z] OPTIONS /api/entries/316?periodo=2026
[2026-03-07T00:31:25.945Z] OPTIONS /api/entries/317?periodo=2026
[2026-03-07T00:31:25.946Z] GET /api/entries/130?periodo=2026
[2026-03-07T00:31:25.947Z] OPTIONS /api/entries/318?periodo=2026
[2026-03-07T00:31:25.947Z] OPTIONS /api/entries/322?periodo=2026
[2026-03-07T00:31:25.947Z] OPTIONS /api/entries/324?periodo=2026
[2026-03-07T00:31:25.947Z] OPTIONS /api/entries/325?periodo=2026
[2026-03-07T00:31:25.947Z] OPTIONS /api/entries/326?periodo=2026
[2026-03-07T00:31:25.947Z] OPTIONS /api/entries/327?periodo=2026
[2026-03-07T00:31:25.947Z] GET /api/entries/131?periodo=2026
[2026-03-07T00:31:25.948Z] OPTIONS /api/entries/330?periodo=2026
[2026-03-07T00:31:25.948Z] GET /api/entries/132?periodo=2026
[2026-03-07T00:31:25.948Z] OPTIONS /api/entries/328?periodo=2026
[2026-03-07T00:31:25.948Z] OPTIONS /api/entries/329?periodo=2026
[2026-03-07T00:31:25.948Z] GET /api/entries/133?periodo=2026
[2026-03-07T00:31:25.948Z] GET /api/entries/134?periodo=2026
[2026-03-07T00:31:25.949Z] OPTIONS /api/entries/331?periodo=2026
[2026-03-07T00:31:25.949Z] OPTIONS /api/entries/332?periodo=2026
[2026-03-07T00:31:25.949Z] OPTIONS /api/entries/333?periodo=2026
[2026-03-07T00:31:25.949Z] OPTIONS /api/entries/334?periodo=2026
[2026-03-07T00:31:25.949Z] OPTIONS /api/entries/336?periodo=2026
[2026-03-07T00:31:25.949Z] OPTIONS /api/entries/335?periodo=2026
[2026-03-07T00:31:25.949Z] OPTIONS /api/entries/337?periodo=2026
[2026-03-07T00:31:25.950Z] OPTIONS /api/entries/342?periodo=2026
[2026-03-07T00:31:25.950Z] OPTIONS /api/entries/343?periodo=2026
[2026-03-07T00:31:25.950Z] OPTIONS /api/entries/341?periodo=2026
[2026-03-07T00:31:25.950Z] GET /api/entries/135?periodo=2026
[2026-03-07T00:31:25.950Z] OPTIONS /api/entries/347?periodo=2026
[2026-03-07T00:31:25.950Z] OPTIONS /api/entries/348?periodo=2026
[2026-03-07T00:31:25.950Z] OPTIONS /api/entries/349?periodo=2026
[2026-03-07T00:31:25.950Z] OPTIONS /api/entries/344?periodo=2026
[2026-03-07T00:31:25.950Z] OPTIONS /api/entries/350?periodo=2026
[2026-03-07T00:31:25.950Z] OPTIONS /api/entries/351?periodo=2026
[2026-03-07T00:31:25.950Z] OPTIONS /api/entries/352?periodo=2026
[2026-03-07T00:31:25.950Z] OPTIONS /api/entries/353?periodo=2026
[2026-03-07T00:31:25.950Z] GET /api/entries/136?periodo=2026
[2026-03-07T00:31:25.951Z] GET /api/entries/137?periodo=2026
[2026-03-07T00:31:25.951Z] OPTIONS /api/entries/354?periodo=2026
[2026-03-07T00:31:25.951Z] OPTIONS /api/entries/355?periodo=2026
[2026-03-07T00:31:25.951Z] OPTIONS /api/entries/356?periodo=2026
[2026-03-07T00:31:25.952Z] OPTIONS /api/entries/357?periodo=2026
[2026-03-07T00:31:25.952Z] GET /api/entries/138?periodo=2026
[2026-03-07T00:31:25.952Z] GET /api/entries/139?periodo=2026
[2026-03-07T00:31:25.952Z] OPTIONS /api/entries/359?periodo=2026
[2026-03-07T00:31:25.952Z] OPTIONS /api/entries/358?periodo=2026
[2026-03-07T00:31:25.952Z] GET /api/entries/140?periodo=2026
[2026-03-07T00:31:25.953Z] GET /api/entries/141?periodo=2026
[2026-03-07T00:31:25.953Z] OPTIONS /api/entries/360?periodo=2026
[2026-03-07T00:31:25.953Z] OPTIONS /api/entries/361?periodo=2026
[2026-03-07T00:31:25.954Z] OPTIONS /api/entries/362?periodo=2026
[2026-03-07T00:31:25.954Z] OPTIONS /api/entries/363?periodo=2026
[2026-03-07T00:31:25.954Z] OPTIONS /api/entries/364?periodo=2026
[2026-03-07T00:31:25.954Z] GET /api/entries/142?periodo=2026
[2026-03-07T00:31:25.955Z] GET /api/entries/143?periodo=2026
[2026-03-07T00:31:25.955Z] OPTIONS /api/entries/365?periodo=2026
[2026-03-07T00:31:25.955Z] OPTIONS /api/entries/367?periodo=2026
[2026-03-07T00:31:25.955Z] OPTIONS /api/entries/366?periodo=2026
[2026-03-07T00:31:25.955Z] GET /api/entries/145?periodo=2026
[2026-03-07T00:31:25.956Z] GET /api/entries/144?periodo=2026
[2026-03-07T00:31:25.956Z] OPTIONS /api/entries/368?periodo=2026
[2026-03-07T00:31:25.956Z] GET /api/entries/146?periodo=2026
[2026-03-07T00:31:25.956Z] GET /api/entries/147?periodo=2026
[2026-03-07T00:31:25.957Z] GET /api/entries/148?periodo=2026
[2026-03-07T00:31:25.958Z] OPTIONS /api/entries/369?periodo=2026
[2026-03-07T00:31:25.958Z] GET /api/entries/149?periodo=2026
[2026-03-07T00:31:25.958Z] GET /api/entries/150?periodo=2026
[2026-03-07T00:31:25.959Z] OPTIONS /api/entries/370?periodo=2026
[2026-03-07T00:31:25.959Z] OPTIONS /api/entries/371?periodo=2026
[2026-03-07T00:31:25.959Z] GET /api/entries/151?periodo=2026
[2026-03-07T00:31:25.960Z] OPTIONS /api/entries/372?periodo=2026
[2026-03-07T00:31:25.960Z] OPTIONS /api/entries/373?periodo=2026
[2026-03-07T00:31:25.960Z] GET /api/entries/152?periodo=2026
[2026-03-07T00:31:25.960Z] OPTIONS /api/entries/374?periodo=2026
[2026-03-07T00:31:25.960Z] OPTIONS /api/entries/375?periodo=2026
[2026-03-07T00:31:25.960Z] GET /api/entries/153?periodo=2026
[2026-03-07T00:31:25.961Z] GET /api/entries/154?periodo=2026
[2026-03-07T00:31:25.961Z] OPTIONS /api/entries/376?periodo=2026
[2026-03-07T00:31:25.961Z] OPTIONS /api/entries/377?periodo=2026
[2026-03-07T00:31:25.961Z] OPTIONS /api/entries/378?periodo=2026
[2026-03-07T00:31:25.962Z] OPTIONS /api/entries/380?periodo=2026
[2026-03-07T00:31:25.962Z] OPTIONS /api/entries/379?periodo=2026
[2026-03-07T00:31:25.962Z] OPTIONS /api/entries/381?periodo=2026
[2026-03-07T00:31:25.962Z] OPTIONS /api/entries/382?periodo=2026
[2026-03-07T00:31:25.962Z] OPTIONS /api/entries/383?periodo=2026
[2026-03-07T00:31:25.962Z] OPTIONS /api/entries/385?periodo=2026
[2026-03-07T00:31:25.962Z] OPTIONS /api/entries/384?periodo=2026
[2026-03-07T00:31:25.962Z] OPTIONS /api/entries/387?periodo=2026
[2026-03-07T00:31:25.963Z] OPTIONS /api/entries/386?periodo=2026
[2026-03-07T00:31:25.963Z] OPTIONS /api/entries/388?periodo=2026
[2026-03-07T00:31:25.963Z] OPTIONS /api/entries/390?periodo=2026
[2026-03-07T00:31:25.963Z] OPTIONS /api/entries/391?periodo=2026
[2026-03-07T00:31:25.963Z] OPTIONS /api/entries/389?periodo=2026
[2026-03-07T00:31:25.963Z] OPTIONS /api/entries/392?periodo=2026
[2026-03-07T00:31:25.963Z] OPTIONS /api/entries/395?periodo=2026
[2026-03-07T00:31:25.963Z] OPTIONS /api/entries/393?periodo=2026
[2026-03-07T00:31:25.963Z] OPTIONS /api/entries/394?periodo=2026
[2026-03-07T00:31:25.963Z] OPTIONS /api/entries/396?periodo=2026
[2026-03-07T00:31:25.963Z] OPTIONS /api/entries/397?periodo=2026
[2026-03-07T00:31:25.963Z] OPTIONS /api/entries/398?periodo=2026
[2026-03-07T00:31:25.963Z] OPTIONS /api/entries/399?periodo=2026
[2026-03-07T00:31:25.964Z] OPTIONS /api/entries/400?periodo=2026
[2026-03-07T00:31:25.964Z] OPTIONS /api/entries/401?periodo=2026
[2026-03-07T00:31:25.964Z] OPTIONS /api/entries/402?periodo=2026
[2026-03-07T00:31:25.964Z] OPTIONS /api/entries/403?periodo=2026
[2026-03-07T00:31:25.964Z] OPTIONS /api/entries/404?periodo=2026
[2026-03-07T00:31:25.964Z] GET /api/entries/159?periodo=2026
[2026-03-07T00:31:25.964Z] GET /api/entries/155?periodo=2026
[2026-03-07T00:31:25.965Z] GET /api/entries/156?periodo=2026
[2026-03-07T00:31:25.965Z] GET /api/entries/158?periodo=2026
[2026-03-07T00:31:25.965Z] GET /api/entries/160?periodo=2026
[2026-03-07T00:31:25.966Z] OPTIONS /api/entries/405?periodo=2026
[2026-03-07T00:31:25.966Z] GET /api/entries/161?periodo=2026
[2026-03-07T00:31:25.966Z] OPTIONS /api/entries/406?periodo=2026
[2026-03-07T00:31:25.967Z] OPTIONS /api/entries/407?periodo=2026
[2026-03-07T00:31:25.967Z] OPTIONS /api/entries/408?periodo=2026
[2026-03-07T00:31:25.967Z] OPTIONS /api/entries/409?periodo=2026
[2026-03-07T00:31:25.967Z] OPTIONS /api/entries/410?periodo=2026
[2026-03-07T00:31:25.967Z] OPTIONS /api/entries/411?periodo=2026
[2026-03-07T00:31:25.967Z] OPTIONS /api/entries/412?periodo=2026
[2026-03-07T00:31:25.967Z] OPTIONS /api/entries/413?periodo=2026
[2026-03-07T00:31:25.968Z] OPTIONS /api/entries/414?periodo=2026
[2026-03-07T00:31:25.968Z] OPTIONS /api/entries/415?periodo=2026
[2026-03-07T00:31:25.968Z] OPTIONS /api/entries/416?periodo=2026
[2026-03-07T00:31:25.968Z] OPTIONS /api/entries/417?periodo=2026
[2026-03-07T00:31:25.968Z] GET /api/entries/162?periodo=2026
[2026-03-07T00:31:25.968Z] GET /api/entries/163?periodo=2026
[2026-03-07T00:31:25.968Z] GET /api/entries/164?periodo=2026
[2026-03-07T00:31:25.969Z] GET /api/entries/166?periodo=2026
[2026-03-07T00:31:25.969Z] GET /api/entries/167?periodo=2026
[2026-03-07T00:31:25.969Z] GET /api/entries/168?periodo=2026
[2026-03-07T00:31:25.971Z] GET /api/entries/169?periodo=2026
[2026-03-07T00:31:25.971Z] GET /api/entries/170?periodo=2026
[2026-03-07T00:31:25.972Z] GET /api/entries/171?periodo=2026
[2026-03-07T00:31:25.972Z] GET /api/entries/173?periodo=2026
[2026-03-07T00:31:25.973Z] GET /api/entries/172?periodo=2026
[2026-03-07T00:31:25.973Z] GET /api/entries/174?periodo=2026
[2026-03-07T00:31:25.974Z] GET /api/entries/175?periodo=2026
[2026-03-07T00:31:25.975Z] GET /api/entries/178?periodo=2026
[2026-03-07T00:31:25.975Z] GET /api/entries/176?periodo=2026
[2026-03-07T00:31:25.976Z] GET /api/entries/177?periodo=2026
[2026-03-07T00:31:25.976Z] GET /api/entries/180?periodo=2026
[2026-03-07T00:31:25.976Z] GET /api/entries/181?periodo=2026
[2026-03-07T00:31:25.977Z] GET /api/entries/179?periodo=2026
[2026-03-07T00:31:25.978Z] GET /api/entries/183?periodo=2026
[2026-03-07T00:31:25.978Z] GET /api/entries/184?periodo=2026
[2026-03-07T00:31:25.979Z] GET /api/entries/185?periodo=2026
[2026-03-07T00:31:25.979Z] GET /api/entries/182?periodo=2026
[2026-03-07T00:31:25.980Z] GET /api/entries/186?periodo=2026
[2026-03-07T00:31:25.980Z] GET /api/entries/187?periodo=2026
[2026-03-07T00:31:25.980Z] GET /api/entries/188?periodo=2026
[2026-03-07T00:31:25.981Z] GET /api/entries/189?periodo=2026
[2026-03-07T00:31:25.981Z] GET /api/entries/190?periodo=2026
[2026-03-07T00:31:25.982Z] GET /api/entries/192?periodo=2026
[2026-03-07T00:31:25.982Z] GET /api/entries/191?periodo=2026
[2026-03-07T00:31:25.983Z] GET /api/entries/193?periodo=2026
[2026-03-07T00:31:25.983Z] GET /api/entries/194?periodo=2026
[2026-03-07T00:31:25.983Z] GET /api/entries/195?periodo=2026
[2026-03-07T00:31:25.984Z] GET /api/entries/196?periodo=2026
[2026-03-07T00:31:25.984Z] GET /api/entries/198?periodo=2026
[2026-03-07T00:31:25.984Z] GET /api/entries/197?periodo=2026
[2026-03-07T00:31:25.985Z] GET /api/entries/199?periodo=2026
[2026-03-07T00:31:25.985Z] GET /api/entries/200?periodo=2026
[2026-03-07T00:31:25.986Z] GET /api/entries/201?periodo=2026
[2026-03-07T00:31:25.986Z] GET /api/entries/202?periodo=2026
[2026-03-07T00:31:25.986Z] GET /api/entries/203?periodo=2026
[2026-03-07T00:31:25.987Z] GET /api/entries/204?periodo=2026
[2026-03-07T00:31:25.988Z] GET /api/entries/205?periodo=2026
[2026-03-07T00:31:25.988Z] GET /api/entries/206?periodo=2026
[2026-03-07T00:31:25.989Z] GET /api/entries/207?periodo=2026
[2026-03-07T00:31:25.989Z] GET /api/entries/208?periodo=2026
[2026-03-07T00:31:25.989Z] GET /api/entries/210?periodo=2026
[2026-03-07T00:31:25.990Z] GET /api/entries/209?periodo=2026
[2026-03-07T00:31:25.990Z] GET /api/entries/212?periodo=2026
[2026-03-07T00:31:25.991Z] GET /api/entries/211?periodo=2026
[2026-03-07T00:31:25.991Z] GET /api/entries/213?periodo=2026
[2026-03-07T00:31:25.991Z] GET /api/entries/214?periodo=2026
[2026-03-07T00:31:25.992Z] GET /api/entries/215?periodo=2026
[2026-03-07T00:31:25.992Z] GET /api/entries/216?periodo=2026
[2026-03-07T00:31:25.992Z] GET /api/entries/217?periodo=2026
[2026-03-07T00:31:25.993Z] GET /api/entries/218?periodo=2026
[2026-03-07T00:31:25.994Z] GET /api/entries/220?periodo=2026
[2026-03-07T00:31:25.995Z] GET /api/entries/221?periodo=2026
[2026-03-07T00:31:25.995Z] GET /api/entries/219?periodo=2026
[2026-03-07T00:31:25.996Z] GET /api/entries/222?periodo=2026
[2026-03-07T00:31:25.996Z] GET /api/entries/223?periodo=2026
[2026-03-07T00:31:25.997Z] GET /api/entries/224?periodo=2026
[2026-03-07T00:31:25.997Z] GET /api/entries/225?periodo=2026
[2026-03-07T00:31:25.997Z] GET /api/entries/226?periodo=2026
[2026-03-07T00:31:25.998Z] GET /api/entries/228?periodo=2026
[2026-03-07T00:31:25.998Z] GET /api/entries/230?periodo=2026
[2026-03-07T00:31:25.999Z] GET /api/entries/229?periodo=2026
[2026-03-07T00:31:25.999Z] GET /api/entries/233?periodo=2026
[2026-03-07T00:31:25.999Z] GET /api/entries/234?periodo=2026
[2026-03-07T00:31:26.000Z] GET /api/entries/235?periodo=2026
[2026-03-07T00:31:26.000Z] GET /api/entries/236?periodo=2026
[2026-03-07T00:31:26.000Z] GET /api/entries/237?periodo=2026
[2026-03-07T00:31:26.001Z] GET /api/entries/239?periodo=2026
[2026-03-07T00:31:26.001Z] GET /api/entries/238?periodo=2026
[2026-03-07T00:31:26.002Z] GET /api/entries/240?periodo=2026
[2026-03-07T00:31:26.004Z] GET /api/entries/242?periodo=2026
[2026-03-07T00:31:26.004Z] GET /api/entries/244?periodo=2026
[2026-03-07T00:31:26.004Z] GET /api/entries/243?periodo=2026
[2026-03-07T00:31:26.005Z] GET /api/entries/245?periodo=2026
[2026-03-07T00:31:26.005Z] GET /api/entries/246?periodo=2026
[2026-03-07T00:31:26.005Z] GET /api/entries/247?periodo=2026
[2026-03-07T00:31:26.006Z] GET /api/entries/248?periodo=2026
[2026-03-07T00:31:26.006Z] GET /api/entries/249?periodo=2026
[2026-03-07T00:31:26.007Z] GET /api/entries/250?periodo=2026
[2026-03-07T00:31:26.007Z] GET /api/entries/251?periodo=2026
[2026-03-07T00:31:26.007Z] GET /api/entries/252?periodo=2026
[2026-03-07T00:31:26.008Z] GET /api/entries/253?periodo=2026
[2026-03-07T00:31:26.008Z] GET /api/entries/254?periodo=2026
[2026-03-07T00:31:26.009Z] GET /api/entries/255?periodo=2026
[2026-03-07T00:31:26.009Z] GET /api/entries/257?periodo=2026
[2026-03-07T00:31:26.010Z] GET /api/entries/258?periodo=2026
[2026-03-07T00:31:26.010Z] GET /api/entries/259?periodo=2026
[2026-03-07T00:31:26.010Z] GET /api/entries/260?periodo=2026
[2026-03-07T00:31:26.011Z] GET /api/entries/261?periodo=2026
[2026-03-07T00:31:26.011Z] GET /api/entries/262?periodo=2026
[2026-03-07T00:31:26.011Z] GET /api/entries/264?periodo=2026
[2026-03-07T00:31:26.012Z] GET /api/entries/263?periodo=2026
[2026-03-07T00:31:26.012Z] GET /api/entries/265?periodo=2026
[2026-03-07T00:31:26.013Z] GET /api/entries/266?periodo=2026
[2026-03-07T00:31:26.013Z] GET /api/entries/267?periodo=2026
[2026-03-07T00:31:26.014Z] GET /api/entries/268?periodo=2026
[2026-03-07T00:31:26.014Z] GET /api/entries/269?periodo=2026
[2026-03-07T00:31:26.015Z] GET /api/entries/271?periodo=2026
[2026-03-07T00:31:26.015Z] GET /api/entries/270?periodo=2026
[2026-03-07T00:31:26.016Z] GET /api/entries/272?periodo=2026
[2026-03-07T00:31:26.016Z] GET /api/entries/273?periodo=2026
[2026-03-07T00:31:26.016Z] GET /api/entries/274?periodo=2026
[2026-03-07T00:31:26.017Z] GET /api/entries/275?periodo=2026
[2026-03-07T00:31:26.018Z] GET /api/entries/276?periodo=2026
[2026-03-07T00:31:26.018Z] GET /api/entries/277?periodo=2026
[2026-03-07T00:31:26.019Z] GET /api/entries/279?periodo=2026
[2026-03-07T00:31:26.019Z] GET /api/entries/278?periodo=2026
[2026-03-07T00:31:26.021Z] GET /api/entries/281?periodo=2026
[2026-03-07T00:31:26.022Z] GET /api/entries/280?periodo=2026
[2026-03-07T00:31:26.023Z] GET /api/entries/282?periodo=2026
[2026-03-07T00:31:26.023Z] GET /api/entries/283?periodo=2026
[2026-03-07T00:31:26.024Z] GET /api/entries/284?periodo=2026
[2026-03-07T00:31:26.024Z] GET /api/entries/286?periodo=2026
[2026-03-07T00:31:26.025Z] GET /api/entries/285?periodo=2026
[2026-03-07T00:31:26.025Z] GET /api/entries/289?periodo=2026
[2026-03-07T00:31:26.025Z] GET /api/entries/288?periodo=2026
[2026-03-07T00:31:26.026Z] GET /api/entries/290?periodo=2026
[2026-03-07T00:31:26.026Z] GET /api/entries/291?periodo=2026
[2026-03-07T00:31:26.027Z] GET /api/entries/292?periodo=2026
[2026-03-07T00:31:26.027Z] GET /api/entries/293?periodo=2026
[2026-03-07T00:31:26.027Z] GET /api/entries/294?periodo=2026
[2026-03-07T00:31:26.028Z] GET /api/entries/295?periodo=2026
[2026-03-07T00:31:26.033Z] GET /api/entries/296?periodo=2026
[2026-03-07T00:31:26.034Z] GET /api/entries/297?periodo=2026
[2026-03-07T00:31:26.035Z] GET /api/entries/298?periodo=2026
[2026-03-07T00:31:26.035Z] GET /api/entries/299?periodo=2026
[2026-03-07T00:31:26.036Z] GET /api/entries/300?periodo=2026
[2026-03-07T00:31:26.036Z] GET /api/entries/301?periodo=2026
[2026-03-07T00:31:26.037Z] GET /api/entries/302?periodo=2026
[2026-03-07T00:31:26.038Z] GET /api/entries/303?periodo=2026
[2026-03-07T00:31:26.039Z] GET /api/entries/304?periodo=2026
[2026-03-07T00:31:26.039Z] GET /api/entries/305?periodo=2026
[2026-03-07T00:31:26.039Z] GET /api/entries/306?periodo=2026
[2026-03-07T00:31:26.040Z] GET /api/entries/307?periodo=2026
[2026-03-07T00:31:26.040Z] GET /api/entries/308?periodo=2026
[2026-03-07T00:31:26.042Z] GET /api/entries/309?periodo=2026
[2026-03-07T00:31:26.042Z] GET /api/entries/311?periodo=2026
[2026-03-07T00:31:26.042Z] GET /api/entries/312?periodo=2026
[2026-03-07T00:31:26.043Z] GET /api/entries/313?periodo=2026
[2026-03-07T00:31:26.043Z] GET /api/entries/314?periodo=2026
[2026-03-07T00:31:26.043Z] GET /api/entries/316?periodo=2026
[2026-03-07T00:31:26.044Z] GET /api/entries/315?periodo=2026
[2026-03-07T00:31:26.044Z] GET /api/entries/317?periodo=2026
[2026-03-07T00:31:26.044Z] GET /api/entries/318?periodo=2026
[2026-03-07T00:31:26.045Z] GET /api/entries/322?periodo=2026
[2026-03-07T00:31:26.045Z] GET /api/entries/324?periodo=2026
[2026-03-07T00:31:26.045Z] GET /api/entries/325?periodo=2026
[2026-03-07T00:31:26.046Z] GET /api/entries/326?periodo=2026
[2026-03-07T00:31:26.047Z] GET /api/entries/327?periodo=2026
[2026-03-07T00:31:26.047Z] GET /api/entries/330?periodo=2026
[2026-03-07T00:31:26.048Z] GET /api/entries/328?periodo=2026
[2026-03-07T00:31:26.048Z] GET /api/entries/329?periodo=2026
[2026-03-07T00:31:26.048Z] GET /api/entries/331?periodo=2026
[2026-03-07T00:31:26.048Z] GET /api/entries/332?periodo=2026
[2026-03-07T00:31:26.050Z] GET /api/entries/333?periodo=2026
[2026-03-07T00:31:26.050Z] GET /api/entries/334?periodo=2026
[2026-03-07T00:31:26.051Z] GET /api/entries/336?periodo=2026
[2026-03-07T00:31:26.051Z] GET /api/entries/335?periodo=2026
[2026-03-07T00:31:26.051Z] GET /api/entries/337?periodo=2026
[2026-03-07T00:31:26.052Z] GET /api/entries/342?periodo=2026
[2026-03-07T00:31:26.053Z] GET /api/entries/343?periodo=2026
[2026-03-07T00:31:26.054Z] GET /api/entries/341?periodo=2026
[2026-03-07T00:31:26.054Z] GET /api/entries/347?periodo=2026
[2026-03-07T00:31:26.054Z] GET /api/entries/348?periodo=2026
[2026-03-07T00:31:26.055Z] GET /api/entries/349?periodo=2026
[2026-03-07T00:31:26.055Z] GET /api/entries/344?periodo=2026
[2026-03-07T00:31:26.056Z] GET /api/entries/350?periodo=2026
[2026-03-07T00:31:26.056Z] GET /api/entries/351?periodo=2026
[2026-03-07T00:31:26.056Z] GET /api/entries/352?periodo=2026
[2026-03-07T00:31:26.057Z] GET /api/entries/353?periodo=2026
[2026-03-07T00:31:26.058Z] GET /api/entries/354?periodo=2026
[2026-03-07T00:31:26.058Z] GET /api/entries/355?periodo=2026
[2026-03-07T00:31:26.058Z] GET /api/entries/356?periodo=2026
[2026-03-07T00:31:26.059Z] GET /api/entries/357?periodo=2026
[2026-03-07T00:31:26.059Z] GET /api/entries/359?periodo=2026
[2026-03-07T00:31:26.059Z] GET /api/entries/358?periodo=2026
[2026-03-07T00:31:26.060Z] GET /api/entries/360?periodo=2026
[2026-03-07T00:31:26.060Z] GET /api/entries/361?periodo=2026
[2026-03-07T00:31:26.061Z] GET /api/entries/362?periodo=2026
[2026-03-07T00:31:26.061Z] GET /api/entries/363?periodo=2026
[2026-03-07T00:31:26.061Z] GET /api/entries/364?periodo=2026
[2026-03-07T00:31:26.062Z] GET /api/entries/365?periodo=2026
[2026-03-07T00:31:26.062Z] GET /api/entries/367?periodo=2026
[2026-03-07T00:31:26.063Z] GET /api/entries/366?periodo=2026
[2026-03-07T00:31:26.063Z] GET /api/entries/368?periodo=2026
[2026-03-07T00:31:26.063Z] GET /api/entries/369?periodo=2026
[2026-03-07T00:31:26.064Z] GET /api/entries/370?periodo=2026
[2026-03-07T00:31:26.064Z] GET /api/entries/371?periodo=2026
[2026-03-07T00:31:26.064Z] GET /api/entries/372?periodo=2026
[2026-03-07T00:31:26.065Z] GET /api/entries/373?periodo=2026
[2026-03-07T00:31:26.066Z] GET /api/entries/374?periodo=2026
[2026-03-07T00:31:26.066Z] GET /api/entries/375?periodo=2026
[2026-03-07T00:31:26.066Z] GET /api/entries/376?periodo=2026
[2026-03-07T00:31:26.067Z] GET /api/entries/377?periodo=2026
[2026-03-07T00:31:26.067Z] GET /api/entries/378?periodo=2026
[2026-03-07T00:31:26.067Z] GET /api/entries/380?periodo=2026
[2026-03-07T00:31:26.068Z] GET /api/entries/379?periodo=2026
[2026-03-07T00:31:26.068Z] GET /api/entries/381?periodo=2026
[2026-03-07T00:31:26.068Z] GET /api/entries/382?periodo=2026
[2026-03-07T00:31:26.069Z] GET /api/entries/383?periodo=2026
[2026-03-07T00:31:26.069Z] GET /api/entries/385?periodo=2026
[2026-03-07T00:31:26.070Z] GET /api/entries/384?periodo=2026
[2026-03-07T00:31:26.070Z] GET /api/entries/387?periodo=2026
[2026-03-07T00:31:26.071Z] GET /api/entries/386?periodo=2026
[2026-03-07T00:31:26.072Z] GET /api/entries/388?periodo=2026
[2026-03-07T00:31:26.072Z] GET /api/entries/390?periodo=2026
[2026-03-07T00:31:26.073Z] GET /api/entries/391?periodo=2026
[2026-03-07T00:31:26.073Z] GET /api/entries/389?periodo=2026
[2026-03-07T00:31:26.073Z] GET /api/entries/392?periodo=2026
[2026-03-07T00:31:26.074Z] GET /api/entries/393?periodo=2026
[2026-03-07T00:31:26.074Z] GET /api/entries/395?periodo=2026
[2026-03-07T00:31:26.075Z] GET /api/entries/394?periodo=2026
[2026-03-07T00:31:26.075Z] GET /api/entries/396?periodo=2026
[2026-03-07T00:31:26.075Z] GET /api/entries/397?periodo=2026
[2026-03-07T00:31:26.076Z] GET /api/entries/398?periodo=2026
[2026-03-07T00:31:26.076Z] GET /api/entries/401?periodo=2026
[2026-03-07T00:31:26.076Z] GET /api/entries/399?periodo=2026
[2026-03-07T00:31:26.077Z] GET /api/entries/400?periodo=2026
[2026-03-07T00:31:26.077Z] GET /api/entries/402?periodo=2026
[2026-03-07T00:31:26.078Z] GET /api/entries/403?periodo=2026
[2026-03-07T00:31:26.078Z] GET /api/entries/404?periodo=2026
[2026-03-07T00:31:26.078Z] GET /api/entries/405?periodo=2026
[2026-03-07T00:31:26.079Z] GET /api/entries/406?periodo=2026
[2026-03-07T00:31:26.079Z] GET /api/entries/407?periodo=2026
[2026-03-07T00:31:26.080Z] GET /api/entries/408?periodo=2026
[2026-03-07T00:31:26.081Z] GET /api/entries/409?periodo=2026
[2026-03-07T00:31:26.081Z] GET /api/entries/410?periodo=2026
[2026-03-07T00:31:26.081Z] GET /api/entries/411?periodo=2026
[2026-03-07T00:31:26.082Z] GET /api/entries/412?periodo=2026
[2026-03-07T00:31:26.082Z] GET /api/entries/414?periodo=2026
[2026-03-07T00:31:26.083Z] GET /api/entries/415?periodo=2026
[2026-03-07T00:31:26.083Z] GET /api/entries/413?periodo=2026
[2026-03-07T00:31:26.084Z] GET /api/entries/416?periodo=2026
[2026-03-07T00:31:26.084Z] GET /api/entries/417?periodo=2026
[2026-03-07T00:31:26.084Z] OPTIONS /api/entries/2?periodo=2026
[2026-03-07T00:31:26.085Z] OPTIONS /api/entries/3?periodo=2026
[2026-03-07T00:31:26.085Z] OPTIONS /api/entries/4?periodo=2026
[2026-03-07T00:31:26.085Z] OPTIONS /api/entries/5?periodo=2026
[2026-03-07T00:31:26.085Z] OPTIONS /api/entries/6?periodo=2026
[2026-03-07T00:31:26.085Z] OPTIONS /api/entries/7?periodo=2026
[2026-03-07T00:31:26.086Z] OPTIONS /api/entries/8?periodo=2026
[2026-03-07T00:31:26.086Z] OPTIONS /api/entries/9?periodo=2026
[2026-03-07T00:31:26.086Z] OPTIONS /api/entries/10?periodo=2026
[2026-03-07T00:31:26.086Z] OPTIONS /api/entries/11?periodo=2026
[2026-03-07T00:31:26.086Z] OPTIONS /api/entries/12?periodo=2026
[2026-03-07T00:31:26.087Z] OPTIONS /api/entries/13?periodo=2026
[2026-03-07T00:31:26.087Z] OPTIONS /api/entries/14?periodo=2026
[2026-03-07T00:31:26.087Z] OPTIONS /api/entries/15?periodo=2026
[2026-03-07T00:31:26.087Z] OPTIONS /api/entries/16?periodo=2026
[2026-03-07T00:31:26.087Z] OPTIONS /api/entries/17?periodo=2026
[2026-03-07T00:31:26.087Z] OPTIONS /api/entries/18?periodo=2026
[2026-03-07T00:31:26.087Z] OPTIONS /api/entries/19?periodo=2026
[2026-03-07T00:31:26.087Z] OPTIONS /api/entries/21?periodo=2026
[2026-03-07T00:31:26.087Z] OPTIONS /api/entries/22?periodo=2026
[2026-03-07T00:31:26.087Z] OPTIONS /api/entries/23?periodo=2026
[2026-03-07T00:31:26.087Z] OPTIONS /api/entries/24?periodo=2026
[2026-03-07T00:31:26.088Z] OPTIONS /api/entries/25?periodo=2026
[2026-03-07T00:31:26.088Z] OPTIONS /api/entries/26?periodo=2026
[2026-03-07T00:31:26.088Z] OPTIONS /api/entries/28?periodo=2026
[2026-03-07T00:31:26.088Z] OPTIONS /api/entries/29?periodo=2026
[2026-03-07T00:31:26.088Z] OPTIONS /api/entries/30?periodo=2026
[2026-03-07T00:31:26.088Z] OPTIONS /api/entries/31?periodo=2026
[2026-03-07T00:31:26.088Z] OPTIONS /api/entries/32?periodo=2026
[2026-03-07T00:31:26.088Z] OPTIONS /api/entries/33?periodo=2026
[2026-03-07T00:31:26.088Z] OPTIONS /api/entries/34?periodo=2026
[2026-03-07T00:31:26.088Z] OPTIONS /api/entries/35?periodo=2026
[2026-03-07T00:31:26.088Z] OPTIONS /api/entries/40?periodo=2026
[2026-03-07T00:31:26.088Z] OPTIONS /api/entries/36?periodo=2026
[2026-03-07T00:31:26.088Z] OPTIONS /api/entries/37?periodo=2026
[2026-03-07T00:31:26.088Z] OPTIONS /api/entries/39?periodo=2026
[2026-03-07T00:31:26.088Z] OPTIONS /api/entries/43?periodo=2026
[2026-03-07T00:31:26.089Z] OPTIONS /api/entries/41?periodo=2026
[2026-03-07T00:31:26.089Z] OPTIONS /api/entries/42?periodo=2026
[2026-03-07T00:31:26.089Z] OPTIONS /api/entries/45?periodo=2026
[2026-03-07T00:31:26.089Z] OPTIONS /api/entries/46?periodo=2026
[2026-03-07T00:31:26.089Z] OPTIONS /api/entries/47?periodo=2026
[2026-03-07T00:31:26.089Z] OPTIONS /api/entries/51?periodo=2026
[2026-03-07T00:31:26.089Z] OPTIONS /api/entries/48?periodo=2026
[2026-03-07T00:31:26.089Z] OPTIONS /api/entries/49?periodo=2026
[2026-03-07T00:31:26.089Z] OPTIONS /api/entries/50?periodo=2026
[2026-03-07T00:31:26.089Z] OPTIONS /api/entries/54?periodo=2026
[2026-03-07T00:31:26.089Z] OPTIONS /api/entries/56?periodo=2026
[2026-03-07T00:31:26.090Z] OPTIONS /api/entries/52?periodo=2026
[2026-03-07T00:31:26.090Z] OPTIONS /api/entries/53?periodo=2026
[2026-03-07T00:31:26.090Z] OPTIONS /api/entries/59?periodo=2026
[2026-03-07T00:31:26.090Z] OPTIONS /api/entries/57?periodo=2026
[2026-03-07T00:31:26.090Z] OPTIONS /api/entries/58?periodo=2026
[2026-03-07T00:31:26.090Z] OPTIONS /api/entries/60?periodo=2026
[2026-03-07T00:31:26.090Z] OPTIONS /api/entries/61?periodo=2026
[2026-03-07T00:31:26.090Z] OPTIONS /api/entries/62?periodo=2026
[2026-03-07T00:31:26.090Z] OPTIONS /api/entries/63?periodo=2026
[2026-03-07T00:31:26.090Z] OPTIONS /api/entries/65?periodo=2026
[2026-03-07T00:31:26.090Z] OPTIONS /api/entries/66?periodo=2026
[2026-03-07T00:31:26.090Z] OPTIONS /api/entries/67?periodo=2026
[2026-03-07T00:31:26.090Z] OPTIONS /api/entries/72?periodo=2026
[2026-03-07T00:31:26.090Z] OPTIONS /api/entries/69?periodo=2026
[2026-03-07T00:31:26.090Z] OPTIONS /api/entries/70?periodo=2026
[2026-03-07T00:31:26.091Z] OPTIONS /api/entries/71?periodo=2026
[2026-03-07T00:31:26.091Z] OPTIONS /api/entries/73?periodo=2026
[2026-03-07T00:31:26.091Z] OPTIONS /api/entries/74?periodo=2026
[2026-03-07T00:31:26.091Z] OPTIONS /api/entries/79?periodo=2026
[2026-03-07T00:31:26.091Z] OPTIONS /api/entries/75?periodo=2026
[2026-03-07T00:31:26.091Z] OPTIONS /api/entries/76?periodo=2026
[2026-03-07T00:31:26.091Z] OPTIONS /api/entries/77?periodo=2026
[2026-03-07T00:31:26.091Z] OPTIONS /api/entries/78?periodo=2026
[2026-03-07T00:31:26.091Z] OPTIONS /api/entries/82?periodo=2026
[2026-03-07T00:31:26.091Z] OPTIONS /api/entries/83?periodo=2026
[2026-03-07T00:31:26.091Z] OPTIONS /api/entries/81?periodo=2026
[2026-03-07T00:31:26.091Z] OPTIONS /api/entries/84?periodo=2026
[2026-03-07T00:31:26.091Z] OPTIONS /api/entries/85?periodo=2026
[2026-03-07T00:31:26.091Z] OPTIONS /api/entries/86?periodo=2026
[2026-03-07T00:31:26.092Z] OPTIONS /api/entries/87?periodo=2026
[2026-03-07T00:31:26.092Z] OPTIONS /api/entries/89?periodo=2026
[2026-03-07T00:31:26.092Z] OPTIONS /api/entries/91?periodo=2026
[2026-03-07T00:31:26.092Z] OPTIONS /api/entries/92?periodo=2026
[2026-03-07T00:31:26.092Z] OPTIONS /api/entries/93?periodo=2026
[2026-03-07T00:31:26.092Z] OPTIONS /api/entries/95?periodo=2026
[2026-03-07T00:31:26.092Z] OPTIONS /api/entries/96?periodo=2026
[2026-03-07T00:31:26.092Z] OPTIONS /api/entries/97?periodo=2026
[2026-03-07T00:31:26.092Z] OPTIONS /api/entries/98?periodo=2026
[2026-03-07T00:31:26.092Z] OPTIONS /api/entries/99?periodo=2026
[2026-03-07T00:31:26.092Z] OPTIONS /api/entries/100?periodo=2026
[2026-03-07T00:31:26.092Z] OPTIONS /api/entries/101?periodo=2026
[2026-03-07T00:31:26.092Z] OPTIONS /api/entries/102?periodo=2026
[2026-03-07T00:31:26.092Z] OPTIONS /api/entries/107?periodo=2026
[2026-03-07T00:31:26.092Z] OPTIONS /api/entries/103?periodo=2026
[2026-03-07T00:31:26.093Z] OPTIONS /api/entries/104?periodo=2026
[2026-03-07T00:31:26.093Z] OPTIONS /api/entries/108?periodo=2026
[2026-03-07T00:31:26.093Z] OPTIONS /api/entries/110?periodo=2026
[2026-03-07T00:31:26.093Z] OPTIONS /api/entries/111?periodo=2026
[2026-03-07T00:31:26.093Z] OPTIONS /api/entries/112?periodo=2026
[2026-03-07T00:31:26.093Z] OPTIONS /api/entries/113?periodo=2026
[2026-03-07T00:31:26.093Z] OPTIONS /api/entries/114?periodo=2026
[2026-03-07T00:31:26.093Z] OPTIONS /api/entries/115?periodo=2026
[2026-03-07T00:31:26.093Z] OPTIONS /api/entries/116?periodo=2026
[2026-03-07T00:31:26.093Z] OPTIONS /api/entries/117?periodo=2026
[2026-03-07T00:31:26.093Z] OPTIONS /api/entries/118?periodo=2026
[2026-03-07T00:31:26.093Z] OPTIONS /api/entries/119?periodo=2026
[2026-03-07T00:31:26.093Z] OPTIONS /api/entries/120?periodo=2026
[2026-03-07T00:31:26.093Z] OPTIONS /api/entries/121?periodo=2026
[2026-03-07T00:31:26.094Z] OPTIONS /api/entries/122?periodo=2026
[2026-03-07T00:31:26.094Z] OPTIONS /api/entries/123?periodo=2026
[2026-03-07T00:31:26.094Z] OPTIONS /api/entries/124?periodo=2026
[2026-03-07T00:31:26.094Z] OPTIONS /api/entries/125?periodo=2026
[2026-03-07T00:31:26.094Z] OPTIONS /api/entries/126?periodo=2026
[2026-03-07T00:31:26.094Z] OPTIONS /api/entries/131?periodo=2026
[2026-03-07T00:31:26.094Z] OPTIONS /api/entries/127?periodo=2026
[2026-03-07T00:31:26.094Z] OPTIONS /api/entries/128?periodo=2026
[2026-03-07T00:31:26.094Z] OPTIONS /api/entries/129?periodo=2026
[2026-03-07T00:31:26.094Z] OPTIONS /api/entries/130?periodo=2026
[2026-03-07T00:31:26.094Z] OPTIONS /api/entries/133?periodo=2026
[2026-03-07T00:31:26.094Z] OPTIONS /api/entries/134?periodo=2026
[2026-03-07T00:31:26.094Z] OPTIONS /api/entries/135?periodo=2026
[2026-03-07T00:31:26.094Z] OPTIONS /api/entries/136?periodo=2026
[2026-03-07T00:31:26.094Z] OPTIONS /api/entries/132?periodo=2026
[2026-03-07T00:31:26.095Z] OPTIONS /api/entries/138?periodo=2026
[2026-03-07T00:31:26.095Z] OPTIONS /api/entries/139?periodo=2026
[2026-03-07T00:31:26.095Z] OPTIONS /api/entries/140?periodo=2026
[2026-03-07T00:31:26.095Z] OPTIONS /api/entries/137?periodo=2026
[2026-03-07T00:31:26.095Z] OPTIONS /api/entries/143?periodo=2026
[2026-03-07T00:31:26.095Z] OPTIONS /api/entries/141?periodo=2026
[2026-03-07T00:31:26.095Z] OPTIONS /api/entries/142?periodo=2026
[2026-03-07T00:31:26.095Z] OPTIONS /api/entries/147?periodo=2026
[2026-03-07T00:31:26.096Z] OPTIONS /api/entries/148?periodo=2026
[2026-03-07T00:31:26.096Z] OPTIONS /api/entries/144?periodo=2026
[2026-03-07T00:31:26.096Z] OPTIONS /api/entries/145?periodo=2026
[2026-03-07T00:31:26.096Z] OPTIONS /api/entries/146?periodo=2026
[2026-03-07T00:31:26.096Z] OPTIONS /api/entries/150?periodo=2026
[2026-03-07T00:31:26.096Z] OPTIONS /api/entries/151?periodo=2026
[2026-03-07T00:31:26.096Z] OPTIONS /api/entries/152?periodo=2026
[2026-03-07T00:31:26.096Z] OPTIONS /api/entries/153?periodo=2026
[2026-03-07T00:31:26.096Z] OPTIONS /api/entries/149?periodo=2026
[2026-03-07T00:31:26.096Z] OPTIONS /api/entries/155?periodo=2026
[2026-03-07T00:31:26.096Z] OPTIONS /api/entries/156?periodo=2026
[2026-03-07T00:31:26.097Z] OPTIONS /api/entries/158?periodo=2026
[2026-03-07T00:31:26.097Z] OPTIONS /api/entries/154?periodo=2026
[2026-03-07T00:31:26.097Z] OPTIONS /api/entries/159?periodo=2026
[2026-03-07T00:31:26.097Z] OPTIONS /api/entries/160?periodo=2026
[2026-03-07T00:31:26.097Z] OPTIONS /api/entries/161?periodo=2026
[2026-03-07T00:31:26.097Z] OPTIONS /api/entries/162?periodo=2026
[2026-03-07T00:31:26.097Z] OPTIONS /api/entries/163?periodo=2026
[2026-03-07T00:31:26.098Z] OPTIONS /api/entries/168?periodo=2026
[2026-03-07T00:31:26.098Z] OPTIONS /api/entries/169?periodo=2026
[2026-03-07T00:31:26.098Z] OPTIONS /api/entries/164?periodo=2026
[2026-03-07T00:31:26.098Z] OPTIONS /api/entries/166?periodo=2026
[2026-03-07T00:31:26.098Z] OPTIONS /api/entries/167?periodo=2026
[2026-03-07T00:31:26.098Z] OPTIONS /api/entries/171?periodo=2026
[2026-03-07T00:31:26.098Z] OPTIONS /api/entries/172?periodo=2026
[2026-03-07T00:31:26.098Z] OPTIONS /api/entries/170?periodo=2026
[2026-03-07T00:31:26.098Z] OPTIONS /api/entries/173?periodo=2026
[2026-03-07T00:31:26.098Z] OPTIONS /api/entries/174?periodo=2026
[2026-03-07T00:31:26.098Z] OPTIONS /api/entries/175?periodo=2026
[2026-03-07T00:31:26.098Z] OPTIONS /api/entries/176?periodo=2026
[2026-03-07T00:31:26.098Z] OPTIONS /api/entries/177?periodo=2026
[2026-03-07T00:31:26.098Z] OPTIONS /api/entries/178?periodo=2026
[2026-03-07T00:31:26.098Z] OPTIONS /api/entries/179?periodo=2026
[2026-03-07T00:31:26.098Z] OPTIONS /api/entries/180?periodo=2026
[2026-03-07T00:31:26.098Z] OPTIONS /api/entries/181?periodo=2026
[2026-03-07T00:31:26.099Z] OPTIONS /api/entries/182?periodo=2026
[2026-03-07T00:31:26.099Z] OPTIONS /api/entries/183?periodo=2026
[2026-03-07T00:31:26.099Z] OPTIONS /api/entries/184?periodo=2026
[2026-03-07T00:31:26.099Z] OPTIONS /api/entries/185?periodo=2026
[2026-03-07T00:31:26.099Z] OPTIONS /api/entries/186?periodo=2026
[2026-03-07T00:31:26.099Z] OPTIONS /api/entries/187?periodo=2026
[2026-03-07T00:31:26.099Z] OPTIONS /api/entries/188?periodo=2026
[2026-03-07T00:31:26.099Z] OPTIONS /api/entries/189?periodo=2026
[2026-03-07T00:31:26.099Z] OPTIONS /api/entries/190?periodo=2026
[2026-03-07T00:31:26.099Z] OPTIONS /api/entries/191?periodo=2026
[2026-03-07T00:31:26.099Z] OPTIONS /api/entries/192?periodo=2026
[2026-03-07T00:31:26.099Z] OPTIONS /api/entries/193?periodo=2026
[2026-03-07T00:31:26.099Z] OPTIONS /api/entries/194?periodo=2026
[2026-03-07T00:31:26.099Z] OPTIONS /api/entries/195?periodo=2026
[2026-03-07T00:31:26.100Z] OPTIONS /api/entries/198?periodo=2026
[2026-03-07T00:31:26.100Z] OPTIONS /api/entries/196?periodo=2026
[2026-03-07T00:31:26.100Z] OPTIONS /api/entries/197?periodo=2026
[2026-03-07T00:31:26.100Z] OPTIONS /api/entries/199?periodo=2026
[2026-03-07T00:31:26.100Z] OPTIONS /api/entries/202?periodo=2026
[2026-03-07T00:31:26.100Z] OPTIONS /api/entries/200?periodo=2026
[2026-03-07T00:31:26.100Z] OPTIONS /api/entries/201?periodo=2026
[2026-03-07T00:31:26.100Z] OPTIONS /api/entries/203?periodo=2026
[2026-03-07T00:31:26.100Z] OPTIONS /api/entries/204?periodo=2026
[2026-03-07T00:31:26.100Z] OPTIONS /api/entries/205?periodo=2026
[2026-03-07T00:31:26.100Z] OPTIONS /api/entries/207?periodo=2026
[2026-03-07T00:31:26.100Z] OPTIONS /api/entries/210?periodo=2026
[2026-03-07T00:31:26.101Z] OPTIONS /api/entries/208?periodo=2026
[2026-03-07T00:31:26.101Z] OPTIONS /api/entries/206?periodo=2026
[2026-03-07T00:31:26.101Z] OPTIONS /api/entries/209?periodo=2026
[2026-03-07T00:31:26.101Z] OPTIONS /api/entries/212?periodo=2026
[2026-03-07T00:31:26.101Z] OPTIONS /api/entries/211?periodo=2026
[2026-03-07T00:31:26.101Z] OPTIONS /api/entries/213?periodo=2026
[2026-03-07T00:31:26.101Z] OPTIONS /api/entries/214?periodo=2026
[2026-03-07T00:31:26.101Z] OPTIONS /api/entries/215?periodo=2026
[2026-03-07T00:31:26.101Z] OPTIONS /api/entries/216?periodo=2026
[2026-03-07T00:31:26.101Z] GET /api/entries/308?periodo=2026
[2026-03-07T00:31:26.102Z] OPTIONS /api/entries/217?periodo=2026
[2026-03-07T00:31:26.102Z] OPTIONS /api/entries/218?periodo=2026
[2026-03-07T00:31:26.102Z] GET /api/entries/309?periodo=2026
[2026-03-07T00:31:26.102Z] OPTIONS /api/entries/220?periodo=2026
[2026-03-07T00:31:26.102Z] OPTIONS /api/entries/219?periodo=2026
[2026-03-07T00:31:26.102Z] OPTIONS /api/entries/221?periodo=2026
[2026-03-07T00:31:26.102Z] GET /api/entries/311?periodo=2026
[2026-03-07T00:31:26.103Z] GET /api/entries/314?periodo=2026
[2026-03-07T00:31:26.103Z] GET /api/entries/312?periodo=2026
[2026-03-07T00:31:26.103Z] GET /api/entries/313?periodo=2026
[2026-03-07T00:31:26.105Z] GET /api/entries/316?periodo=2026
[2026-03-07T00:31:26.105Z] GET /api/entries/315?periodo=2026
[2026-03-07T00:31:26.106Z] OPTIONS /api/entries/222?periodo=2026
[2026-03-07T00:31:26.106Z] OPTIONS /api/entries/223?periodo=2026
[2026-03-07T00:31:26.106Z] OPTIONS /api/entries/226?periodo=2026
[2026-03-07T00:31:26.106Z] GET /api/entries/317?periodo=2026
[2026-03-07T00:31:26.106Z] OPTIONS /api/entries/224?periodo=2026
[2026-03-07T00:31:26.107Z] GET /api/entries/318?periodo=2026
[2026-03-07T00:31:26.107Z] GET /api/entries/322?periodo=2026
[2026-03-07T00:31:26.107Z] OPTIONS /api/entries/225?periodo=2026
[2026-03-07T00:31:26.107Z] GET /api/entries/324?periodo=2026
[2026-03-07T00:31:26.108Z] GET /api/entries/325?periodo=2026
[2026-03-07T00:31:26.108Z] OPTIONS /api/entries/228?periodo=2026
[2026-03-07T00:31:26.108Z] GET /api/entries/326?periodo=2026
[2026-03-07T00:31:26.109Z] OPTIONS /api/entries/233?periodo=2026
[2026-03-07T00:31:26.109Z] OPTIONS /api/entries/230?periodo=2026
[2026-03-07T00:31:26.109Z] OPTIONS /api/entries/229?periodo=2026
[2026-03-07T00:31:26.109Z] OPTIONS /api/entries/234?periodo=2026
[2026-03-07T00:31:26.109Z] OPTIONS /api/entries/235?periodo=2026
[2026-03-07T00:31:26.109Z] OPTIONS /api/entries/237?periodo=2026
[2026-03-07T00:31:26.109Z] OPTIONS /api/entries/236?periodo=2026
[2026-03-07T00:31:26.109Z] OPTIONS /api/entries/239?periodo=2026
[2026-03-07T00:31:26.109Z] OPTIONS /api/entries/238?periodo=2026
[2026-03-07T00:31:26.109Z] OPTIONS /api/entries/240?periodo=2026
[2026-03-07T00:31:26.109Z] GET /api/entries/330?periodo=2026
[2026-03-07T00:31:26.110Z] GET /api/entries/327?periodo=2026
[2026-03-07T00:31:26.110Z] GET /api/entries/328?periodo=2026
[2026-03-07T00:31:26.110Z] GET /api/entries/332?periodo=2026
[2026-03-07T00:31:26.111Z] OPTIONS /api/entries/242?periodo=2026
[2026-03-07T00:31:26.111Z] OPTIONS /api/entries/244?periodo=2026
[2026-03-07T00:31:26.111Z] OPTIONS /api/entries/243?periodo=2026
[2026-03-07T00:31:26.111Z] OPTIONS /api/entries/246?periodo=2026
[2026-03-07T00:31:26.111Z] OPTIONS /api/entries/245?periodo=2026
[2026-03-07T00:31:26.111Z] GET /api/entries/329?periodo=2026
[2026-03-07T00:31:26.112Z] GET /api/entries/331?periodo=2026
[2026-03-07T00:31:26.112Z] OPTIONS /api/entries/247?periodo=2026
[2026-03-07T00:31:26.112Z] OPTIONS /api/entries/248?periodo=2026
[2026-03-07T00:31:26.112Z] OPTIONS /api/entries/249?periodo=2026
[2026-03-07T00:31:26.112Z] OPTIONS /api/entries/250?periodo=2026
[2026-03-07T00:31:26.112Z] OPTIONS /api/entries/251?periodo=2026
[2026-03-07T00:31:26.112Z] OPTIONS /api/entries/252?periodo=2026
[2026-03-07T00:31:26.112Z] GET /api/entries/333?periodo=2026
[2026-03-07T00:31:26.113Z] GET /api/entries/334?periodo=2026
[2026-03-07T00:31:26.113Z] GET /api/entries/336?periodo=2026
[2026-03-07T00:31:26.114Z] GET /api/entries/335?periodo=2026
[2026-03-07T00:31:26.114Z] OPTIONS /api/entries/253?periodo=2026
[2026-03-07T00:31:26.114Z] OPTIONS /api/entries/254?periodo=2026
[2026-03-07T00:31:26.114Z] OPTIONS /api/entries/255?periodo=2026
[2026-03-07T00:31:26.114Z] GET /api/entries/337?periodo=2026
[2026-03-07T00:31:26.115Z] GET /api/entries/342?periodo=2026
[2026-03-07T00:31:26.115Z] OPTIONS /api/entries/257?periodo=2026
[2026-03-07T00:31:26.115Z] OPTIONS /api/entries/258?periodo=2026
[2026-03-07T00:31:26.116Z] OPTIONS /api/entries/259?periodo=2026
[2026-03-07T00:31:26.116Z] GET /api/entries/343?periodo=2026
[2026-03-07T00:31:26.117Z] GET /api/entries/347?periodo=2026
[2026-03-07T00:31:26.117Z] GET /api/entries/341?periodo=2026
[2026-03-07T00:31:26.117Z] OPTIONS /api/entries/260?periodo=2026
[2026-03-07T00:31:26.118Z] OPTIONS /api/entries/263?periodo=2026
[2026-03-07T00:31:26.118Z] OPTIONS /api/entries/261?periodo=2026
[2026-03-07T00:31:26.118Z] OPTIONS /api/entries/262?periodo=2026
[2026-03-07T00:31:26.118Z] OPTIONS /api/entries/264?periodo=2026
[2026-03-07T00:31:26.118Z] GET /api/entries/348?periodo=2026
[2026-03-07T00:31:26.118Z] GET /api/entries/349?periodo=2026
[2026-03-07T00:31:26.119Z] GET /api/entries/344?periodo=2026
[2026-03-07T00:31:26.119Z] OPTIONS /api/entries/265?periodo=2026
[2026-03-07T00:31:26.119Z] OPTIONS /api/entries/266?periodo=2026
[2026-03-07T00:31:26.119Z] GET /api/entries/350?periodo=2026
[2026-03-07T00:31:26.120Z] GET /api/entries/351?periodo=2026
[2026-03-07T00:31:26.120Z] GET /api/entries/352?periodo=2026
[2026-03-07T00:31:26.121Z] OPTIONS /api/entries/267?periodo=2026
[2026-03-07T00:31:26.122Z] OPTIONS /api/entries/268?periodo=2026
[2026-03-07T00:31:26.122Z] GET /api/entries/353?periodo=2026
[2026-03-07T00:31:26.122Z] GET /api/entries/354?periodo=2026
[2026-03-07T00:31:26.122Z] OPTIONS /api/entries/272?periodo=2026
[2026-03-07T00:31:26.122Z] OPTIONS /api/entries/269?periodo=2026
[2026-03-07T00:31:26.123Z] OPTIONS /api/entries/271?periodo=2026
[2026-03-07T00:31:26.123Z] OPTIONS /api/entries/270?periodo=2026
[2026-03-07T00:31:26.123Z] OPTIONS /api/entries/273?periodo=2026
[2026-03-07T00:31:26.123Z] GET /api/entries/355?periodo=2026
[2026-03-07T00:31:26.123Z] GET /api/entries/359?periodo=2026
[2026-03-07T00:31:26.123Z] GET /api/entries/356?periodo=2026
[2026-03-07T00:31:26.124Z] GET /api/entries/357?periodo=2026
[2026-03-07T00:31:26.124Z] GET /api/entries/358?periodo=2026
[2026-03-07T00:31:26.125Z] OPTIONS /api/entries/274?periodo=2026
[2026-03-07T00:31:26.125Z] GET /api/entries/360?periodo=2026
[2026-03-07T00:31:26.126Z] OPTIONS /api/entries/275?periodo=2026
[2026-03-07T00:31:26.126Z] OPTIONS /api/entries/276?periodo=2026
[2026-03-07T00:31:26.126Z] GET /api/entries/361?periodo=2026
[2026-03-07T00:31:26.126Z] GET /api/entries/363?periodo=2026
[2026-03-07T00:31:26.126Z] OPTIONS /api/entries/277?periodo=2026
[2026-03-07T00:31:26.126Z] GET /api/entries/362?periodo=2026
[2026-03-07T00:31:26.127Z] GET /api/entries/364?periodo=2026
[2026-03-07T00:31:26.127Z] GET /api/entries/365?periodo=2026
[2026-03-07T00:31:26.127Z] GET /api/entries/367?periodo=2026
[2026-03-07T00:31:26.128Z] OPTIONS /api/entries/279?periodo=2026
[2026-03-07T00:31:26.128Z] OPTIONS /api/entries/278?periodo=2026
[2026-03-07T00:31:26.128Z] OPTIONS /api/entries/281?periodo=2026
[2026-03-07T00:31:26.128Z] OPTIONS /api/entries/280?periodo=2026
[2026-03-07T00:31:26.128Z] OPTIONS /api/entries/282?periodo=2026
[2026-03-07T00:31:26.128Z] GET /api/entries/366?periodo=2026
[2026-03-07T00:31:26.128Z] OPTIONS /api/entries/283?periodo=2026
[2026-03-07T00:31:26.129Z] GET /api/entries/368?periodo=2026
[2026-03-07T00:31:26.129Z] OPTIONS /api/entries/284?periodo=2026
[2026-03-07T00:31:26.129Z] GET /api/entries/369?periodo=2026
[2026-03-07T00:31:26.130Z] GET /api/entries/371?periodo=2026
[2026-03-07T00:31:26.130Z] GET /api/entries/372?periodo=2026
[2026-03-07T00:31:26.130Z] GET /api/entries/370?periodo=2026
[2026-03-07T00:31:26.131Z] OPTIONS /api/entries/286?periodo=2026
[2026-03-07T00:31:26.132Z] OPTIONS /api/entries/285?periodo=2026
[2026-03-07T00:31:26.132Z] OPTIONS /api/entries/288?periodo=2026
[2026-03-07T00:31:26.132Z] OPTIONS /api/entries/289?periodo=2026
[2026-03-07T00:31:26.132Z] GET /api/entries/373?periodo=2026
[2026-03-07T00:31:26.133Z] GET /api/entries/374?periodo=2026
[2026-03-07T00:31:26.133Z] GET /api/entries/375?periodo=2026
[2026-03-07T00:31:26.134Z] GET /api/entries/376?periodo=2026
[2026-03-07T00:31:26.135Z] GET /api/entries/377?periodo=2026
[2026-03-07T00:31:26.135Z] GET /api/entries/378?periodo=2026
[2026-03-07T00:31:26.135Z] OPTIONS /api/entries/290?periodo=2026
[2026-03-07T00:31:26.136Z] OPTIONS /api/entries/291?periodo=2026
[2026-03-07T00:31:26.136Z] GET /api/entries/380?periodo=2026
[2026-03-07T00:31:26.136Z] GET /api/entries/379?periodo=2026
[2026-03-07T00:31:26.137Z] OPTIONS /api/entries/292?periodo=2026
[2026-03-07T00:31:26.137Z] OPTIONS /api/entries/293?periodo=2026
[2026-03-07T00:31:26.137Z] OPTIONS /api/entries/294?periodo=2026
[2026-03-07T00:31:26.137Z] OPTIONS /api/entries/295?periodo=2026
[2026-03-07T00:31:26.137Z] GET /api/entries/381?periodo=2026
[2026-03-07T00:31:26.138Z] GET /api/entries/382?periodo=2026
[2026-03-07T00:31:26.138Z] GET /api/entries/383?periodo=2026
[2026-03-07T00:31:26.139Z] OPTIONS /api/entries/296?periodo=2026
[2026-03-07T00:31:26.139Z] OPTIONS /api/entries/298?periodo=2026
[2026-03-07T00:31:26.140Z] OPTIONS /api/entries/299?periodo=2026
[2026-03-07T00:31:26.140Z] GET /api/entries/385?periodo=2026
[2026-03-07T00:31:26.140Z] GET /api/entries/384?periodo=2026
[2026-03-07T00:31:26.142Z] OPTIONS /api/entries/300?periodo=2026
[2026-03-07T00:31:26.142Z] GET /api/entries/387?periodo=2026
[2026-03-07T00:31:26.143Z] OPTIONS /api/entries/301?periodo=2026
[2026-03-07T00:31:26.145Z] OPTIONS /api/entries/297?periodo=2026
[2026-03-07T00:31:26.145Z] GET /api/entries/386?periodo=2026
[2026-03-07T00:31:26.146Z] GET /api/entries/388?periodo=2026
[2026-03-07T00:31:26.150Z] OPTIONS /api/entries/302?periodo=2026
[2026-03-07T00:31:26.151Z] GET /api/entries/390?periodo=2026
[2026-03-07T00:31:26.151Z] OPTIONS /api/entries/305?periodo=2026
[2026-03-07T00:31:26.151Z] OPTIONS /api/entries/307?periodo=2026
[2026-03-07T00:31:26.152Z] OPTIONS /api/entries/306?periodo=2026
[2026-03-07T00:31:26.152Z] OPTIONS /api/entries/303?periodo=2026
[2026-03-07T00:31:26.152Z] GET /api/entries/392?periodo=2026
[2026-03-07T00:31:26.153Z] GET /api/entries/391?periodo=2026
[2026-03-07T00:31:26.153Z] GET /api/entries/389?periodo=2026
[2026-03-07T00:31:26.154Z] OPTIONS /api/entries/304?periodo=2026
[2026-03-07T00:31:26.154Z] GET /api/entries/393?periodo=2026
[2026-03-07T00:31:26.154Z] GET /api/entries/395?periodo=2026
[2026-03-07T00:31:26.155Z] GET /api/entries/394?periodo=2026
[2026-03-07T00:31:26.156Z] GET /api/entries/396?periodo=2026
[2026-03-07T00:31:26.156Z] GET /api/entries/397?periodo=2026
[2026-03-07T00:31:26.157Z] GET /api/entries/398?periodo=2026
[2026-03-07T00:31:26.157Z] GET /api/entries/401?periodo=2026
[2026-03-07T00:31:26.158Z] GET /api/entries/399?periodo=2026
[2026-03-07T00:31:26.158Z] GET /api/entries/400?periodo=2026
[2026-03-07T00:31:26.159Z] GET /api/entries/402?periodo=2026
[2026-03-07T00:31:26.159Z] GET /api/entries/404?periodo=2026
[2026-03-07T00:31:26.159Z] GET /api/entries/403?periodo=2026
[2026-03-07T00:31:26.160Z] GET /api/entries/405?periodo=2026
[2026-03-07T00:31:26.161Z] GET /api/entries/406?periodo=2026
[2026-03-07T00:31:26.161Z] GET /api/entries/407?periodo=2026
[2026-03-07T00:31:26.161Z] GET /api/entries/408?periodo=2026
[2026-03-07T00:31:26.162Z] GET /api/entries/409?periodo=2026
[2026-03-07T00:31:26.162Z] GET /api/entries/410?periodo=2026
[2026-03-07T00:31:26.162Z] GET /api/entries/411?periodo=2026
[2026-03-07T00:31:26.163Z] GET /api/entries/412?periodo=2026
[2026-03-07T00:31:26.163Z] GET /api/entries/2?periodo=2026
[2026-03-07T00:31:26.164Z] GET /api/entries/3?periodo=2026
[2026-03-07T00:31:26.164Z] GET /api/entries/4?periodo=2026
[2026-03-07T00:31:26.165Z] GET /api/entries/5?periodo=2026
[2026-03-07T00:31:26.165Z] GET /api/entries/6?periodo=2026
[2026-03-07T00:31:26.166Z] GET /api/entries/7?periodo=2026
[2026-03-07T00:31:26.166Z] GET /api/entries/8?periodo=2026
[2026-03-07T00:31:26.166Z] GET /api/entries/9?periodo=2026
[2026-03-07T00:31:26.167Z] GET /api/entries/10?periodo=2026
[2026-03-07T00:31:26.167Z] GET /api/entries/11?periodo=2026
[2026-03-07T00:31:26.168Z] GET /api/entries/12?periodo=2026
[2026-03-07T00:31:26.168Z] GET /api/entries/13?periodo=2026
[2026-03-07T00:31:26.169Z] GET /api/entries/14?periodo=2026
[2026-03-07T00:31:26.169Z] GET /api/entries/15?periodo=2026
[2026-03-07T00:31:26.169Z] GET /api/entries/16?periodo=2026
[2026-03-07T00:31:26.170Z] GET /api/entries/17?periodo=2026
[2026-03-07T00:31:26.170Z] GET /api/entries/18?periodo=2026
[2026-03-07T00:31:26.170Z] GET /api/entries/19?periodo=2026
[2026-03-07T00:31:26.171Z] GET /api/entries/21?periodo=2026
[2026-03-07T00:31:26.172Z] GET /api/entries/24?periodo=2026
[2026-03-07T00:31:26.172Z] GET /api/entries/22?periodo=2026
[2026-03-07T00:31:26.173Z] GET /api/entries/23?periodo=2026
[2026-03-07T00:31:26.173Z] GET /api/entries/26?periodo=2026
[2026-03-07T00:31:26.173Z] GET /api/entries/29?periodo=2026
[2026-03-07T00:31:26.174Z] GET /api/entries/25?periodo=2026
[2026-03-07T00:31:26.174Z] GET /api/entries/28?periodo=2026
[2026-03-07T00:31:26.175Z] GET /api/entries/30?periodo=2026
[2026-03-07T00:31:26.175Z] GET /api/entries/31?periodo=2026
[2026-03-07T00:31:26.176Z] GET /api/entries/32?periodo=2026
[2026-03-07T00:31:26.177Z] GET /api/entries/33?periodo=2026
[2026-03-07T00:31:26.177Z] GET /api/entries/34?periodo=2026
[2026-03-07T00:31:26.178Z] GET /api/entries/35?periodo=2026
[2026-03-07T00:31:26.179Z] GET /api/entries/40?periodo=2026
[2026-03-07T00:31:26.179Z] GET /api/entries/36?periodo=2026
[2026-03-07T00:31:26.179Z] GET /api/entries/39?periodo=2026
[2026-03-07T00:31:26.180Z] GET /api/entries/37?periodo=2026
[2026-03-07T00:31:26.180Z] GET /api/entries/43?periodo=2026
[2026-03-07T00:31:26.180Z] GET /api/entries/41?periodo=2026
[2026-03-07T00:31:26.181Z] GET /api/entries/42?periodo=2026
[2026-03-07T00:31:26.181Z] GET /api/entries/45?periodo=2026
[2026-03-07T00:31:26.182Z] GET /api/entries/46?periodo=2026
[2026-03-07T00:31:26.182Z] GET /api/entries/47?periodo=2026
[2026-03-07T00:31:26.182Z] GET /api/entries/51?periodo=2026
[2026-03-07T00:31:26.183Z] GET /api/entries/48?periodo=2026
[2026-03-07T00:31:26.183Z] GET /api/entries/49?periodo=2026
[2026-03-07T00:31:26.183Z] GET /api/entries/50?periodo=2026
[2026-03-07T00:31:26.184Z] GET /api/entries/54?periodo=2026
[2026-03-07T00:31:26.184Z] GET /api/entries/52?periodo=2026
[2026-03-07T00:31:26.184Z] GET /api/entries/56?periodo=2026
[2026-03-07T00:31:26.185Z] GET /api/entries/53?periodo=2026
[2026-03-07T00:31:26.185Z] GET /api/entries/60?periodo=2026
[2026-03-07T00:31:26.185Z] GET /api/entries/59?periodo=2026
[2026-03-07T00:31:26.187Z] GET /api/entries/57?periodo=2026
[2026-03-07T00:31:26.187Z] GET /api/entries/58?periodo=2026
[2026-03-07T00:31:26.188Z] GET /api/entries/61?periodo=2026
[2026-03-07T00:31:26.188Z] GET /api/entries/62?periodo=2026
[2026-03-07T00:31:26.189Z] GET /api/entries/63?periodo=2026
[2026-03-07T00:31:26.190Z] GET /api/entries/65?periodo=2026
[2026-03-07T00:31:26.190Z] GET /api/entries/66?periodo=2026
[2026-03-07T00:31:26.191Z] GET /api/entries/67?periodo=2026
[2026-03-07T00:31:26.191Z] GET /api/entries/69?periodo=2026
[2026-03-07T00:31:26.191Z] GET /api/entries/72?periodo=2026
[2026-03-07T00:31:26.192Z] GET /api/entries/71?periodo=2026
[2026-03-07T00:31:26.192Z] GET /api/entries/70?periodo=2026
[2026-03-07T00:31:26.193Z] GET /api/entries/73?periodo=2026
[2026-03-07T00:31:26.194Z] GET /api/entries/74?periodo=2026
[2026-03-07T00:31:26.194Z] GET /api/entries/79?periodo=2026
[2026-03-07T00:31:26.194Z] GET /api/entries/75?periodo=2026
[2026-03-07T00:31:26.195Z] GET /api/entries/77?periodo=2026
[2026-03-07T00:31:26.195Z] GET /api/entries/76?periodo=2026
[2026-03-07T00:31:26.196Z] GET /api/entries/78?periodo=2026
[2026-03-07T00:31:26.196Z] GET /api/entries/82?periodo=2026
[2026-03-07T00:31:26.197Z] GET /api/entries/84?periodo=2026
[2026-03-07T00:31:26.197Z] GET /api/entries/83?periodo=2026
[2026-03-07T00:31:26.197Z] GET /api/entries/85?periodo=2026
[2026-03-07T00:31:26.198Z] GET /api/entries/81?periodo=2026
[2026-03-07T00:31:26.198Z] GET /api/entries/86?periodo=2026
[2026-03-07T00:31:26.199Z] GET /api/entries/87?periodo=2026
[2026-03-07T00:31:26.199Z] GET /api/entries/89?periodo=2026
[2026-03-07T00:31:26.200Z] GET /api/entries/91?periodo=2026
[2026-03-07T00:31:26.200Z] GET /api/entries/92?periodo=2026
[2026-03-07T00:31:26.201Z] GET /api/entries/93?periodo=2026
[2026-03-07T00:31:26.201Z] GET /api/entries/95?periodo=2026
[2026-03-07T00:31:26.201Z] GET /api/entries/96?periodo=2026
[2026-03-07T00:31:26.202Z] GET /api/entries/97?periodo=2026
[2026-03-07T00:31:26.202Z] GET /api/entries/98?periodo=2026
[2026-03-07T00:31:26.205Z] GET /api/entries/99?periodo=2026
[2026-03-07T00:31:26.205Z] GET /api/entries/101?periodo=2026
[2026-03-07T00:31:26.205Z] GET /api/entries/100?periodo=2026
[2026-03-07T00:31:26.206Z] GET /api/entries/103?periodo=2026
[2026-03-07T00:31:26.206Z] GET /api/entries/104?periodo=2026
[2026-03-07T00:31:26.207Z] GET /api/entries/107?periodo=2026
[2026-03-07T00:31:26.207Z] GET /api/entries/102?periodo=2026
[2026-03-07T00:31:26.207Z] GET /api/entries/111?periodo=2026
[2026-03-07T00:31:26.208Z] GET /api/entries/108?periodo=2026
[2026-03-07T00:31:26.208Z] GET /api/entries/110?periodo=2026
[2026-03-07T00:31:26.208Z] GET /api/entries/115?periodo=2026
[2026-03-07T00:31:26.209Z] GET /api/entries/112?periodo=2026
[2026-03-07T00:31:26.209Z] GET /api/entries/113?periodo=2026
[2026-03-07T00:31:26.210Z] GET /api/entries/114?periodo=2026
[2026-03-07T00:31:26.210Z] GET /api/entries/118?periodo=2026
[2026-03-07T00:31:26.211Z] GET /api/entries/116?periodo=2026
[2026-03-07T00:31:26.211Z] GET /api/entries/117?periodo=2026
[2026-03-07T00:31:26.212Z] GET /api/entries/122?periodo=2026
[2026-03-07T00:31:26.212Z] GET /api/entries/119?periodo=2026
[2026-03-07T00:31:26.212Z] GET /api/entries/120?periodo=2026
[2026-03-07T00:31:26.213Z] GET /api/entries/121?periodo=2026
[2026-03-07T00:31:26.214Z] GET /api/entries/123?periodo=2026
[2026-03-07T00:31:26.214Z] GET /api/entries/124?periodo=2026
[2026-03-07T00:31:26.215Z] GET /api/entries/125?periodo=2026
[2026-03-07T00:31:26.216Z] GET /api/entries/126?periodo=2026
[2026-03-07T00:31:26.216Z] GET /api/entries/131?periodo=2026
[2026-03-07T00:31:26.217Z] GET /api/entries/127?periodo=2026
[2026-03-07T00:31:26.217Z] GET /api/entries/128?periodo=2026
[2026-03-07T00:31:26.217Z] GET /api/entries/129?periodo=2026
[2026-03-07T00:31:26.218Z] GET /api/entries/130?periodo=2026
[2026-03-07T00:31:26.218Z] GET /api/entries/133?periodo=2026
[2026-03-07T00:31:26.219Z] GET /api/entries/134?periodo=2026
[2026-03-07T00:31:26.219Z] GET /api/entries/135?periodo=2026
[2026-03-07T00:31:26.219Z] GET /api/entries/136?periodo=2026
[2026-03-07T00:31:26.221Z] GET /api/entries/132?periodo=2026
[2026-03-07T00:31:26.222Z] GET /api/entries/138?periodo=2026
[2026-03-07T00:31:26.223Z] GET /api/entries/139?periodo=2026
[2026-03-07T00:31:26.223Z] GET /api/entries/140?periodo=2026
[2026-03-07T00:31:26.224Z] GET /api/entries/137?periodo=2026
[2026-03-07T00:31:26.224Z] GET /api/entries/143?periodo=2026
[2026-03-07T00:31:26.225Z] GET /api/entries/141?periodo=2026
[2026-03-07T00:31:26.225Z] GET /api/entries/142?periodo=2026
[2026-03-07T00:31:26.227Z] GET /api/entries/147?periodo=2026
[2026-03-07T00:31:26.227Z] GET /api/entries/148?periodo=2026
[2026-03-07T00:31:26.227Z] GET /api/entries/144?periodo=2026
[2026-03-07T00:31:26.228Z] GET /api/entries/145?periodo=2026
[2026-03-07T00:31:26.229Z] GET /api/entries/146?periodo=2026
[2026-03-07T00:31:26.229Z] GET /api/entries/150?periodo=2026
[2026-03-07T00:31:26.230Z] GET /api/entries/151?periodo=2026
[2026-03-07T00:31:26.230Z] GET /api/entries/152?periodo=2026
[2026-03-07T00:31:26.231Z] GET /api/entries/149?periodo=2026
[2026-03-07T00:31:26.231Z] GET /api/entries/153?periodo=2026
[2026-03-07T00:31:26.231Z] GET /api/entries/155?periodo=2026
[2026-03-07T00:31:26.232Z] GET /api/entries/158?periodo=2026
[2026-03-07T00:31:26.233Z] GET /api/entries/156?periodo=2026
[2026-03-07T00:31:26.234Z] GET /api/entries/159?periodo=2026
[2026-03-07T00:31:26.234Z] GET /api/entries/160?periodo=2026
[2026-03-07T00:31:26.234Z] GET /api/entries/154?periodo=2026
[2026-03-07T00:31:26.235Z] GET /api/entries/161?periodo=2026
[2026-03-07T00:31:26.235Z] GET /api/entries/162?periodo=2026
[2026-03-07T00:31:26.236Z] GET /api/entries/163?periodo=2026
[2026-03-07T00:31:26.236Z] GET /api/entries/168?periodo=2026
[2026-03-07T00:31:26.236Z] GET /api/entries/169?periodo=2026
[2026-03-07T00:31:26.238Z] GET /api/entries/164?periodo=2026
[2026-03-07T00:31:26.239Z] GET /api/entries/166?periodo=2026
[2026-03-07T00:31:26.239Z] GET /api/entries/167?periodo=2026
[2026-03-07T00:31:26.240Z] GET /api/entries/171?periodo=2026
[2026-03-07T00:31:26.240Z] GET /api/entries/172?periodo=2026
[2026-03-07T00:31:26.240Z] GET /api/entries/173?periodo=2026
[2026-03-07T00:31:26.241Z] GET /api/entries/170?periodo=2026
[2026-03-07T00:31:26.241Z] GET /api/entries/174?periodo=2026
[2026-03-07T00:31:26.241Z] GET /api/entries/176?periodo=2026
[2026-03-07T00:31:26.242Z] GET /api/entries/177?periodo=2026
[2026-03-07T00:31:26.242Z] GET /api/entries/175?periodo=2026
[2026-03-07T00:31:26.243Z] GET /api/entries/181?periodo=2026
[2026-03-07T00:31:26.243Z] GET /api/entries/178?periodo=2026
[2026-03-07T00:31:26.243Z] GET /api/entries/179?periodo=2026
[2026-03-07T00:31:26.244Z] GET /api/entries/180?periodo=2026
[2026-03-07T00:31:26.245Z] GET /api/entries/182?periodo=2026
[2026-03-07T00:31:26.245Z] GET /api/entries/183?periodo=2026
[2026-03-07T00:31:26.245Z] GET /api/entries/184?periodo=2026
[2026-03-07T00:31:26.246Z] GET /api/entries/185?periodo=2026
[2026-03-07T00:31:26.246Z] GET /api/entries/186?periodo=2026
[2026-03-07T00:31:26.246Z] GET /api/entries/188?periodo=2026
[2026-03-07T00:31:26.247Z] GET /api/entries/187?periodo=2026
[2026-03-07T00:31:26.247Z] GET /api/entries/190?periodo=2026
[2026-03-07T00:31:26.248Z] GET /api/entries/191?periodo=2026
[2026-03-07T00:31:26.248Z] GET /api/entries/192?periodo=2026
[2026-03-07T00:31:26.248Z] GET /api/entries/189?periodo=2026
[2026-03-07T00:31:26.249Z] GET /api/entries/193?periodo=2026
[2026-03-07T00:31:26.249Z] GET /api/entries/194?periodo=2026
[2026-03-07T00:31:26.249Z] GET /api/entries/195?periodo=2026
[2026-03-07T00:31:26.250Z] GET /api/entries/198?periodo=2026
[2026-03-07T00:31:26.250Z] GET /api/entries/196?periodo=2026
[2026-03-07T00:31:26.251Z] GET /api/entries/197?periodo=2026
[2026-03-07T00:31:26.251Z] GET /api/entries/200?periodo=2026
[2026-03-07T00:31:26.252Z] GET /api/entries/199?periodo=2026
[2026-03-07T00:31:26.252Z] GET /api/entries/202?periodo=2026
[2026-03-07T00:31:26.252Z] GET /api/entries/201?periodo=2026
[2026-03-07T00:31:26.253Z] GET /api/entries/203?periodo=2026
[2026-03-07T00:31:26.254Z] GET /api/entries/204?periodo=2026
[2026-03-07T00:31:26.254Z] GET /api/entries/205?periodo=2026
[2026-03-07T00:31:26.255Z] GET /api/entries/207?periodo=2026
[2026-03-07T00:31:26.255Z] GET /api/entries/210?periodo=2026
[2026-03-07T00:31:26.256Z] GET /api/entries/208?periodo=2026
[2026-03-07T00:31:26.256Z] GET /api/entries/206?periodo=2026
[2026-03-07T00:31:26.257Z] GET /api/entries/209?periodo=2026
[2026-03-07T00:31:26.257Z] GET /api/entries/212?periodo=2026
[2026-03-07T00:31:26.257Z] GET /api/entries/211?periodo=2026
[2026-03-07T00:31:26.258Z] GET /api/entries/213?periodo=2026
[2026-03-07T00:31:26.258Z] GET /api/entries/214?periodo=2026
[2026-03-07T00:31:26.258Z] GET /api/entries/215?periodo=2026
[2026-03-07T00:31:26.259Z] GET /api/entries/216?periodo=2026
[2026-03-07T00:31:26.259Z] GET /api/entries/217?periodo=2026
[2026-03-07T00:31:26.259Z] GET /api/entries/218?periodo=2026
[2026-03-07T00:31:26.260Z] GET /api/entries/220?periodo=2026
[2026-03-07T00:31:26.260Z] GET /api/entries/219?periodo=2026
[2026-03-07T00:31:26.260Z] GET /api/entries/221?periodo=2026
[2026-03-07T00:31:26.261Z] GET /api/entries/222?periodo=2026
[2026-03-07T00:31:26.261Z] GET /api/entries/223?periodo=2026
[2026-03-07T00:31:26.262Z] GET /api/entries/226?periodo=2026
[2026-03-07T00:31:26.262Z] GET /api/entries/224?periodo=2026
[2026-03-07T00:31:26.262Z] GET /api/entries/225?periodo=2026
[2026-03-07T00:31:26.263Z] GET /api/entries/228?periodo=2026
[2026-03-07T00:31:26.263Z] GET /api/entries/233?periodo=2026
[2026-03-07T00:31:26.264Z] GET /api/entries/230?periodo=2026
[2026-03-07T00:31:26.264Z] GET /api/entries/229?periodo=2026
[2026-03-07T00:31:26.264Z] GET /api/entries/234?periodo=2026
[2026-03-07T00:31:26.265Z] GET /api/entries/235?periodo=2026
[2026-03-07T00:31:26.265Z] OPTIONS /api/entries/414?periodo=2026
[2026-03-07T00:31:26.265Z] GET /api/entries/237?periodo=2026
[2026-03-07T00:31:26.266Z] GET /api/entries/239?periodo=2026
[2026-03-07T00:31:26.266Z] GET /api/entries/236?periodo=2026
[2026-03-07T00:31:26.266Z] OPTIONS /api/entries/413?periodo=2026
[2026-03-07T00:31:26.266Z] GET /api/entries/238?periodo=2026
[2026-03-07T00:31:26.267Z] OPTIONS /api/entries/415?periodo=2026
[2026-03-07T00:31:26.267Z] GET /api/entries/240?periodo=2026
[2026-03-07T00:31:26.267Z] OPTIONS /api/entries/417?periodo=2026
[2026-03-07T00:31:26.267Z] GET /api/entries/242?periodo=2026
[2026-03-07T00:31:26.268Z] OPTIONS /api/entries/416?periodo=2026
[2026-03-07T00:31:26.268Z] GET /api/entries/244?periodo=2026
[2026-03-07T00:31:26.268Z] GET /api/entries/243?periodo=2026
[2026-03-07T00:31:26.268Z] GET /api/entries/245?periodo=2026
[2026-03-07T00:31:26.269Z] GET /api/entries/246?periodo=2026
[2026-03-07T00:31:26.269Z] GET /api/entries/247?periodo=2026
[2026-03-07T00:31:26.271Z] GET /api/entries/248?periodo=2026
[2026-03-07T00:31:26.271Z] GET /api/entries/249?periodo=2026
[2026-03-07T00:31:26.272Z] GET /api/entries/250?periodo=2026
[2026-03-07T00:31:26.272Z] GET /api/entries/251?periodo=2026
[2026-03-07T00:31:26.273Z] GET /api/entries/252?periodo=2026
[2026-03-07T00:31:26.273Z] GET /api/entries/253?periodo=2026
[2026-03-07T00:31:26.273Z] GET /api/entries/254?periodo=2026
[2026-03-07T00:31:26.274Z] GET /api/entries/255?periodo=2026
[2026-03-07T00:31:26.274Z] GET /api/entries/257?periodo=2026
[2026-03-07T00:31:26.275Z] GET /api/entries/258?periodo=2026
[2026-03-07T00:31:26.275Z] GET /api/entries/259?periodo=2026
[2026-03-07T00:31:26.275Z] GET /api/entries/260?periodo=2026
[2026-03-07T00:31:26.276Z] GET /api/entries/263?periodo=2026
[2026-03-07T00:31:26.276Z] GET /api/entries/261?periodo=2026
[2026-03-07T00:31:26.276Z] GET /api/entries/262?periodo=2026
[2026-03-07T00:31:26.277Z] GET /api/entries/264?periodo=2026
[2026-03-07T00:31:26.277Z] GET /api/entries/265?periodo=2026
[2026-03-07T00:31:26.277Z] GET /api/entries/266?periodo=2026
[2026-03-07T00:31:26.278Z] GET /api/entries/267?periodo=2026
[2026-03-07T00:31:26.278Z] GET /api/entries/268?periodo=2026
[2026-03-07T00:31:26.279Z] GET /api/entries/272?periodo=2026
[2026-03-07T00:31:26.279Z] GET /api/entries/269?periodo=2026
[2026-03-07T00:31:26.279Z] GET /api/entries/271?periodo=2026
[2026-03-07T00:31:26.280Z] GET /api/entries/270?periodo=2026
[2026-03-07T00:31:26.280Z] GET /api/entries/273?periodo=2026
[2026-03-07T00:31:26.281Z] GET /api/entries/274?periodo=2026
[2026-03-07T00:31:26.282Z] GET /api/entries/275?periodo=2026
[2026-03-07T00:31:26.282Z] GET /api/entries/276?periodo=2026
[2026-03-07T00:31:26.283Z] GET /api/entries/277?periodo=2026
[2026-03-07T00:31:26.283Z] GET /api/entries/279?periodo=2026
[2026-03-07T00:31:26.283Z] GET /api/entries/278?periodo=2026
[2026-03-07T00:31:26.284Z] GET /api/entries/280?periodo=2026
[2026-03-07T00:31:26.284Z] GET /api/entries/281?periodo=2026
[2026-03-07T00:31:26.284Z] GET /api/entries/282?periodo=2026
[2026-03-07T00:31:26.285Z] GET /api/entries/283?periodo=2026
[2026-03-07T00:31:26.285Z] GET /api/entries/284?periodo=2026
[2026-03-07T00:31:26.286Z] GET /api/entries/286?periodo=2026
[2026-03-07T00:31:26.286Z] GET /api/entries/285?periodo=2026
[2026-03-07T00:31:26.287Z] GET /api/entries/288?periodo=2026
[2026-03-07T00:31:26.287Z] GET /api/entries/289?periodo=2026
[2026-03-07T00:31:26.288Z] GET /api/entries/290?periodo=2026
[2026-03-07T00:31:26.288Z] GET /api/entries/291?periodo=2026
[2026-03-07T00:31:26.289Z] GET /api/entries/292?periodo=2026
[2026-03-07T00:31:26.289Z] GET /api/entries/293?periodo=2026
[2026-03-07T00:31:26.289Z] GET /api/entries/294?periodo=2026
[2026-03-07T00:31:26.290Z] GET /api/entries/295?periodo=2026
[2026-03-07T00:31:26.290Z] GET /api/entries/296?periodo=2026
[2026-03-07T00:31:26.291Z] GET /api/entries/298?periodo=2026
[2026-03-07T00:31:26.291Z] GET /api/entries/299?periodo=2026
[2026-03-07T00:31:26.291Z] GET /api/entries/300?periodo=2026
[2026-03-07T00:31:26.292Z] GET /api/entries/301?periodo=2026
[2026-03-07T00:31:26.292Z] GET /api/entries/297?periodo=2026
[2026-03-07T00:31:26.292Z] GET /api/entries/302?periodo=2026
[2026-03-07T00:31:26.293Z] GET /api/entries/305?periodo=2026
[2026-03-07T00:31:26.293Z] GET /api/entries/307?periodo=2026
[2026-03-07T00:31:26.293Z] GET /api/entries/306?periodo=2026
[2026-03-07T00:31:26.294Z] GET /api/entries/303?periodo=2026
[2026-03-07T00:31:26.295Z] GET /api/entries/304?periodo=2026
[2026-03-07T00:31:26.295Z] GET /api/entries/414?periodo=2026
[2026-03-07T00:31:26.295Z] GET /api/entries/413?periodo=2026
[2026-03-07T00:31:26.296Z] GET /api/entries/415?periodo=2026
[2026-03-07T00:31:26.296Z] GET /api/entries/417?periodo=2026
[2026-03-07T00:31:26.296Z] GET /api/entries/416?periodo=2026
[2026-03-07T00:31:36.226Z] OPTIONS /api/auth/login
[2026-03-07T00:31:36.227Z] POST /api/auth/login
Login Successful: admin@seplan.gob.mx | Roles: SuperAdministrador | Mission: undefined
[2026-03-07T00:31:36.272Z] OPTIONS /api/activities?periodo=2026
[2026-03-07T00:31:36.273Z] OPTIONS /api/dashboard/stats?periodo=2026
[2026-03-07T00:31:36.273Z] GET /api/activities?periodo=2026
[2026-03-07T00:31:36.274Z] GET /api/dashboard/stats?periodo=2026
[2026-03-07T00:31:36.276Z] GET /api/activities?periodo=2026
[2026-03-07T00:31:36.281Z] GET /api/dashboard/stats?periodo=2026
[2026-03-07T00:31:38.322Z] OPTIONS /api/stats/global?periodo=2026
[2026-03-07T00:31:38.323Z] GET /api/stats/global?periodo=2026
[2026-03-07T00:31:38.336Z] GET /api/stats/global?periodo=2026
[2026-03-07T00:31:40.116Z] GET /api/dashboard/stats?periodo=2026
[2026-03-07T00:31:40.116Z] GET /api/activities?periodo=2026
[2026-03-07T00:31:40.118Z] GET /api/activities?periodo=2026
[2026-03-07T00:31:40.123Z] GET /api/dashboard/stats?periodo=2026
[2026-03-07T00:38:35.851Z] OPTIONS /api/auth/login
[2026-03-07T00:38:35.852Z] POST /api/auth/login
Login Successful: saluddemo@seplan.gob.mx | Roles: Capturista | Mission: 3
[2026-03-07T00:38:35.949Z] OPTIONS /api/tracking/observations/count?periodo=2026
[2026-03-07T00:38:35.949Z] OPTIONS /api/dashboard/stats?periodo=2026
[2026-03-07T00:38:35.949Z] OPTIONS /api/tracking/observations/count?periodo=2026
[2026-03-07T00:38:35.950Z] GET /api/tracking/observations/count?periodo=2026
[2026-03-07T00:38:35.950Z] OPTIONS /api/activities?periodo=2026
[2026-03-07T00:38:35.951Z] GET /api/dashboard/stats?periodo=2026
[2026-03-07T00:38:35.951Z] GET /api/activities?periodo=2026
[2026-03-07T00:38:35.952Z] GET /api/tracking/observations/count?periodo=2026
[2026-03-07T00:38:35.961Z] GET /api/activities?periodo=2026
[2026-03-07T00:38:35.965Z] GET /api/dashboard/stats?periodo=2026
[2026-03-07T00:38:37.239Z] OPTIONS /api/catalogs/narrative-titles?periodo=2026
[2026-03-07T00:38:37.240Z] OPTIONS /api/catalogs/ods?periodo=2026
[2026-03-07T00:38:37.240Z] GET /api/catalogs/narrative-titles?periodo=2026
[2026-03-07T00:38:37.241Z] OPTIONS /api/catalogs/ped/missions?periodo=2026
[2026-03-07T00:38:37.242Z] GET /api/catalogs/ods?periodo=2026
[2026-03-07T00:38:37.242Z] OPTIONS /api/catalogs/ped/objectives
[2026-03-07T00:38:37.242Z] OPTIONS /api/catalogs/ped/strategies
[2026-03-07T00:38:37.242Z] OPTIONS /api/catalogs/budget-programs?periodo=2026
[2026-03-07T00:38:37.243Z] OPTIONS /api/catalogs/ped/action-lines
[2026-03-07T00:38:37.243Z] GET /api/catalogs/ped/objectives
[2026-03-07T00:38:37.243Z] GET /api/catalogs/ped/missions?periodo=2026
[2026-03-07T00:38:37.243Z] OPTIONS /api/catalogs/ppas-types
[2026-03-07T00:38:37.243Z] GET /api/catalogs/ped/strategies
[2026-03-07T00:38:37.244Z] GET /api/catalogs/budget-programs?periodo=2026
[2026-03-07T00:38:37.245Z] GET /api/catalogs/ped/action-lines
[2026-03-07T00:38:37.245Z] GET /api/catalogs/ppas-types
[2026-03-07T00:38:37.249Z] GET /api/catalogs/ped/missions?periodo=2026
[2026-03-07T00:38:37.249Z] GET /api/catalogs/ods?periodo=2026
[2026-03-07T00:38:37.250Z] GET /api/catalogs/ped/objectives
[2026-03-07T00:38:37.252Z] GET /api/catalogs/budget-programs?periodo=2026
[2026-03-07T00:38:37.253Z] GET /api/catalogs/ped/action-lines
[2026-03-07T00:38:37.254Z] GET /api/catalogs/narrative-titles?periodo=2026
[2026-03-07T00:38:37.255Z] GET /api/catalogs/ppas-types
[2026-03-07T00:38:37.257Z] GET /api/catalogs/ped/strategies
[2026-03-07T00:38:37.260Z] OPTIONS /api/catalogs/default-classification
[2026-03-07T00:38:37.260Z] GET /api/catalogs/default-classification
[default-classification] JWT user.id=156 type=string
[default-classification] depRaw=[{"name":"Secretaría de Salud"}]
Default classification for "Secretaría de Salud": titulo="SISTEMA DE SALUD PARA EL BIENESTAR"(14), tema="PROMOCIÓN, PREVENCIÓN Y ATENCIÓN TEMPRANA"(26), subtema="Cuidado de la salud mental y prevención de las adicciones"(14) | allowed: 1 titulos
[2026-03-07T00:38:37.273Z] GET /api/catalogs/default-classification
[default-classification] JWT user.id=156 type=string
[default-classification] depRaw=[{"name":"Secretaría de Salud"}]
[2026-03-07T00:38:37.276Z] OPTIONS /api/catalogs/narrative-themes?periodo=2026&title_id=14
[2026-03-07T00:38:37.276Z] GET /api/catalogs/narrative-themes?periodo=2026&title_id=14
Default classification for "Secretaría de Salud": titulo="SISTEMA DE SALUD PARA EL BIENESTAR"(14), tema="PROMOCIÓN, PREVENCIÓN Y ATENCIÓN TEMPRANA"(26), subtema="Cuidado de la salud mental y prevención de las adicciones"(14) | allowed: 1 titulos
[2026-03-07T00:38:37.279Z] GET /api/catalogs/narrative-themes?periodo=2026&title_id=14
[2026-03-07T00:38:37.279Z] OPTIONS /api/catalogs/narrative-subthemes?periodo=2026&theme_id=26
[2026-03-07T00:38:37.279Z] GET /api/catalogs/narrative-subthemes?periodo=2026&theme_id=26
[2026-03-07T00:38:37.281Z] GET /api/catalogs/narrative-subthemes?periodo=2026&theme_id=26
[2026-03-07T00:39:45.301Z] OPTIONS /api/catalogs/narrative-subthemes?periodo=2026&theme_id=51
[2026-03-07T00:39:45.303Z] GET /api/catalogs/narrative-subthemes?periodo=2026&theme_id=51
[2026-03-07T00:39:48.159Z] OPTIONS /api/catalogs/ppas-by-classification?titulo=SISTEMA+DE+SALUD+PARA+EL+BIENESTAR&tema=INVERSI%C3%93N+EN+SALUD&subtema=Donaci%C3%B3n+de+la+Administraci%C3%B3n+del+Patronato+de+la+Beneficencia+P%C3%BAblica&title_id=14&theme_id=51
[2026-03-07T00:39:48.160Z] GET /api/catalogs/ppas-by-classification?titulo=SISTEMA+DE+SALUD+PARA+EL+BIENESTAR&tema=INVERSI%C3%93N+EN+SALUD&subtema=Donaci%C3%B3n+de+la+Administraci%C3%B3n+del+Patronato+de+la+Beneficencia+P%C3%BAblica&title_id=14&theme_id=51
PPAs by classification -> 0 available (0 already used)
[2026-03-07T00:39:54.293Z] OPTIONS /api/catalogs/narrative-subthemes?periodo=2026&theme_id=53
[2026-03-07T00:39:54.294Z] GET /api/catalogs/narrative-subthemes?periodo=2026&theme_id=53
[2026-03-07T00:39:58.478Z] OPTIONS /api/catalogs/ppas-by-classification?titulo=SISTEMA+DE+SALUD+PARA+EL+BIENESTAR&tema=ATENCI%C3%93N+M%C3%89DICA+DE+PRIMER+Y+SEGUNDO+NIVEL&subtema=Fortalecimiento+de+la+Atenci%C3%B3n+M%C3%A9dica%2C+Extensi%C3%B3n+de+Cobertura&title_id=14&theme_id=53
[2026-03-07T00:39:58.479Z] GET /api/catalogs/ppas-by-classification?titulo=SISTEMA+DE+SALUD+PARA+EL+BIENESTAR&tema=ATENCI%C3%93N+M%C3%89DICA+DE+PRIMER+Y+SEGUNDO+NIVEL&subtema=Fortalecimiento+de+la+Atenci%C3%B3n+M%C3%A9dica%2C+Extensi%C3%B3n+de+Cobertura&title_id=14&theme_id=53
PPAs by classification -> 1 available (0 already used)
