
> backend@1.0.0 dev
> ts-node --transpile-only src/index.ts

[dotenv@17.3.1] injecting env (0) from .env -- tip: 🔐 prevent building .env in docker: https://dotenvx.com/prebuild
🚀 API Superior V2 corriendo en http://localhost:3001
🤖 Bot de Telegram activo.
✅ Conexión a Base de Datos de Producción estable.
[2026-03-06T23:34:11.532Z] OPTIONS /api/tracking/narrativa/2473
[2026-03-06T23:34:11.534Z] GET /api/tracking/narrativa/2473
[2026-03-06T23:34:11.544Z] OPTIONS /api/tracking/narrativa/2473
[2026-03-06T23:34:11.546Z] GET /api/tracking/narrativa/2473
[2026-03-06T23:34:12.912Z] OPTIONS /api/export/word/narrative/2473
[2026-03-06T23:34:12.913Z] GET /api/export/word/narrative/2473
[2026-03-06T23:35:53.224Z] OPTIONS /api/tracking/narrativa/2473
[2026-03-06T23:35:53.226Z] GET /api/tracking/narrativa/2473
[2026-03-06T23:35:53.230Z] OPTIONS /api/tracking/narrativa/2473
[2026-03-06T23:35:53.231Z] GET /api/tracking/narrativa/2473
[2026-03-06T23:36:00.824Z] OPTIONS /api/narratives/2473/observe-safin
[2026-03-06T23:36:00.825Z] POST /api/narratives/2473/observe-safin
[2026-03-06T23:36:04.112Z] OPTIONS /api/narratives/inbox?periodo=2026
[2026-03-06T23:36:04.113Z] GET /api/narratives/inbox?periodo=2026
[2026-03-06T23:36:04.118Z] GET /api/narratives/inbox?periodo=2026
[2026-03-06T23:37:37.356Z] OPTIONS /api/narratives/inbox?periodo=2026
[2026-03-06T23:37:37.358Z] GET /api/narratives/inbox?periodo=2026
[2026-03-06T23:37:37.371Z] GET /api/narratives/inbox?periodo=2026
[2026-03-06T23:37:41.886Z] OPTIONS /api/catalogs/dependencies?axis=I&periodo=2026&withProgress=true
[2026-03-06T23:37:41.887Z] GET /api/catalogs/dependencies?axis=I&periodo=2026&withProgress=true
[DEBUG] Filtrando por Eje: "I"
[DEBUG] Antes: 86, Después: 14
[2026-03-06T23:37:41.901Z] GET /api/catalogs/dependencies?axis=I&periodo=2026&withProgress=true
[DEBUG] Filtrando por Eje: "I"
[DEBUG] Antes: 86, Después: 14
[2026-03-06T23:37:49.712Z] OPTIONS /api/users
[2026-03-06T23:37:49.716Z] GET /api/users
[2026-03-06T23:37:49.722Z] OPTIONS /api/catalogs/dependencies?periodo=2026
[2026-03-06T23:37:49.722Z] GET /api/catalogs/dependencies?periodo=2026
[2026-03-06T23:37:49.733Z] GET /api/catalogs/dependencies?periodo=2026
[2026-03-06T23:37:49.742Z] GET /api/users
[2026-03-06T23:37:51.782Z] OPTIONS /api/dependencies
[2026-03-06T23:37:51.783Z] GET /api/dependencies
[2026-03-06T23:37:51.783Z] GET /api/dependencies - User: undefined Roles: [ 'SuperAdministrador' ]
[2026-03-06T23:37:51.788Z] Found 86 dependencies
[2026-03-06T23:37:51.789Z] GET /api/dependencies
[2026-03-06T23:37:51.789Z] GET /api/dependencies - User: undefined Roles: [ 'SuperAdministrador' ]
[2026-03-06T23:37:51.792Z] Found 86 dependencies
[2026-03-06T23:37:53.351Z] OPTIONS /api/periods
[2026-03-06T23:37:53.351Z] GET /api/periods
[2026-03-06T23:37:53.354Z] GET /api/periods
[2026-03-06T23:40:17.036Z] OPTIONS /api/dashboard/stats?periodo=2026
[2026-03-06T23:40:17.038Z] OPTIONS /api/activities?periodo=2026
[2026-03-06T23:40:17.038Z] GET /api/dashboard/stats?periodo=2026
[2026-03-06T23:40:17.041Z] GET /api/activities?periodo=2026
[2026-03-06T23:40:17.060Z] GET /api/activities?periodo=2026
[2026-03-06T23:40:17.062Z] GET /api/dashboard/stats?periodo=2026
[2026-03-06T23:40:19.952Z] OPTIONS /api/stats/global?periodo=2026
[2026-03-06T23:40:19.952Z] GET /api/stats/global?periodo=2026
[2026-03-06T23:40:19.969Z] GET /api/stats/global?periodo=2026
[2026-03-06T23:40:27.427Z] OPTIONS /api/entities?periodo=2026
[2026-03-06T23:40:27.428Z] GET /api/entities?periodo=2026
[2026-03-06T23:40:27.484Z] GET /api/entities?periodo=2026
[2026-03-06T23:40:27.489Z] OPTIONS /api/entries/2?periodo=2026
[2026-03-06T23:40:27.490Z] OPTIONS /api/entries/3?periodo=2026
[2026-03-06T23:40:27.490Z] OPTIONS /api/entries/4?periodo=2026
[2026-03-06T23:40:27.493Z] OPTIONS /api/entries/5?periodo=2026
[2026-03-06T23:40:27.495Z] GET /api/entries/2?periodo=2026
[2026-03-06T23:40:27.496Z] OPTIONS /api/entries/6?periodo=2026
[2026-03-06T23:40:27.496Z] GET /api/entries/3?periodo=2026
[2026-03-06T23:40:27.496Z] OPTIONS /api/entries/7?periodo=2026
[2026-03-06T23:40:27.497Z] GET /api/entries/4?periodo=2026
[2026-03-06T23:40:27.500Z] OPTIONS /api/entries/8?periodo=2026
[2026-03-06T23:40:27.503Z] OPTIONS /api/entries/9?periodo=2026
[2026-03-06T23:40:27.503Z] OPTIONS /api/entries/10?periodo=2026
[2026-03-06T23:40:27.506Z] GET /api/entries/5?periodo=2026
[2026-03-06T23:40:27.507Z] OPTIONS /api/entries/11?periodo=2026
[2026-03-06T23:40:27.508Z] OPTIONS /api/entries/12?periodo=2026
[2026-03-06T23:40:27.508Z] OPTIONS /api/entries/13?periodo=2026
[2026-03-06T23:40:27.528Z] OPTIONS /api/entries/14?periodo=2026
[2026-03-06T23:40:27.529Z] GET /api/entries/6?periodo=2026
[2026-03-06T23:40:27.530Z] OPTIONS /api/entries/15?periodo=2026
[2026-03-06T23:40:27.530Z] GET /api/entries/7?periodo=2026
[2026-03-06T23:40:27.530Z] OPTIONS /api/entries/16?periodo=2026
[2026-03-06T23:40:27.530Z] OPTIONS /api/entries/18?periodo=2026
[2026-03-06T23:40:27.531Z] OPTIONS /api/entries/19?periodo=2026
[2026-03-06T23:40:27.531Z] OPTIONS /api/entries/17?periodo=2026
[2026-03-06T23:40:27.531Z] OPTIONS /api/entries/22?periodo=2026
[2026-03-06T23:40:27.531Z] OPTIONS /api/entries/23?periodo=2026
[2026-03-06T23:40:27.531Z] OPTIONS /api/entries/24?periodo=2026
[2026-03-06T23:40:27.531Z] OPTIONS /api/entries/21?periodo=2026
[2026-03-06T23:40:27.532Z] GET /api/entries/8?periodo=2026
[2026-03-06T23:40:27.532Z] OPTIONS /api/entries/25?periodo=2026
[2026-03-06T23:40:27.532Z] OPTIONS /api/entries/26?periodo=2026
[2026-03-06T23:40:27.532Z] GET /api/entries/10?periodo=2026
[2026-03-06T23:40:27.533Z] OPTIONS /api/entries/28?periodo=2026
[2026-03-06T23:40:27.533Z] GET /api/entries/9?periodo=2026
[2026-03-06T23:40:27.533Z] OPTIONS /api/entries/30?periodo=2026
[2026-03-06T23:40:27.534Z] OPTIONS /api/entries/29?periodo=2026
[2026-03-06T23:40:27.534Z] OPTIONS /api/entries/31?periodo=2026
[2026-03-06T23:40:27.534Z] OPTIONS /api/entries/32?periodo=2026
[2026-03-06T23:40:27.534Z] OPTIONS /api/entries/33?periodo=2026
[2026-03-06T23:40:27.534Z] GET /api/entries/11?periodo=2026
[2026-03-06T23:40:27.534Z] OPTIONS /api/entries/34?periodo=2026
[2026-03-06T23:40:27.535Z] OPTIONS /api/entries/35?periodo=2026
[2026-03-06T23:40:27.535Z] GET /api/entries/13?periodo=2026
[2026-03-06T23:40:27.535Z] GET /api/entries/12?periodo=2026
[2026-03-06T23:40:27.536Z] OPTIONS /api/entries/36?periodo=2026
[2026-03-06T23:40:27.538Z] OPTIONS /api/entries/37?periodo=2026
[2026-03-06T23:40:27.539Z] OPTIONS /api/entries/41?periodo=2026
[2026-03-06T23:40:27.539Z] OPTIONS /api/entries/39?periodo=2026
[2026-03-06T23:40:27.539Z] OPTIONS /api/entries/40?periodo=2026
[2026-03-06T23:40:27.539Z] OPTIONS /api/entries/42?periodo=2026
[2026-03-06T23:40:27.539Z] OPTIONS /api/entries/43?periodo=2026
[2026-03-06T23:40:27.542Z] OPTIONS /api/entries/45?periodo=2026
[2026-03-06T23:40:27.542Z] OPTIONS /api/entries/46?periodo=2026
[2026-03-06T23:40:27.548Z] OPTIONS /api/entries/47?periodo=2026
[2026-03-06T23:40:27.548Z] OPTIONS /api/entries/48?periodo=2026
[2026-03-06T23:40:27.549Z] OPTIONS /api/entries/49?periodo=2026
[2026-03-06T23:40:27.549Z] OPTIONS /api/entries/50?periodo=2026
[2026-03-06T23:40:27.551Z] OPTIONS /api/entries/51?periodo=2026
[2026-03-06T23:40:27.551Z] OPTIONS /api/entries/52?periodo=2026
[2026-03-06T23:40:27.551Z] OPTIONS /api/entries/53?periodo=2026
[2026-03-06T23:40:27.551Z] OPTIONS /api/entries/54?periodo=2026
[2026-03-06T23:40:27.551Z] OPTIONS /api/entries/56?periodo=2026
[2026-03-06T23:40:27.551Z] OPTIONS /api/entries/57?periodo=2026
[2026-03-06T23:40:27.551Z] OPTIONS /api/entries/58?periodo=2026
[2026-03-06T23:40:27.551Z] OPTIONS /api/entries/59?periodo=2026
[2026-03-06T23:40:27.553Z] OPTIONS /api/entries/60?periodo=2026
[2026-03-06T23:40:27.553Z] OPTIONS /api/entries/61?periodo=2026
[2026-03-06T23:40:27.556Z] OPTIONS /api/entries/62?periodo=2026
[2026-03-06T23:40:27.556Z] OPTIONS /api/entries/63?periodo=2026
[2026-03-06T23:40:27.556Z] OPTIONS /api/entries/65?periodo=2026
[2026-03-06T23:40:27.557Z] OPTIONS /api/entries/66?periodo=2026
[2026-03-06T23:40:27.557Z] OPTIONS /api/entries/67?periodo=2026
[2026-03-06T23:40:27.558Z] OPTIONS /api/entries/69?periodo=2026
[2026-03-06T23:40:27.558Z] OPTIONS /api/entries/70?periodo=2026
[2026-03-06T23:40:27.559Z] OPTIONS /api/entries/71?periodo=2026
[2026-03-06T23:40:27.561Z] OPTIONS /api/entries/72?periodo=2026
[2026-03-06T23:40:27.561Z] OPTIONS /api/entries/73?periodo=2026
[2026-03-06T23:40:27.561Z] GET /api/entries/14?periodo=2026
[2026-03-06T23:40:27.561Z] OPTIONS /api/entries/75?periodo=2026
[2026-03-06T23:40:27.562Z] OPTIONS /api/entries/74?periodo=2026
[2026-03-06T23:40:27.562Z] OPTIONS /api/entries/76?periodo=2026
[2026-03-06T23:40:27.562Z] OPTIONS /api/entries/77?periodo=2026
[2026-03-06T23:40:27.562Z] OPTIONS /api/entries/78?periodo=2026
[2026-03-06T23:40:27.563Z] OPTIONS /api/entries/79?periodo=2026
[2026-03-06T23:40:27.563Z] OPTIONS /api/entries/81?periodo=2026
[2026-03-06T23:40:27.563Z] OPTIONS /api/entries/82?periodo=2026
[2026-03-06T23:40:27.564Z] OPTIONS /api/entries/83?periodo=2026
[2026-03-06T23:40:27.564Z] OPTIONS /api/entries/84?periodo=2026
[2026-03-06T23:40:27.564Z] GET /api/entries/15?periodo=2026
[2026-03-06T23:40:27.564Z] OPTIONS /api/entries/85?periodo=2026
[2026-03-06T23:40:27.564Z] GET /api/entries/16?periodo=2026
[2026-03-06T23:40:27.565Z] GET /api/entries/19?periodo=2026
[2026-03-06T23:40:27.565Z] GET /api/entries/18?periodo=2026
[2026-03-06T23:40:27.566Z] GET /api/entries/17?periodo=2026
[2026-03-06T23:40:27.566Z] OPTIONS /api/entries/86?periodo=2026
[2026-03-06T23:40:27.566Z] GET /api/entries/22?periodo=2026
[2026-03-06T23:40:27.567Z] OPTIONS /api/entries/87?periodo=2026
[2026-03-06T23:40:27.567Z] GET /api/entries/23?periodo=2026
[2026-03-06T23:40:27.567Z] GET /api/entries/24?periodo=2026
[2026-03-06T23:40:27.567Z] GET /api/entries/21?periodo=2026
[2026-03-06T23:40:27.568Z] OPTIONS /api/entries/89?periodo=2026
[2026-03-06T23:40:27.568Z] OPTIONS /api/entries/91?periodo=2026
[2026-03-06T23:40:27.569Z] OPTIONS /api/entries/92?periodo=2026
[2026-03-06T23:40:27.569Z] GET /api/entries/25?periodo=2026
[2026-03-06T23:40:27.569Z] OPTIONS /api/entries/96?periodo=2026
[2026-03-06T23:40:27.569Z] GET /api/entries/26?periodo=2026
[2026-03-06T23:40:27.570Z] OPTIONS /api/entries/93?periodo=2026
[2026-03-06T23:40:27.570Z] OPTIONS /api/entries/95?periodo=2026
[2026-03-06T23:40:27.570Z] GET /api/entries/28?periodo=2026
[2026-03-06T23:40:27.571Z] OPTIONS /api/entries/97?periodo=2026
[2026-03-06T23:40:27.571Z] OPTIONS /api/entries/98?periodo=2026
[2026-03-06T23:40:27.571Z] OPTIONS /api/entries/99?periodo=2026
[2026-03-06T23:40:27.571Z] OPTIONS /api/entries/100?periodo=2026
[2026-03-06T23:40:27.571Z] OPTIONS /api/entries/101?periodo=2026
[2026-03-06T23:40:27.571Z] GET /api/entries/30?periodo=2026
[2026-03-06T23:40:27.572Z] GET /api/entries/29?periodo=2026
[2026-03-06T23:40:27.572Z] GET /api/entries/31?periodo=2026
[2026-03-06T23:40:27.572Z] GET /api/entries/32?periodo=2026
[2026-03-06T23:40:27.573Z] GET /api/entries/33?periodo=2026
[2026-03-06T23:40:27.573Z] GET /api/entries/34?periodo=2026
[2026-03-06T23:40:27.574Z] GET /api/entries/35?periodo=2026
[2026-03-06T23:40:27.575Z] GET /api/entries/36?periodo=2026
[2026-03-06T23:40:27.575Z] OPTIONS /api/entries/102?periodo=2026
[2026-03-06T23:40:27.578Z] GET /api/entries/37?periodo=2026
[2026-03-06T23:40:27.578Z] OPTIONS /api/entries/103?periodo=2026
[2026-03-06T23:40:27.578Z] OPTIONS /api/entries/104?periodo=2026
[2026-03-06T23:40:27.579Z] GET /api/entries/41?periodo=2026
[2026-03-06T23:40:27.579Z] GET /api/entries/39?periodo=2026
[2026-03-06T23:40:27.580Z] GET /api/entries/40?periodo=2026
[2026-03-06T23:40:27.580Z] GET /api/entries/42?periodo=2026
[2026-03-06T23:40:27.580Z] GET /api/entries/43?periodo=2026
[2026-03-06T23:40:27.581Z] GET /api/entries/45?periodo=2026
[2026-03-06T23:40:27.582Z] GET /api/entries/46?periodo=2026
[2026-03-06T23:40:27.582Z] OPTIONS /api/entries/107?periodo=2026
[2026-03-06T23:40:27.583Z] OPTIONS /api/entries/108?periodo=2026
[2026-03-06T23:40:27.583Z] OPTIONS /api/entries/113?periodo=2026
[2026-03-06T23:40:27.583Z] OPTIONS /api/entries/110?periodo=2026
[2026-03-06T23:40:27.583Z] OPTIONS /api/entries/111?periodo=2026
[2026-03-06T23:40:27.583Z] OPTIONS /api/entries/112?periodo=2026
[2026-03-06T23:40:27.584Z] OPTIONS /api/entries/114?periodo=2026
[2026-03-06T23:40:27.584Z] OPTIONS /api/entries/115?periodo=2026
[2026-03-06T23:40:27.584Z] OPTIONS /api/entries/116?periodo=2026
[2026-03-06T23:40:27.585Z] OPTIONS /api/entries/117?periodo=2026
[2026-03-06T23:40:27.585Z] OPTIONS /api/entries/118?periodo=2026
[2026-03-06T23:40:27.585Z] OPTIONS /api/entries/119?periodo=2026
[2026-03-06T23:40:27.586Z] OPTIONS /api/entries/120?periodo=2026
[2026-03-06T23:40:27.587Z] OPTIONS /api/entries/121?periodo=2026
[2026-03-06T23:40:27.587Z] OPTIONS /api/entries/122?periodo=2026
[2026-03-06T23:40:27.587Z] OPTIONS /api/entries/123?periodo=2026
[2026-03-06T23:40:27.589Z] OPTIONS /api/entries/124?periodo=2026
[2026-03-06T23:40:27.589Z] OPTIONS /api/entries/125?periodo=2026
[2026-03-06T23:40:27.589Z] OPTIONS /api/entries/126?periodo=2026
[2026-03-06T23:40:27.589Z] GET /api/entries/47?periodo=2026
[2026-03-06T23:40:27.590Z] OPTIONS /api/entries/127?periodo=2026
[2026-03-06T23:40:27.590Z] GET /api/entries/48?periodo=2026
[2026-03-06T23:40:27.590Z] OPTIONS /api/entries/128?periodo=2026
[2026-03-06T23:40:27.590Z] GET /api/entries/49?periodo=2026
[2026-03-06T23:40:27.591Z] OPTIONS /api/entries/129?periodo=2026
[2026-03-06T23:40:27.591Z] OPTIONS /api/entries/130?periodo=2026
[2026-03-06T23:40:27.591Z] OPTIONS /api/entries/131?periodo=2026
[2026-03-06T23:40:27.592Z] OPTIONS /api/entries/132?periodo=2026
[2026-03-06T23:40:27.593Z] OPTIONS /api/entries/133?periodo=2026
[2026-03-06T23:40:27.593Z] OPTIONS /api/entries/134?periodo=2026
[2026-03-06T23:40:27.593Z] GET /api/entries/50?periodo=2026
[2026-03-06T23:40:27.593Z] GET /api/entries/51?periodo=2026
[2026-03-06T23:40:27.594Z] GET /api/entries/52?periodo=2026
[2026-03-06T23:40:27.594Z] GET /api/entries/53?periodo=2026
[2026-03-06T23:40:27.594Z] GET /api/entries/56?periodo=2026
[2026-03-06T23:40:27.595Z] GET /api/entries/54?periodo=2026
[2026-03-06T23:40:27.595Z] GET /api/entries/58?periodo=2026
[2026-03-06T23:40:27.596Z] OPTIONS /api/entries/135?periodo=2026
[2026-03-06T23:40:27.596Z] GET /api/entries/57?periodo=2026
[2026-03-06T23:40:27.597Z] GET /api/entries/59?periodo=2026
[2026-03-06T23:40:27.597Z] OPTIONS /api/entries/136?periodo=2026
[2026-03-06T23:40:27.597Z] OPTIONS /api/entries/137?periodo=2026
[2026-03-06T23:40:27.597Z] OPTIONS /api/entries/138?periodo=2026
[2026-03-06T23:40:27.598Z] GET /api/entries/60?periodo=2026
[2026-03-06T23:40:27.598Z] OPTIONS /api/entries/139?periodo=2026
[2026-03-06T23:40:27.598Z] GET /api/entries/61?periodo=2026
[2026-03-06T23:40:27.599Z] OPTIONS /api/entries/140?periodo=2026
[2026-03-06T23:40:27.599Z] OPTIONS /api/entries/141?periodo=2026
[2026-03-06T23:40:27.599Z] OPTIONS /api/entries/142?periodo=2026
[2026-03-06T23:40:27.600Z] OPTIONS /api/entries/143?periodo=2026
[2026-03-06T23:40:27.600Z] OPTIONS /api/entries/144?periodo=2026
[2026-03-06T23:40:27.600Z] GET /api/entries/62?periodo=2026
[2026-03-06T23:40:27.600Z] OPTIONS /api/entries/145?periodo=2026
[2026-03-06T23:40:27.600Z] GET /api/entries/65?periodo=2026
[2026-03-06T23:40:27.600Z] OPTIONS /api/entries/147?periodo=2026
[2026-03-06T23:40:27.601Z] GET /api/entries/63?periodo=2026
[2026-03-06T23:40:27.601Z] OPTIONS /api/entries/146?periodo=2026
[2026-03-06T23:40:27.601Z] OPTIONS /api/entries/149?periodo=2026
[2026-03-06T23:40:27.601Z] OPTIONS /api/entries/148?periodo=2026
[2026-03-06T23:40:27.601Z] OPTIONS /api/entries/151?periodo=2026
[2026-03-06T23:40:27.601Z] OPTIONS /api/entries/152?periodo=2026
[2026-03-06T23:40:27.601Z] OPTIONS /api/entries/150?periodo=2026
[2026-03-06T23:40:27.601Z] OPTIONS /api/entries/153?periodo=2026
[2026-03-06T23:40:27.602Z] OPTIONS /api/entries/154?periodo=2026
[2026-03-06T23:40:27.602Z] OPTIONS /api/entries/156?periodo=2026
[2026-03-06T23:40:27.602Z] GET /api/entries/66?periodo=2026
[2026-03-06T23:40:27.602Z] OPTIONS /api/entries/155?periodo=2026
[2026-03-06T23:40:27.602Z] OPTIONS /api/entries/158?periodo=2026
[2026-03-06T23:40:27.602Z] OPTIONS /api/entries/159?periodo=2026
[2026-03-06T23:40:27.602Z] GET /api/entries/69?periodo=2026
[2026-03-06T23:40:27.603Z] GET /api/entries/67?periodo=2026
[2026-03-06T23:40:27.603Z] OPTIONS /api/entries/161?periodo=2026
[2026-03-06T23:40:27.604Z] OPTIONS /api/entries/160?periodo=2026
[2026-03-06T23:40:27.604Z] OPTIONS /api/entries/162?periodo=2026
[2026-03-06T23:40:27.604Z] OPTIONS /api/entries/163?periodo=2026
[2026-03-06T23:40:27.604Z] OPTIONS /api/entries/164?periodo=2026
[2026-03-06T23:40:27.604Z] OPTIONS /api/entries/166?periodo=2026
[2026-03-06T23:40:27.604Z] GET /api/entries/70?periodo=2026
[2026-03-06T23:40:27.604Z] OPTIONS /api/entries/167?periodo=2026
[2026-03-06T23:40:27.605Z] OPTIONS /api/entries/168?periodo=2026
[2026-03-06T23:40:27.605Z] OPTIONS /api/entries/169?periodo=2026
[2026-03-06T23:40:27.605Z] OPTIONS /api/entries/170?periodo=2026
[2026-03-06T23:40:27.605Z] GET /api/entries/71?periodo=2026
[2026-03-06T23:40:27.605Z] OPTIONS /api/entries/171?periodo=2026
[2026-03-06T23:40:27.605Z] OPTIONS /api/entries/172?periodo=2026
[2026-03-06T23:40:27.606Z] OPTIONS /api/entries/175?periodo=2026
[2026-03-06T23:40:27.606Z] OPTIONS /api/entries/173?periodo=2026
[2026-03-06T23:40:27.606Z] OPTIONS /api/entries/174?periodo=2026
[2026-03-06T23:40:27.606Z] OPTIONS /api/entries/177?periodo=2026
[2026-03-06T23:40:27.606Z] OPTIONS /api/entries/178?periodo=2026
[2026-03-06T23:40:27.606Z] OPTIONS /api/entries/176?periodo=2026
[2026-03-06T23:40:27.606Z] OPTIONS /api/entries/180?periodo=2026
[2026-03-06T23:40:27.606Z] OPTIONS /api/entries/179?periodo=2026
[2026-03-06T23:40:27.606Z] OPTIONS /api/entries/181?periodo=2026
[2026-03-06T23:40:27.606Z] OPTIONS /api/entries/182?periodo=2026
[2026-03-06T23:40:27.607Z] GET /api/entries/72?periodo=2026
[2026-03-06T23:40:27.608Z] GET /api/entries/73?periodo=2026
[2026-03-06T23:40:27.609Z] OPTIONS /api/entries/183?periodo=2026
[2026-03-06T23:40:27.609Z] OPTIONS /api/entries/184?periodo=2026
[2026-03-06T23:40:27.609Z] OPTIONS /api/entries/185?periodo=2026
[2026-03-06T23:40:27.610Z] OPTIONS /api/entries/186?periodo=2026
[2026-03-06T23:40:27.610Z] GET /api/entries/75?periodo=2026
[2026-03-06T23:40:27.611Z] OPTIONS /api/entries/187?periodo=2026
[2026-03-06T23:40:27.611Z] GET /api/entries/74?periodo=2026
[2026-03-06T23:40:27.612Z] OPTIONS /api/entries/189?periodo=2026
[2026-03-06T23:40:27.612Z] OPTIONS /api/entries/188?periodo=2026
[2026-03-06T23:40:27.612Z] GET /api/entries/76?periodo=2026
[2026-03-06T23:40:27.612Z] OPTIONS /api/entries/190?periodo=2026
[2026-03-06T23:40:27.613Z] OPTIONS /api/entries/191?periodo=2026
[2026-03-06T23:40:27.613Z] GET /api/entries/77?periodo=2026
[2026-03-06T23:40:27.613Z] GET /api/entries/78?periodo=2026
[2026-03-06T23:40:27.614Z] OPTIONS /api/entries/192?periodo=2026
[2026-03-06T23:40:27.614Z] GET /api/entries/79?periodo=2026
[2026-03-06T23:40:27.615Z] OPTIONS /api/entries/193?periodo=2026
[2026-03-06T23:40:27.615Z] OPTIONS /api/entries/194?periodo=2026
[2026-03-06T23:40:27.615Z] GET /api/entries/81?periodo=2026
[2026-03-06T23:40:27.615Z] OPTIONS /api/entries/195?periodo=2026
[2026-03-06T23:40:27.616Z] GET /api/entries/82?periodo=2026
[2026-03-06T23:40:27.616Z] OPTIONS /api/entries/196?periodo=2026
[2026-03-06T23:40:27.616Z] OPTIONS /api/entries/197?periodo=2026
[2026-03-06T23:40:27.616Z] GET /api/entries/83?periodo=2026
[2026-03-06T23:40:27.616Z] OPTIONS /api/entries/198?periodo=2026
[2026-03-06T23:40:27.617Z] GET /api/entries/84?periodo=2026
[2026-03-06T23:40:27.617Z] OPTIONS /api/entries/199?periodo=2026
[2026-03-06T23:40:27.618Z] OPTIONS /api/entries/200?periodo=2026
[2026-03-06T23:40:27.618Z] OPTIONS /api/entries/201?periodo=2026
[2026-03-06T23:40:27.618Z] GET /api/entries/85?periodo=2026
[2026-03-06T23:40:27.618Z] OPTIONS /api/entries/203?periodo=2026
[2026-03-06T23:40:27.618Z] OPTIONS /api/entries/202?periodo=2026
[2026-03-06T23:40:27.619Z] OPTIONS /api/entries/204?periodo=2026
[2026-03-06T23:40:27.619Z] OPTIONS /api/entries/205?periodo=2026
[2026-03-06T23:40:27.619Z] OPTIONS /api/entries/206?periodo=2026
[2026-03-06T23:40:27.619Z] OPTIONS /api/entries/207?periodo=2026
[2026-03-06T23:40:27.619Z] GET /api/entries/86?periodo=2026
[2026-03-06T23:40:27.619Z] GET /api/entries/87?periodo=2026
[2026-03-06T23:40:27.620Z] OPTIONS /api/entries/208?periodo=2026
[2026-03-06T23:40:27.620Z] OPTIONS /api/entries/209?periodo=2026
[2026-03-06T23:40:27.621Z] OPTIONS /api/entries/210?periodo=2026
[2026-03-06T23:40:27.621Z] OPTIONS /api/entries/211?periodo=2026
[2026-03-06T23:40:27.621Z] OPTIONS /api/entries/212?periodo=2026
[2026-03-06T23:40:27.621Z] OPTIONS /api/entries/213?periodo=2026
[2026-03-06T23:40:27.621Z] GET /api/entries/89?periodo=2026
[2026-03-06T23:40:27.621Z] GET /api/entries/91?periodo=2026
[2026-03-06T23:40:27.622Z] OPTIONS /api/entries/214?periodo=2026
[2026-03-06T23:40:27.622Z] OPTIONS /api/entries/215?periodo=2026
[2026-03-06T23:40:27.622Z] OPTIONS /api/entries/216?periodo=2026
[2026-03-06T23:40:27.622Z] GET /api/entries/92?periodo=2026
[2026-03-06T23:40:27.623Z] OPTIONS /api/entries/218?periodo=2026
[2026-03-06T23:40:27.623Z] OPTIONS /api/entries/217?periodo=2026
[2026-03-06T23:40:27.623Z] GET /api/entries/96?periodo=2026
[2026-03-06T23:40:27.623Z] OPTIONS /api/entries/219?periodo=2026
[2026-03-06T23:40:27.623Z] OPTIONS /api/entries/220?periodo=2026
[2026-03-06T23:40:27.623Z] OPTIONS /api/entries/221?periodo=2026
[2026-03-06T23:40:27.623Z] OPTIONS /api/entries/222?periodo=2026
[2026-03-06T23:40:27.624Z] OPTIONS /api/entries/223?periodo=2026
[2026-03-06T23:40:27.624Z] GET /api/entries/93?periodo=2026
[2026-03-06T23:40:27.624Z] GET /api/entries/95?periodo=2026
[2026-03-06T23:40:27.624Z] OPTIONS /api/entries/224?periodo=2026
[2026-03-06T23:40:27.624Z] OPTIONS /api/entries/225?periodo=2026
[2026-03-06T23:40:27.624Z] OPTIONS /api/entries/226?periodo=2026
[2026-03-06T23:40:27.625Z] OPTIONS /api/entries/228?periodo=2026
[2026-03-06T23:40:27.625Z] GET /api/entries/97?periodo=2026
[2026-03-06T23:40:27.626Z] GET /api/entries/98?periodo=2026
[2026-03-06T23:40:27.626Z] OPTIONS /api/entries/229?periodo=2026
[2026-03-06T23:40:27.626Z] GET /api/entries/99?periodo=2026
[2026-03-06T23:40:27.626Z] OPTIONS /api/entries/230?periodo=2026
[2026-03-06T23:40:27.626Z] GET /api/entries/100?periodo=2026
[2026-03-06T23:40:27.627Z] OPTIONS /api/entries/233?periodo=2026
[2026-03-06T23:40:27.627Z] GET /api/entries/101?periodo=2026
[2026-03-06T23:40:27.628Z] OPTIONS /api/entries/234?periodo=2026
[2026-03-06T23:40:27.628Z] OPTIONS /api/entries/235?periodo=2026
[2026-03-06T23:40:27.628Z] OPTIONS /api/entries/236?periodo=2026
[2026-03-06T23:40:27.629Z] OPTIONS /api/entries/237?periodo=2026
[2026-03-06T23:40:27.629Z] OPTIONS /api/entries/238?periodo=2026
[2026-03-06T23:40:27.629Z] OPTIONS /api/entries/239?periodo=2026
[2026-03-06T23:40:27.629Z] OPTIONS /api/entries/242?periodo=2026
[2026-03-06T23:40:27.629Z] OPTIONS /api/entries/240?periodo=2026
[2026-03-06T23:40:27.629Z] OPTIONS /api/entries/243?periodo=2026
[2026-03-06T23:40:27.630Z] OPTIONS /api/entries/244?periodo=2026
[2026-03-06T23:40:27.630Z] OPTIONS /api/entries/247?periodo=2026
[2026-03-06T23:40:27.630Z] OPTIONS /api/entries/248?periodo=2026
[2026-03-06T23:40:27.630Z] OPTIONS /api/entries/249?periodo=2026
[2026-03-06T23:40:27.630Z] OPTIONS /api/entries/245?periodo=2026
[2026-03-06T23:40:27.630Z] OPTIONS /api/entries/246?periodo=2026
[2026-03-06T23:40:27.630Z] OPTIONS /api/entries/251?periodo=2026
[2026-03-06T23:40:27.630Z] OPTIONS /api/entries/252?periodo=2026
[2026-03-06T23:40:27.630Z] OPTIONS /api/entries/253?periodo=2026
[2026-03-06T23:40:27.630Z] GET /api/entries/102?periodo=2026
[2026-03-06T23:40:27.631Z] OPTIONS /api/entries/250?periodo=2026
[2026-03-06T23:40:27.631Z] OPTIONS /api/entries/255?periodo=2026
[2026-03-06T23:40:27.631Z] OPTIONS /api/entries/257?periodo=2026
[2026-03-06T23:40:27.631Z] OPTIONS /api/entries/258?periodo=2026
[2026-03-06T23:40:27.631Z] OPTIONS /api/entries/254?periodo=2026
[2026-03-06T23:40:27.631Z] OPTIONS /api/entries/260?periodo=2026
[2026-03-06T23:40:27.631Z] OPTIONS /api/entries/261?periodo=2026
[2026-03-06T23:40:27.631Z] OPTIONS /api/entries/262?periodo=2026
[2026-03-06T23:40:27.631Z] OPTIONS /api/entries/259?periodo=2026
[2026-03-06T23:40:27.631Z] OPTIONS /api/entries/264?periodo=2026
[2026-03-06T23:40:27.631Z] OPTIONS /api/entries/263?periodo=2026
[2026-03-06T23:40:27.631Z] OPTIONS /api/entries/265?periodo=2026
[2026-03-06T23:40:27.631Z] OPTIONS /api/entries/266?periodo=2026
[2026-03-06T23:40:27.631Z] OPTIONS /api/entries/267?periodo=2026
[2026-03-06T23:40:27.632Z] OPTIONS /api/entries/268?periodo=2026
[2026-03-06T23:40:27.632Z] OPTIONS /api/entries/269?periodo=2026
[2026-03-06T23:40:27.632Z] OPTIONS /api/entries/270?periodo=2026
[2026-03-06T23:40:27.632Z] OPTIONS /api/entries/271?periodo=2026
[2026-03-06T23:40:27.632Z] OPTIONS /api/entries/272?periodo=2026
[2026-03-06T23:40:27.632Z] OPTIONS /api/entries/273?periodo=2026
[2026-03-06T23:40:27.632Z] OPTIONS /api/entries/274?periodo=2026
[2026-03-06T23:40:27.632Z] OPTIONS /api/entries/275?periodo=2026
[2026-03-06T23:40:27.632Z] OPTIONS /api/entries/276?periodo=2026
[2026-03-06T23:40:27.632Z] GET /api/entries/103?periodo=2026
[2026-03-06T23:40:27.633Z] OPTIONS /api/entries/278?periodo=2026
[2026-03-06T23:40:27.633Z] OPTIONS /api/entries/279?periodo=2026
[2026-03-06T23:40:27.633Z] GET /api/entries/104?periodo=2026
[2026-03-06T23:40:27.633Z] OPTIONS /api/entries/280?periodo=2026
[2026-03-06T23:40:27.633Z] OPTIONS /api/entries/277?periodo=2026
[2026-03-06T23:40:27.633Z] OPTIONS /api/entries/281?periodo=2026
[2026-03-06T23:40:27.634Z] OPTIONS /api/entries/282?periodo=2026
[2026-03-06T23:40:27.634Z] OPTIONS /api/entries/283?periodo=2026
[2026-03-06T23:40:27.634Z] OPTIONS /api/entries/285?periodo=2026
[2026-03-06T23:40:27.634Z] OPTIONS /api/entries/284?periodo=2026
[2026-03-06T23:40:27.634Z] OPTIONS /api/entries/286?periodo=2026
[2026-03-06T23:40:27.634Z] OPTIONS /api/entries/288?periodo=2026
[2026-03-06T23:40:27.634Z] OPTIONS /api/entries/289?periodo=2026
[2026-03-06T23:40:27.634Z] OPTIONS /api/entries/290?periodo=2026
[2026-03-06T23:40:27.634Z] OPTIONS /api/entries/291?periodo=2026
[2026-03-06T23:40:27.634Z] OPTIONS /api/entries/292?periodo=2026
[2026-03-06T23:40:27.634Z] OPTIONS /api/entries/295?periodo=2026
[2026-03-06T23:40:27.634Z] OPTIONS /api/entries/293?periodo=2026
[2026-03-06T23:40:27.635Z] OPTIONS /api/entries/294?periodo=2026
[2026-03-06T23:40:27.635Z] OPTIONS /api/entries/296?periodo=2026
[2026-03-06T23:40:27.635Z] OPTIONS /api/entries/299?periodo=2026
[2026-03-06T23:40:27.635Z] OPTIONS /api/entries/300?periodo=2026
[2026-03-06T23:40:27.635Z] OPTIONS /api/entries/301?periodo=2026
[2026-03-06T23:40:27.635Z] OPTIONS /api/entries/297?periodo=2026
[2026-03-06T23:40:27.635Z] OPTIONS /api/entries/298?periodo=2026
[2026-03-06T23:40:27.635Z] GET /api/entries/108?periodo=2026
[2026-03-06T23:40:27.635Z] OPTIONS /api/entries/302?periodo=2026
[2026-03-06T23:40:27.635Z] GET /api/entries/113?periodo=2026
[2026-03-06T23:40:27.636Z] GET /api/entries/110?periodo=2026
[2026-03-06T23:40:27.636Z] GET /api/entries/107?periodo=2026
[2026-03-06T23:40:27.637Z] OPTIONS /api/entries/303?periodo=2026
[2026-03-06T23:40:27.637Z] GET /api/entries/111?periodo=2026
[2026-03-06T23:40:27.637Z] GET /api/entries/112?periodo=2026
[2026-03-06T23:40:27.638Z] OPTIONS /api/entries/304?periodo=2026
[2026-03-06T23:40:27.638Z] OPTIONS /api/entries/305?periodo=2026
[2026-03-06T23:40:27.638Z] OPTIONS /api/entries/306?periodo=2026
[2026-03-06T23:40:27.638Z] OPTIONS /api/entries/307?periodo=2026
[2026-03-06T23:40:27.639Z] GET /api/entries/115?periodo=2026
[2026-03-06T23:40:27.639Z] OPTIONS /api/entries/308?periodo=2026
[2026-03-06T23:40:27.639Z] GET /api/entries/114?periodo=2026
[2026-03-06T23:40:27.639Z] OPTIONS /api/entries/311?periodo=2026
[2026-03-06T23:40:27.639Z] OPTIONS /api/entries/309?periodo=2026
[2026-03-06T23:40:27.640Z] OPTIONS /api/entries/312?periodo=2026
[2026-03-06T23:40:27.640Z] OPTIONS /api/entries/313?periodo=2026
[2026-03-06T23:40:27.640Z] OPTIONS /api/entries/314?periodo=2026
[2026-03-06T23:40:27.640Z] GET /api/entries/116?periodo=2026
[2026-03-06T23:40:27.640Z] OPTIONS /api/entries/317?periodo=2026
[2026-03-06T23:40:27.640Z] OPTIONS /api/entries/315?periodo=2026
[2026-03-06T23:40:27.640Z] OPTIONS /api/entries/316?periodo=2026
[2026-03-06T23:40:27.640Z] OPTIONS /api/entries/318?periodo=2026
[2026-03-06T23:40:27.640Z] OPTIONS /api/entries/324?periodo=2026
[2026-03-06T23:40:27.641Z] OPTIONS /api/entries/325?periodo=2026
[2026-03-06T23:40:27.641Z] GET /api/entries/117?periodo=2026
[2026-03-06T23:40:27.641Z] OPTIONS /api/entries/322?periodo=2026
[2026-03-06T23:40:27.641Z] OPTIONS /api/entries/326?periodo=2026
[2026-03-06T23:40:27.641Z] OPTIONS /api/entries/327?periodo=2026
[2026-03-06T23:40:27.641Z] GET /api/entries/119?periodo=2026
[2026-03-06T23:40:27.642Z] GET /api/entries/118?periodo=2026
[2026-03-06T23:40:27.642Z] OPTIONS /api/entries/329?periodo=2026
[2026-03-06T23:40:27.642Z] OPTIONS /api/entries/330?periodo=2026
[2026-03-06T23:40:27.642Z] OPTIONS /api/entries/328?periodo=2026
[2026-03-06T23:40:27.642Z] OPTIONS /api/entries/332?periodo=2026
[2026-03-06T23:40:27.642Z] OPTIONS /api/entries/331?periodo=2026
[2026-03-06T23:40:27.643Z] GET /api/entries/120?periodo=2026
[2026-03-06T23:40:27.643Z] OPTIONS /api/entries/333?periodo=2026
[2026-03-06T23:40:27.643Z] OPTIONS /api/entries/334?periodo=2026
[2026-03-06T23:40:27.643Z] OPTIONS /api/entries/335?periodo=2026
[2026-03-06T23:40:27.643Z] OPTIONS /api/entries/336?periodo=2026
[2026-03-06T23:40:27.644Z] OPTIONS /api/entries/337?periodo=2026
[2026-03-06T23:40:27.644Z] OPTIONS /api/entries/342?periodo=2026
[2026-03-06T23:40:27.644Z] OPTIONS /api/entries/341?periodo=2026
[2026-03-06T23:40:27.644Z] GET /api/entries/121?periodo=2026
[2026-03-06T23:40:27.646Z] OPTIONS /api/entries/343?periodo=2026
[2026-03-06T23:40:27.646Z] GET /api/entries/122?periodo=2026
[2026-03-06T23:40:27.646Z] OPTIONS /api/entries/347?periodo=2026
[2026-03-06T23:40:27.646Z] OPTIONS /api/entries/344?periodo=2026
[2026-03-06T23:40:27.647Z] OPTIONS /api/entries/348?periodo=2026
[2026-03-06T23:40:27.647Z] OPTIONS /api/entries/349?periodo=2026
[2026-03-06T23:40:27.647Z] GET /api/entries/123?periodo=2026
[2026-03-06T23:40:27.647Z] OPTIONS /api/entries/350?periodo=2026
[2026-03-06T23:40:27.647Z] OPTIONS /api/entries/351?periodo=2026
[2026-03-06T23:40:27.647Z] OPTIONS /api/entries/352?periodo=2026
[2026-03-06T23:40:27.647Z] OPTIONS /api/entries/353?periodo=2026
[2026-03-06T23:40:27.648Z] OPTIONS /api/entries/354?periodo=2026
[2026-03-06T23:40:27.648Z] OPTIONS /api/entries/355?periodo=2026
[2026-03-06T23:40:27.648Z] OPTIONS /api/entries/356?periodo=2026
[2026-03-06T23:40:27.648Z] OPTIONS /api/entries/357?periodo=2026
[2026-03-06T23:40:27.648Z] OPTIONS /api/entries/358?periodo=2026
[2026-03-06T23:40:27.648Z] OPTIONS /api/entries/361?periodo=2026
[2026-03-06T23:40:27.648Z] OPTIONS /api/entries/359?periodo=2026
[2026-03-06T23:40:27.648Z] OPTIONS /api/entries/360?periodo=2026
[2026-03-06T23:40:27.648Z] OPTIONS /api/entries/364?periodo=2026
[2026-03-06T23:40:27.648Z] OPTIONS /api/entries/362?periodo=2026
[2026-03-06T23:40:27.648Z] OPTIONS /api/entries/363?periodo=2026
[2026-03-06T23:40:27.648Z] OPTIONS /api/entries/365?periodo=2026
[2026-03-06T23:40:27.648Z] GET /api/entries/124?periodo=2026
[2026-03-06T23:40:27.649Z] GET /api/entries/125?periodo=2026
[2026-03-06T23:40:27.649Z] OPTIONS /api/entries/367?periodo=2026
[2026-03-06T23:40:27.649Z] GET /api/entries/126?periodo=2026
[2026-03-06T23:40:27.650Z] OPTIONS /api/entries/366?periodo=2026
[2026-03-06T23:40:27.650Z] OPTIONS /api/entries/368?periodo=2026
[2026-03-06T23:40:27.650Z] OPTIONS /api/entries/369?periodo=2026
[2026-03-06T23:40:27.650Z] GET /api/entries/127?periodo=2026
[2026-03-06T23:40:27.650Z] OPTIONS /api/entries/370?periodo=2026
[2026-03-06T23:40:27.650Z] OPTIONS /api/entries/371?periodo=2026
[2026-03-06T23:40:27.650Z] OPTIONS /api/entries/372?periodo=2026
[2026-03-06T23:40:27.650Z] OPTIONS /api/entries/373?periodo=2026
[2026-03-06T23:40:27.651Z] GET /api/entries/128?periodo=2026
[2026-03-06T23:40:27.651Z] OPTIONS /api/entries/375?periodo=2026
[2026-03-06T23:40:27.651Z] OPTIONS /api/entries/374?periodo=2026
[2026-03-06T23:40:27.652Z] GET /api/entries/129?periodo=2026
[2026-03-06T23:40:27.652Z] GET /api/entries/130?periodo=2026
[2026-03-06T23:40:27.652Z] OPTIONS /api/entries/376?periodo=2026
[2026-03-06T23:40:27.652Z] OPTIONS /api/entries/377?periodo=2026
[2026-03-06T23:40:27.653Z] OPTIONS /api/entries/378?periodo=2026
[2026-03-06T23:40:27.653Z] GET /api/entries/131?periodo=2026
[2026-03-06T23:40:27.653Z] OPTIONS /api/entries/379?periodo=2026
[2026-03-06T23:40:27.653Z] OPTIONS /api/entries/380?periodo=2026
[2026-03-06T23:40:27.653Z] OPTIONS /api/entries/381?periodo=2026
[2026-03-06T23:40:27.654Z] GET /api/entries/132?periodo=2026
[2026-03-06T23:40:27.654Z] OPTIONS /api/entries/382?periodo=2026
[2026-03-06T23:40:27.654Z] OPTIONS /api/entries/384?periodo=2026
[2026-03-06T23:40:27.654Z] OPTIONS /api/entries/385?periodo=2026
[2026-03-06T23:40:27.654Z] OPTIONS /api/entries/383?periodo=2026
[2026-03-06T23:40:27.655Z] GET /api/entries/133?periodo=2026
[2026-03-06T23:40:27.655Z] GET /api/entries/134?periodo=2026
[2026-03-06T23:40:27.655Z] OPTIONS /api/entries/387?periodo=2026
[2026-03-06T23:40:27.655Z] OPTIONS /api/entries/386?periodo=2026
[2026-03-06T23:40:27.655Z] OPTIONS /api/entries/388?periodo=2026
[2026-03-06T23:40:27.656Z] OPTIONS /api/entries/389?periodo=2026
[2026-03-06T23:40:27.656Z] OPTIONS /api/entries/390?periodo=2026
[2026-03-06T23:40:27.656Z] OPTIONS /api/entries/391?periodo=2026
[2026-03-06T23:40:27.656Z] OPTIONS /api/entries/392?periodo=2026
[2026-03-06T23:40:27.656Z] OPTIONS /api/entries/393?periodo=2026
[2026-03-06T23:40:27.656Z] OPTIONS /api/entries/396?periodo=2026
[2026-03-06T23:40:27.657Z] OPTIONS /api/entries/394?periodo=2026
[2026-03-06T23:40:27.657Z] OPTIONS /api/entries/395?periodo=2026
[2026-03-06T23:40:27.657Z] OPTIONS /api/entries/398?periodo=2026
[2026-03-06T23:40:27.657Z] OPTIONS /api/entries/399?periodo=2026
[2026-03-06T23:40:27.657Z] GET /api/entries/135?periodo=2026
[2026-03-06T23:40:27.657Z] OPTIONS /api/entries/400?periodo=2026
[2026-03-06T23:40:27.657Z] OPTIONS /api/entries/397?periodo=2026
[2026-03-06T23:40:27.657Z] OPTIONS /api/entries/402?periodo=2026
[2026-03-06T23:40:27.657Z] OPTIONS /api/entries/403?periodo=2026
[2026-03-06T23:40:27.657Z] OPTIONS /api/entries/404?periodo=2026
[2026-03-06T23:40:27.658Z] OPTIONS /api/entries/401?periodo=2026
[2026-03-06T23:40:27.658Z] OPTIONS /api/entries/406?periodo=2026
[2026-03-06T23:40:27.658Z] OPTIONS /api/entries/405?periodo=2026
[2026-03-06T23:40:27.658Z] OPTIONS /api/entries/408?periodo=2026
[2026-03-06T23:40:27.658Z] GET /api/entries/136?periodo=2026
[2026-03-06T23:40:27.658Z] OPTIONS /api/entries/407?periodo=2026
[2026-03-06T23:40:27.658Z] OPTIONS /api/entries/409?periodo=2026
[2026-03-06T23:40:27.658Z] GET /api/entries/138?periodo=2026
[2026-03-06T23:40:27.659Z] OPTIONS /api/entries/410?periodo=2026
[2026-03-06T23:40:27.659Z] GET /api/entries/137?periodo=2026
[2026-03-06T23:40:27.659Z] OPTIONS /api/entries/412?periodo=2026
[2026-03-06T23:40:27.659Z] OPTIONS /api/entries/411?periodo=2026
[2026-03-06T23:40:27.659Z] OPTIONS /api/entries/413?periodo=2026
[2026-03-06T23:40:27.659Z] GET /api/entries/139?periodo=2026
[2026-03-06T23:40:27.660Z] OPTIONS /api/entries/415?periodo=2026
[2026-03-06T23:40:27.660Z] OPTIONS /api/entries/414?periodo=2026
[2026-03-06T23:40:27.660Z] OPTIONS /api/entries/416?periodo=2026
[2026-03-06T23:40:27.660Z] GET /api/entries/140?periodo=2026
[2026-03-06T23:40:27.660Z] OPTIONS /api/entries/417?periodo=2026
[2026-03-06T23:40:27.660Z] GET /api/entries/141?periodo=2026
[2026-03-06T23:40:27.663Z] GET /api/entries/142?periodo=2026
[2026-03-06T23:40:27.663Z] GET /api/entries/143?periodo=2026
[2026-03-06T23:40:27.664Z] GET /api/entries/144?periodo=2026
[2026-03-06T23:40:27.664Z] GET /api/entries/145?periodo=2026
[2026-03-06T23:40:27.665Z] GET /api/entries/147?periodo=2026
[2026-03-06T23:40:27.665Z] GET /api/entries/146?periodo=2026
[2026-03-06T23:40:27.666Z] GET /api/entries/149?periodo=2026
[2026-03-06T23:40:27.666Z] GET /api/entries/148?periodo=2026
[2026-03-06T23:40:27.667Z] GET /api/entries/151?periodo=2026
[2026-03-06T23:40:27.668Z] GET /api/entries/152?periodo=2026
[2026-03-06T23:40:27.669Z] GET /api/entries/150?periodo=2026
[2026-03-06T23:40:27.669Z] GET /api/entries/153?periodo=2026
[2026-03-06T23:40:27.670Z] GET /api/entries/154?periodo=2026
[2026-03-06T23:40:27.670Z] GET /api/entries/156?periodo=2026
[2026-03-06T23:40:27.671Z] GET /api/entries/155?periodo=2026
[2026-03-06T23:40:27.671Z] GET /api/entries/158?periodo=2026
[2026-03-06T23:40:27.672Z] GET /api/entries/159?periodo=2026
[2026-03-06T23:40:27.672Z] GET /api/entries/161?periodo=2026
[2026-03-06T23:40:27.672Z] GET /api/entries/160?periodo=2026
[2026-03-06T23:40:27.673Z] GET /api/entries/162?periodo=2026
[2026-03-06T23:40:27.673Z] GET /api/entries/163?periodo=2026
[2026-03-06T23:40:27.674Z] GET /api/entries/164?periodo=2026
[2026-03-06T23:40:27.674Z] GET /api/entries/166?periodo=2026
[2026-03-06T23:40:27.674Z] GET /api/entries/167?periodo=2026
[2026-03-06T23:40:27.675Z] GET /api/entries/168?periodo=2026
[2026-03-06T23:40:27.675Z] GET /api/entries/169?periodo=2026
[2026-03-06T23:40:27.675Z] GET /api/entries/170?periodo=2026
[2026-03-06T23:40:27.676Z] GET /api/entries/171?periodo=2026
[2026-03-06T23:40:27.676Z] GET /api/entries/172?periodo=2026
[2026-03-06T23:40:27.677Z] GET /api/entries/175?periodo=2026
[2026-03-06T23:40:27.678Z] GET /api/entries/173?periodo=2026
[2026-03-06T23:40:27.678Z] GET /api/entries/174?periodo=2026
[2026-03-06T23:40:27.679Z] GET /api/entries/177?periodo=2026
[2026-03-06T23:40:27.680Z] GET /api/entries/178?periodo=2026
[2026-03-06T23:40:27.680Z] GET /api/entries/176?periodo=2026
[2026-03-06T23:40:27.681Z] GET /api/entries/180?periodo=2026
[2026-03-06T23:40:27.681Z] GET /api/entries/179?periodo=2026
[2026-03-06T23:40:27.681Z] GET /api/entries/182?periodo=2026
[2026-03-06T23:40:27.682Z] GET /api/entries/181?periodo=2026
[2026-03-06T23:40:27.683Z] GET /api/entries/183?periodo=2026
[2026-03-06T23:40:27.683Z] GET /api/entries/184?periodo=2026
[2026-03-06T23:40:27.684Z] GET /api/entries/185?periodo=2026
[2026-03-06T23:40:27.684Z] GET /api/entries/186?periodo=2026
[2026-03-06T23:40:27.684Z] GET /api/entries/187?periodo=2026
[2026-03-06T23:40:27.685Z] GET /api/entries/189?periodo=2026
[2026-03-06T23:40:27.685Z] GET /api/entries/188?periodo=2026
[2026-03-06T23:40:27.685Z] GET /api/entries/190?periodo=2026
[2026-03-06T23:40:27.686Z] GET /api/entries/191?periodo=2026
[2026-03-06T23:40:27.686Z] GET /api/entries/192?periodo=2026
[2026-03-06T23:40:27.687Z] GET /api/entries/193?periodo=2026
[2026-03-06T23:40:27.688Z] GET /api/entries/194?periodo=2026
[2026-03-06T23:40:27.688Z] GET /api/entries/195?periodo=2026
[2026-03-06T23:40:27.689Z] GET /api/entries/196?periodo=2026
[2026-03-06T23:40:27.689Z] GET /api/entries/197?periodo=2026
[2026-03-06T23:40:27.689Z] GET /api/entries/198?periodo=2026
[2026-03-06T23:40:27.690Z] GET /api/entries/199?periodo=2026
[2026-03-06T23:40:27.690Z] GET /api/entries/200?periodo=2026
[2026-03-06T23:40:27.691Z] GET /api/entries/201?periodo=2026
[2026-03-06T23:40:27.691Z] GET /api/entries/203?periodo=2026
[2026-03-06T23:40:27.691Z] GET /api/entries/202?periodo=2026
[2026-03-06T23:40:27.692Z] GET /api/entries/205?periodo=2026
[2026-03-06T23:40:27.692Z] GET /api/entries/204?periodo=2026
[2026-03-06T23:40:27.692Z] GET /api/entries/207?periodo=2026
[2026-03-06T23:40:27.693Z] GET /api/entries/206?periodo=2026
[2026-03-06T23:40:27.694Z] GET /api/entries/208?periodo=2026
[2026-03-06T23:40:27.694Z] GET /api/entries/209?periodo=2026
[2026-03-06T23:40:27.695Z] GET /api/entries/210?periodo=2026
[2026-03-06T23:40:27.695Z] GET /api/entries/211?periodo=2026
[2026-03-06T23:40:27.695Z] GET /api/entries/213?periodo=2026
[2026-03-06T23:40:27.696Z] GET /api/entries/212?periodo=2026
[2026-03-06T23:40:27.696Z] GET /api/entries/214?periodo=2026
[2026-03-06T23:40:27.697Z] GET /api/entries/215?periodo=2026
[2026-03-06T23:40:27.697Z] GET /api/entries/216?periodo=2026
[2026-03-06T23:40:27.697Z] GET /api/entries/218?periodo=2026
[2026-03-06T23:40:27.698Z] GET /api/entries/217?periodo=2026
[2026-03-06T23:40:27.698Z] GET /api/entries/219?periodo=2026
[2026-03-06T23:40:27.699Z] GET /api/entries/221?periodo=2026
[2026-03-06T23:40:27.699Z] GET /api/entries/220?periodo=2026
[2026-03-06T23:40:27.699Z] GET /api/entries/223?periodo=2026
[2026-03-06T23:40:27.700Z] GET /api/entries/222?periodo=2026
[2026-03-06T23:40:27.700Z] GET /api/entries/224?periodo=2026
[2026-03-06T23:40:27.701Z] GET /api/entries/226?periodo=2026
[2026-03-06T23:40:27.701Z] GET /api/entries/225?periodo=2026
[2026-03-06T23:40:27.701Z] GET /api/entries/228?periodo=2026
[2026-03-06T23:40:27.702Z] GET /api/entries/229?periodo=2026
[2026-03-06T23:40:27.702Z] GET /api/entries/230?periodo=2026
[2026-03-06T23:40:27.702Z] GET /api/entries/233?periodo=2026
[2026-03-06T23:40:27.703Z] GET /api/entries/234?periodo=2026
[2026-03-06T23:40:27.704Z] GET /api/entries/235?periodo=2026
[2026-03-06T23:40:27.705Z] GET /api/entries/236?periodo=2026
[2026-03-06T23:40:27.705Z] GET /api/entries/237?periodo=2026
[2026-03-06T23:40:27.705Z] GET /api/entries/238?periodo=2026
[2026-03-06T23:40:27.706Z] GET /api/entries/239?periodo=2026
[2026-03-06T23:40:27.706Z] GET /api/entries/242?periodo=2026
[2026-03-06T23:40:27.707Z] GET /api/entries/240?periodo=2026
[2026-03-06T23:40:27.708Z] GET /api/entries/243?periodo=2026
[2026-03-06T23:40:27.708Z] GET /api/entries/244?periodo=2026
[2026-03-06T23:40:27.709Z] GET /api/entries/247?periodo=2026
[2026-03-06T23:40:27.709Z] GET /api/entries/248?periodo=2026
[2026-03-06T23:40:27.709Z] GET /api/entries/249?periodo=2026
[2026-03-06T23:40:27.713Z] GET /api/entries/245?periodo=2026
[2026-03-06T23:40:27.713Z] GET /api/entries/246?periodo=2026
[2026-03-06T23:40:27.714Z] GET /api/entries/251?periodo=2026
[2026-03-06T23:40:27.714Z] GET /api/entries/252?periodo=2026
[2026-03-06T23:40:27.715Z] GET /api/entries/253?periodo=2026
[2026-03-06T23:40:27.715Z] GET /api/entries/250?periodo=2026
[2026-03-06T23:40:27.716Z] GET /api/entries/255?periodo=2026
[2026-03-06T23:40:27.716Z] GET /api/entries/257?periodo=2026
[2026-03-06T23:40:27.717Z] GET /api/entries/258?periodo=2026
[2026-03-06T23:40:27.717Z] GET /api/entries/254?periodo=2026
[2026-03-06T23:40:27.717Z] GET /api/entries/260?periodo=2026
[2026-03-06T23:40:27.718Z] GET /api/entries/262?periodo=2026
[2026-03-06T23:40:27.718Z] GET /api/entries/261?periodo=2026
[2026-03-06T23:40:27.719Z] GET /api/entries/259?periodo=2026
[2026-03-06T23:40:27.719Z] GET /api/entries/264?periodo=2026
[2026-03-06T23:40:27.720Z] GET /api/entries/265?periodo=2026
[2026-03-06T23:40:27.720Z] GET /api/entries/266?periodo=2026
[2026-03-06T23:40:27.721Z] GET /api/entries/263?periodo=2026
[2026-03-06T23:40:27.722Z] GET /api/entries/267?periodo=2026
[2026-03-06T23:40:27.722Z] GET /api/entries/268?periodo=2026
[2026-03-06T23:40:27.723Z] GET /api/entries/269?periodo=2026
[2026-03-06T23:40:27.723Z] GET /api/entries/270?periodo=2026
[2026-03-06T23:40:27.724Z] GET /api/entries/271?periodo=2026
[2026-03-06T23:40:27.724Z] GET /api/entries/272?periodo=2026
[2026-03-06T23:40:27.725Z] GET /api/entries/273?periodo=2026
[2026-03-06T23:40:27.725Z] GET /api/entries/275?periodo=2026
[2026-03-06T23:40:27.725Z] GET /api/entries/274?periodo=2026
[2026-03-06T23:40:27.726Z] GET /api/entries/276?periodo=2026
[2026-03-06T23:40:27.726Z] GET /api/entries/278?periodo=2026
[2026-03-06T23:40:27.727Z] GET /api/entries/279?periodo=2026
[2026-03-06T23:40:27.728Z] GET /api/entries/280?periodo=2026
[2026-03-06T23:40:27.729Z] GET /api/entries/277?periodo=2026
[2026-03-06T23:40:27.730Z] GET /api/entries/281?periodo=2026
[2026-03-06T23:40:27.730Z] GET /api/entries/282?periodo=2026
[2026-03-06T23:40:27.731Z] GET /api/entries/283?periodo=2026
[2026-03-06T23:40:27.731Z] GET /api/entries/284?periodo=2026
[2026-03-06T23:40:27.731Z] GET /api/entries/285?periodo=2026
[2026-03-06T23:40:27.732Z] GET /api/entries/286?periodo=2026
[2026-03-06T23:40:27.732Z] GET /api/entries/288?periodo=2026
[2026-03-06T23:40:27.732Z] GET /api/entries/289?periodo=2026
[2026-03-06T23:40:27.733Z] GET /api/entries/290?periodo=2026
[2026-03-06T23:40:27.734Z] GET /api/entries/291?periodo=2026
[2026-03-06T23:40:27.734Z] GET /api/entries/292?periodo=2026
[2026-03-06T23:40:27.734Z] GET /api/entries/295?periodo=2026
[2026-03-06T23:40:27.736Z] GET /api/entries/293?periodo=2026
[2026-03-06T23:40:27.737Z] GET /api/entries/294?periodo=2026
[2026-03-06T23:40:27.738Z] GET /api/entries/296?periodo=2026
[2026-03-06T23:40:27.738Z] GET /api/entries/299?periodo=2026
[2026-03-06T23:40:27.739Z] GET /api/entries/300?periodo=2026
[2026-03-06T23:40:27.739Z] GET /api/entries/301?periodo=2026
[2026-03-06T23:40:27.740Z] GET /api/entries/297?periodo=2026
[2026-03-06T23:40:27.740Z] GET /api/entries/298?periodo=2026
[2026-03-06T23:40:27.741Z] GET /api/entries/302?periodo=2026
[2026-03-06T23:40:27.741Z] GET /api/entries/303?periodo=2026
[2026-03-06T23:40:27.742Z] GET /api/entries/304?periodo=2026
[2026-03-06T23:40:27.742Z] GET /api/entries/305?periodo=2026
[2026-03-06T23:40:27.742Z] GET /api/entries/306?periodo=2026
[2026-03-06T23:40:27.743Z] GET /api/entries/307?periodo=2026
[2026-03-06T23:40:27.744Z] GET /api/entries/308?periodo=2026
[2026-03-06T23:40:27.744Z] GET /api/entries/311?periodo=2026
[2026-03-06T23:40:27.745Z] GET /api/entries/309?periodo=2026
[2026-03-06T23:40:27.746Z] GET /api/entries/312?periodo=2026
[2026-03-06T23:40:27.746Z] GET /api/entries/313?periodo=2026
[2026-03-06T23:40:27.746Z] GET /api/entries/314?periodo=2026
[2026-03-06T23:40:27.747Z] GET /api/entries/317?periodo=2026
[2026-03-06T23:40:27.747Z] GET /api/entries/315?periodo=2026
[2026-03-06T23:40:27.748Z] GET /api/entries/316?periodo=2026
[2026-03-06T23:40:27.748Z] GET /api/entries/318?periodo=2026
[2026-03-06T23:40:27.748Z] GET /api/entries/324?periodo=2026
[2026-03-06T23:40:27.749Z] GET /api/entries/325?periodo=2026
[2026-03-06T23:40:27.749Z] GET /api/entries/322?periodo=2026
[2026-03-06T23:40:27.750Z] GET /api/entries/326?periodo=2026
[2026-03-06T23:40:27.750Z] GET /api/entries/327?periodo=2026
[2026-03-06T23:40:27.751Z] GET /api/entries/329?periodo=2026
[2026-03-06T23:40:27.751Z] GET /api/entries/330?periodo=2026
[2026-03-06T23:40:27.751Z] GET /api/entries/328?periodo=2026
[2026-03-06T23:40:27.752Z] GET /api/entries/332?periodo=2026
[2026-03-06T23:40:27.752Z] GET /api/entries/331?periodo=2026
[2026-03-06T23:40:27.753Z] GET /api/entries/333?periodo=2026
[2026-03-06T23:40:27.753Z] GET /api/entries/334?periodo=2026
[2026-03-06T23:40:27.754Z] GET /api/entries/335?periodo=2026
[2026-03-06T23:40:27.754Z] GET /api/entries/336?periodo=2026
[2026-03-06T23:40:27.754Z] GET /api/entries/337?periodo=2026
[2026-03-06T23:40:27.755Z] GET /api/entries/342?periodo=2026
[2026-03-06T23:40:27.756Z] GET /api/entries/341?periodo=2026
[2026-03-06T23:40:27.756Z] GET /api/entries/343?periodo=2026
[2026-03-06T23:40:27.756Z] GET /api/entries/347?periodo=2026
[2026-03-06T23:40:27.757Z] GET /api/entries/344?periodo=2026
[2026-03-06T23:40:27.757Z] GET /api/entries/348?periodo=2026
[2026-03-06T23:40:27.758Z] GET /api/entries/349?periodo=2026
[2026-03-06T23:40:27.758Z] GET /api/entries/350?periodo=2026
[2026-03-06T23:40:27.758Z] GET /api/entries/351?periodo=2026
[2026-03-06T23:40:27.759Z] GET /api/entries/352?periodo=2026
[2026-03-06T23:40:27.759Z] GET /api/entries/353?periodo=2026
[2026-03-06T23:40:27.760Z] GET /api/entries/354?periodo=2026
[2026-03-06T23:40:27.760Z] GET /api/entries/355?periodo=2026
[2026-03-06T23:40:27.761Z] GET /api/entries/356?periodo=2026
[2026-03-06T23:40:27.761Z] GET /api/entries/357?periodo=2026
[2026-03-06T23:40:27.762Z] GET /api/entries/358?periodo=2026
[2026-03-06T23:40:27.762Z] GET /api/entries/361?periodo=2026
[2026-03-06T23:40:27.762Z] GET /api/entries/359?periodo=2026
[2026-03-06T23:40:27.767Z] GET /api/entries/364?periodo=2026
[2026-03-06T23:40:27.768Z] GET /api/entries/360?periodo=2026
[2026-03-06T23:40:27.768Z] GET /api/entries/362?periodo=2026
[2026-03-06T23:40:27.768Z] GET /api/entries/363?periodo=2026
[2026-03-06T23:40:27.769Z] GET /api/entries/365?periodo=2026
[2026-03-06T23:40:27.769Z] GET /api/entries/367?periodo=2026
[2026-03-06T23:40:27.771Z] GET /api/entries/366?periodo=2026
[2026-03-06T23:40:27.771Z] GET /api/entries/368?periodo=2026
[2026-03-06T23:40:27.772Z] GET /api/entries/369?periodo=2026
[2026-03-06T23:40:27.772Z] GET /api/entries/370?periodo=2026
[2026-03-06T23:40:27.772Z] GET /api/entries/371?periodo=2026
[2026-03-06T23:40:27.773Z] GET /api/entries/372?periodo=2026
[2026-03-06T23:40:27.774Z] GET /api/entries/373?periodo=2026
[2026-03-06T23:40:27.774Z] GET /api/entries/375?periodo=2026
[2026-03-06T23:40:27.775Z] GET /api/entries/374?periodo=2026
[2026-03-06T23:40:27.775Z] GET /api/entries/376?periodo=2026
[2026-03-06T23:40:27.776Z] GET /api/entries/377?periodo=2026
[2026-03-06T23:40:27.777Z] GET /api/entries/378?periodo=2026
[2026-03-06T23:40:27.778Z] GET /api/entries/379?periodo=2026
[2026-03-06T23:40:27.779Z] GET /api/entries/380?periodo=2026
[2026-03-06T23:40:27.779Z] GET /api/entries/381?periodo=2026
[2026-03-06T23:40:27.779Z] GET /api/entries/382?periodo=2026
[2026-03-06T23:40:27.780Z] GET /api/entries/384?periodo=2026
[2026-03-06T23:40:27.781Z] GET /api/entries/385?periodo=2026
[2026-03-06T23:40:27.781Z] GET /api/entries/383?periodo=2026
[2026-03-06T23:40:27.781Z] GET /api/entries/387?periodo=2026
[2026-03-06T23:40:27.782Z] GET /api/entries/386?periodo=2026
[2026-03-06T23:40:27.782Z] GET /api/entries/388?periodo=2026
[2026-03-06T23:40:27.782Z] GET /api/entries/389?periodo=2026
[2026-03-06T23:40:27.784Z] GET /api/entries/390?periodo=2026
[2026-03-06T23:40:27.784Z] GET /api/entries/391?periodo=2026
[2026-03-06T23:40:27.785Z] GET /api/entries/392?periodo=2026
[2026-03-06T23:40:27.785Z] GET /api/entries/393?periodo=2026
[2026-03-06T23:40:27.785Z] GET /api/entries/396?periodo=2026
[2026-03-06T23:40:27.786Z] GET /api/entries/394?periodo=2026
[2026-03-06T23:40:27.787Z] GET /api/entries/395?periodo=2026
[2026-03-06T23:40:27.788Z] GET /api/entries/398?periodo=2026
[2026-03-06T23:40:27.788Z] GET /api/entries/399?periodo=2026
[2026-03-06T23:40:27.788Z] GET /api/entries/400?periodo=2026
[2026-03-06T23:40:27.789Z] GET /api/entries/397?periodo=2026
[2026-03-06T23:40:27.789Z] GET /api/entries/402?periodo=2026
[2026-03-06T23:40:27.790Z] GET /api/entries/404?periodo=2026
[2026-03-06T23:40:27.790Z] GET /api/entries/403?periodo=2026
[2026-03-06T23:40:27.791Z] GET /api/entries/406?periodo=2026
[2026-03-06T23:40:27.791Z] GET /api/entries/401?periodo=2026
[2026-03-06T23:40:27.791Z] GET /api/entries/405?periodo=2026
[2026-03-06T23:40:27.792Z] GET /api/entries/408?periodo=2026
[2026-03-06T23:40:27.795Z] GET /api/entries/407?periodo=2026
[2026-03-06T23:40:27.795Z] GET /api/entries/409?periodo=2026
[2026-03-06T23:40:27.795Z] GET /api/entries/410?periodo=2026
[2026-03-06T23:40:27.796Z] GET /api/entries/412?periodo=2026
[2026-03-06T23:40:27.796Z] GET /api/entries/411?periodo=2026
[2026-03-06T23:40:27.796Z] GET /api/entries/413?periodo=2026
[2026-03-06T23:40:27.797Z] GET /api/entries/415?periodo=2026
[2026-03-06T23:40:27.798Z] GET /api/entries/414?periodo=2026
[2026-03-06T23:40:27.798Z] GET /api/entries/416?periodo=2026
[2026-03-06T23:40:27.798Z] GET /api/entries/417?periodo=2026
[2026-03-06T23:40:27.799Z] OPTIONS /api/entries/2?periodo=2026
[2026-03-06T23:40:27.799Z] OPTIONS /api/entries/3?periodo=2026
[2026-03-06T23:40:27.799Z] OPTIONS /api/entries/4?periodo=2026
[2026-03-06T23:40:27.799Z] OPTIONS /api/entries/5?periodo=2026
[2026-03-06T23:40:27.799Z] OPTIONS /api/entries/6?periodo=2026
[2026-03-06T23:40:27.799Z] OPTIONS /api/entries/7?periodo=2026
[2026-03-06T23:40:27.799Z] OPTIONS /api/entries/8?periodo=2026
[2026-03-06T23:40:27.800Z] OPTIONS /api/entries/9?periodo=2026
[2026-03-06T23:40:27.800Z] OPTIONS /api/entries/10?periodo=2026
[2026-03-06T23:40:27.800Z] OPTIONS /api/entries/11?periodo=2026
[2026-03-06T23:40:27.800Z] OPTIONS /api/entries/12?periodo=2026
[2026-03-06T23:40:27.800Z] OPTIONS /api/entries/13?periodo=2026
[2026-03-06T23:40:27.800Z] OPTIONS /api/entries/14?periodo=2026
[2026-03-06T23:40:27.800Z] OPTIONS /api/entries/15?periodo=2026
[2026-03-06T23:40:27.800Z] OPTIONS /api/entries/16?periodo=2026
[2026-03-06T23:40:27.801Z] OPTIONS /api/entries/17?periodo=2026
[2026-03-06T23:40:27.801Z] OPTIONS /api/entries/18?periodo=2026
[2026-03-06T23:40:27.801Z] OPTIONS /api/entries/19?periodo=2026
[2026-03-06T23:40:27.801Z] OPTIONS /api/entries/23?periodo=2026
[2026-03-06T23:40:27.801Z] OPTIONS /api/entries/24?periodo=2026
[2026-03-06T23:40:27.801Z] OPTIONS /api/entries/25?periodo=2026
[2026-03-06T23:40:27.801Z] OPTIONS /api/entries/21?periodo=2026
[2026-03-06T23:40:27.801Z] OPTIONS /api/entries/22?periodo=2026
[2026-03-06T23:40:27.801Z] OPTIONS /api/entries/28?periodo=2026
[2026-03-06T23:40:27.801Z] OPTIONS /api/entries/29?periodo=2026
[2026-03-06T23:40:27.801Z] OPTIONS /api/entries/30?periodo=2026
[2026-03-06T23:40:27.801Z] OPTIONS /api/entries/26?periodo=2026
[2026-03-06T23:40:27.801Z] OPTIONS /api/entries/33?periodo=2026
[2026-03-06T23:40:27.801Z] OPTIONS /api/entries/31?periodo=2026
[2026-03-06T23:40:27.801Z] OPTIONS /api/entries/32?periodo=2026
[2026-03-06T23:40:27.801Z] OPTIONS /api/entries/34?periodo=2026
[2026-03-06T23:40:27.802Z] OPTIONS /api/entries/35?periodo=2026
[2026-03-06T23:40:27.802Z] OPTIONS /api/entries/36?periodo=2026
[2026-03-06T23:40:27.802Z] OPTIONS /api/entries/37?periodo=2026
[2026-03-06T23:40:27.802Z] OPTIONS /api/entries/39?periodo=2026
[2026-03-06T23:40:27.802Z] OPTIONS /api/entries/40?periodo=2026
[2026-03-06T23:40:27.802Z] OPTIONS /api/entries/41?periodo=2026
[2026-03-06T23:40:27.803Z] OPTIONS /api/entries/42?periodo=2026
[2026-03-06T23:40:27.803Z] OPTIONS /api/entries/43?periodo=2026
[2026-03-06T23:40:27.803Z] OPTIONS /api/entries/45?periodo=2026
[2026-03-06T23:40:27.803Z] OPTIONS /api/entries/46?periodo=2026
[2026-03-06T23:40:27.803Z] OPTIONS /api/entries/47?periodo=2026
[2026-03-06T23:40:27.803Z] OPTIONS /api/entries/48?periodo=2026
[2026-03-06T23:40:27.803Z] OPTIONS /api/entries/49?periodo=2026
[2026-03-06T23:40:27.803Z] OPTIONS /api/entries/50?periodo=2026
[2026-03-06T23:40:27.803Z] OPTIONS /api/entries/51?periodo=2026
[2026-03-06T23:40:27.803Z] OPTIONS /api/entries/52?periodo=2026
[2026-03-06T23:40:27.803Z] OPTIONS /api/entries/53?periodo=2026
[2026-03-06T23:40:27.804Z] OPTIONS /api/entries/56?periodo=2026
[2026-03-06T23:40:27.804Z] OPTIONS /api/entries/57?periodo=2026
[2026-03-06T23:40:27.804Z] OPTIONS /api/entries/58?periodo=2026
[2026-03-06T23:40:27.804Z] OPTIONS /api/entries/59?periodo=2026
[2026-03-06T23:40:27.804Z] OPTIONS /api/entries/60?periodo=2026
[2026-03-06T23:40:27.804Z] OPTIONS /api/entries/54?periodo=2026
[2026-03-06T23:40:27.804Z] OPTIONS /api/entries/61?periodo=2026
[2026-03-06T23:40:27.805Z] OPTIONS /api/entries/62?periodo=2026
[2026-03-06T23:40:27.805Z] OPTIONS /api/entries/63?periodo=2026
[2026-03-06T23:40:27.805Z] OPTIONS /api/entries/65?periodo=2026
[2026-03-06T23:40:27.805Z] OPTIONS /api/entries/66?periodo=2026
[2026-03-06T23:40:27.805Z] OPTIONS /api/entries/69?periodo=2026
[2026-03-06T23:40:27.805Z] OPTIONS /api/entries/70?periodo=2026
[2026-03-06T23:40:27.805Z] OPTIONS /api/entries/71?periodo=2026
[2026-03-06T23:40:27.805Z] OPTIONS /api/entries/67?periodo=2026
[2026-03-06T23:40:27.806Z] OPTIONS /api/entries/74?periodo=2026
[2026-03-06T23:40:27.806Z] OPTIONS /api/entries/75?periodo=2026
[2026-03-06T23:40:27.806Z] OPTIONS /api/entries/76?periodo=2026
[2026-03-06T23:40:27.806Z] OPTIONS /api/entries/77?periodo=2026
[2026-03-06T23:40:27.806Z] OPTIONS /api/entries/72?periodo=2026
[2026-03-06T23:40:27.806Z] OPTIONS /api/entries/73?periodo=2026
[2026-03-06T23:40:27.806Z] OPTIONS /api/entries/78?periodo=2026
[2026-03-06T23:40:27.806Z] OPTIONS /api/entries/79?periodo=2026
[2026-03-06T23:40:27.806Z] OPTIONS /api/entries/81?periodo=2026
[2026-03-06T23:40:27.806Z] OPTIONS /api/entries/82?periodo=2026
[2026-03-06T23:40:27.807Z] OPTIONS /api/entries/83?periodo=2026
[2026-03-06T23:40:27.807Z] OPTIONS /api/entries/84?periodo=2026
[2026-03-06T23:40:27.807Z] OPTIONS /api/entries/92?periodo=2026
[2026-03-06T23:40:27.807Z] OPTIONS /api/entries/85?periodo=2026
[2026-03-06T23:40:27.808Z] OPTIONS /api/entries/86?periodo=2026
[2026-03-06T23:40:27.808Z] OPTIONS /api/entries/87?periodo=2026
[2026-03-06T23:40:27.808Z] OPTIONS /api/entries/89?periodo=2026
[2026-03-06T23:40:27.808Z] OPTIONS /api/entries/91?periodo=2026
[2026-03-06T23:40:27.808Z] OPTIONS /api/entries/93?periodo=2026
[2026-03-06T23:40:27.808Z] OPTIONS /api/entries/95?periodo=2026
[2026-03-06T23:40:27.808Z] OPTIONS /api/entries/96?periodo=2026
[2026-03-06T23:40:27.808Z] OPTIONS /api/entries/97?periodo=2026
[2026-03-06T23:40:27.808Z] OPTIONS /api/entries/98?periodo=2026
[2026-03-06T23:40:27.808Z] OPTIONS /api/entries/100?periodo=2026
[2026-03-06T23:40:27.808Z] OPTIONS /api/entries/101?periodo=2026
[2026-03-06T23:40:27.808Z] OPTIONS /api/entries/102?periodo=2026
[2026-03-06T23:40:27.808Z] OPTIONS /api/entries/103?periodo=2026
[2026-03-06T23:40:27.808Z] OPTIONS /api/entries/99?periodo=2026
[2026-03-06T23:40:27.808Z] OPTIONS /api/entries/107?periodo=2026
[2026-03-06T23:40:27.809Z] OPTIONS /api/entries/108?periodo=2026
[2026-03-06T23:40:27.809Z] OPTIONS /api/entries/110?periodo=2026
[2026-03-06T23:40:27.809Z] OPTIONS /api/entries/111?periodo=2026
[2026-03-06T23:40:27.809Z] OPTIONS /api/entries/104?periodo=2026
[2026-03-06T23:40:27.809Z] OPTIONS /api/entries/113?periodo=2026
[2026-03-06T23:40:27.809Z] OPTIONS /api/entries/114?periodo=2026
[2026-03-06T23:40:27.809Z] OPTIONS /api/entries/115?periodo=2026
[2026-03-06T23:40:27.809Z] OPTIONS /api/entries/116?periodo=2026
[2026-03-06T23:40:27.809Z] OPTIONS /api/entries/112?periodo=2026
[2026-03-06T23:40:27.809Z] OPTIONS /api/entries/118?periodo=2026
[2026-03-06T23:40:27.809Z] OPTIONS /api/entries/119?periodo=2026
[2026-03-06T23:40:27.809Z] OPTIONS /api/entries/120?periodo=2026
[2026-03-06T23:40:27.809Z] OPTIONS /api/entries/117?periodo=2026
[2026-03-06T23:40:27.809Z] OPTIONS /api/entries/123?periodo=2026
[2026-03-06T23:40:27.809Z] OPTIONS /api/entries/121?periodo=2026
[2026-03-06T23:40:27.809Z] OPTIONS /api/entries/122?periodo=2026
[2026-03-06T23:40:27.809Z] OPTIONS /api/entries/124?periodo=2026
[2026-03-06T23:40:27.810Z] OPTIONS /api/entries/125?periodo=2026
[2026-03-06T23:40:27.810Z] OPTIONS /api/entries/126?periodo=2026
[2026-03-06T23:40:27.810Z] OPTIONS /api/entries/127?periodo=2026
[2026-03-06T23:40:27.810Z] OPTIONS /api/entries/128?periodo=2026
[2026-03-06T23:40:27.810Z] OPTIONS /api/entries/129?periodo=2026
[2026-03-06T23:40:27.810Z] OPTIONS /api/entries/130?periodo=2026
[2026-03-06T23:40:27.810Z] OPTIONS /api/entries/134?periodo=2026
[2026-03-06T23:40:27.810Z] OPTIONS /api/entries/131?periodo=2026
[2026-03-06T23:40:27.811Z] OPTIONS /api/entries/132?periodo=2026
[2026-03-06T23:40:27.811Z] OPTIONS /api/entries/133?periodo=2026
[2026-03-06T23:40:27.811Z] OPTIONS /api/entries/137?periodo=2026
[2026-03-06T23:40:27.811Z] OPTIONS /api/entries/138?periodo=2026
[2026-03-06T23:40:27.811Z] OPTIONS /api/entries/139?periodo=2026
[2026-03-06T23:40:27.811Z] OPTIONS /api/entries/135?periodo=2026
[2026-03-06T23:40:27.812Z] OPTIONS /api/entries/136?periodo=2026
[2026-03-06T23:40:27.812Z] OPTIONS /api/entries/141?periodo=2026
[2026-03-06T23:40:27.812Z] OPTIONS /api/entries/142?periodo=2026
[2026-03-06T23:40:27.812Z] OPTIONS /api/entries/143?periodo=2026
[2026-03-06T23:40:27.812Z] OPTIONS /api/entries/140?periodo=2026
[2026-03-06T23:40:27.812Z] OPTIONS /api/entries/146?periodo=2026
[2026-03-06T23:40:27.812Z] OPTIONS /api/entries/147?periodo=2026
[2026-03-06T23:40:27.812Z] OPTIONS /api/entries/148?periodo=2026
[2026-03-06T23:40:27.812Z] OPTIONS /api/entries/144?periodo=2026
[2026-03-06T23:40:27.812Z] OPTIONS /api/entries/145?periodo=2026
[2026-03-06T23:40:27.812Z] OPTIONS /api/entries/150?periodo=2026
[2026-03-06T23:40:27.812Z] OPTIONS /api/entries/151?periodo=2026
[2026-03-06T23:40:27.812Z] OPTIONS /api/entries/149?periodo=2026
[2026-03-06T23:40:27.812Z] OPTIONS /api/entries/155?periodo=2026
[2026-03-06T23:40:27.812Z] OPTIONS /api/entries/152?periodo=2026
[2026-03-06T23:40:27.813Z] OPTIONS /api/entries/153?periodo=2026
[2026-03-06T23:40:27.813Z] OPTIONS /api/entries/154?periodo=2026
[2026-03-06T23:40:27.813Z] OPTIONS /api/entries/159?periodo=2026
[2026-03-06T23:40:27.813Z] OPTIONS /api/entries/156?periodo=2026
[2026-03-06T23:40:27.813Z] OPTIONS /api/entries/158?periodo=2026
[2026-03-06T23:40:27.813Z] OPTIONS /api/entries/163?periodo=2026
[2026-03-06T23:40:27.813Z] OPTIONS /api/entries/164?periodo=2026
[2026-03-06T23:40:27.813Z] OPTIONS /api/entries/160?periodo=2026
[2026-03-06T23:40:27.813Z] OPTIONS /api/entries/161?periodo=2026
[2026-03-06T23:40:27.814Z] OPTIONS /api/entries/162?periodo=2026
[2026-03-06T23:40:27.814Z] OPTIONS /api/entries/167?periodo=2026
[2026-03-06T23:40:27.814Z] OPTIONS /api/entries/168?periodo=2026
[2026-03-06T23:40:27.814Z] OPTIONS /api/entries/169?periodo=2026
[2026-03-06T23:40:27.814Z] OPTIONS /api/entries/170?periodo=2026
[2026-03-06T23:40:27.814Z] OPTIONS /api/entries/166?periodo=2026
[2026-03-06T23:40:27.815Z] OPTIONS /api/entries/172?periodo=2026
[2026-03-06T23:40:27.815Z] OPTIONS /api/entries/173?periodo=2026
[2026-03-06T23:40:27.815Z] OPTIONS /api/entries/174?periodo=2026
[2026-03-06T23:40:27.815Z] OPTIONS /api/entries/175?periodo=2026
[2026-03-06T23:40:27.815Z] OPTIONS /api/entries/171?periodo=2026
[2026-03-06T23:40:27.815Z] OPTIONS /api/entries/177?periodo=2026
[2026-03-06T23:40:27.815Z] OPTIONS /api/entries/178?periodo=2026
[2026-03-06T23:40:27.815Z] OPTIONS /api/entries/179?periodo=2026
[2026-03-06T23:40:27.815Z] OPTIONS /api/entries/176?periodo=2026
[2026-03-06T23:40:27.816Z] OPTIONS /api/entries/182?periodo=2026
[2026-03-06T23:40:27.816Z] OPTIONS /api/entries/183?periodo=2026
[2026-03-06T23:40:27.816Z] OPTIONS /api/entries/184?periodo=2026
[2026-03-06T23:40:27.816Z] OPTIONS /api/entries/180?periodo=2026
[2026-03-06T23:40:27.816Z] OPTIONS /api/entries/181?periodo=2026
[2026-03-06T23:40:27.816Z] OPTIONS /api/entries/187?periodo=2026
[2026-03-06T23:40:27.816Z] OPTIONS /api/entries/189?periodo=2026
[2026-03-06T23:40:27.816Z] OPTIONS /api/entries/186?periodo=2026
[2026-03-06T23:40:27.816Z] OPTIONS /api/entries/185?periodo=2026
[2026-03-06T23:40:27.816Z] OPTIONS /api/entries/190?periodo=2026
[2026-03-06T23:40:27.816Z] OPTIONS /api/entries/188?periodo=2026
[2026-03-06T23:40:27.816Z] OPTIONS /api/entries/191?periodo=2026
[2026-03-06T23:40:27.816Z] OPTIONS /api/entries/192?periodo=2026
[2026-03-06T23:40:27.816Z] OPTIONS /api/entries/193?periodo=2026
[2026-03-06T23:40:27.816Z] OPTIONS /api/entries/194?periodo=2026
[2026-03-06T23:40:27.817Z] OPTIONS /api/entries/195?periodo=2026
[2026-03-06T23:40:27.817Z] OPTIONS /api/entries/196?periodo=2026
[2026-03-06T23:40:27.817Z] OPTIONS /api/entries/197?periodo=2026
[2026-03-06T23:40:27.817Z] OPTIONS /api/entries/198?periodo=2026
[2026-03-06T23:40:27.817Z] OPTIONS /api/entries/199?periodo=2026
[2026-03-06T23:40:27.817Z] OPTIONS /api/entries/200?periodo=2026
[2026-03-06T23:40:27.817Z] OPTIONS /api/entries/203?periodo=2026
[2026-03-06T23:40:27.818Z] OPTIONS /api/entries/201?periodo=2026
[2026-03-06T23:40:27.818Z] OPTIONS /api/entries/202?periodo=2026
[2026-03-06T23:40:27.818Z] OPTIONS /api/entries/207?periodo=2026
[2026-03-06T23:40:27.818Z] OPTIONS /api/entries/206?periodo=2026
[2026-03-06T23:40:27.818Z] OPTIONS /api/entries/208?periodo=2026
[2026-03-06T23:40:27.818Z] OPTIONS /api/entries/205?periodo=2026
[2026-03-06T23:40:27.818Z] OPTIONS /api/entries/204?periodo=2026
[2026-03-06T23:40:27.818Z] OPTIONS /api/entries/209?periodo=2026
[2026-03-06T23:40:27.818Z] OPTIONS /api/entries/211?periodo=2026
[2026-03-06T23:40:27.818Z] OPTIONS /api/entries/213?periodo=2026
[2026-03-06T23:40:27.818Z] OPTIONS /api/entries/212?periodo=2026
[2026-03-06T23:40:27.818Z] OPTIONS /api/entries/210?periodo=2026
[2026-03-06T23:40:27.818Z] GET /api/entries/311?periodo=2026
[2026-03-06T23:40:27.819Z] OPTIONS /api/entries/214?periodo=2026
[2026-03-06T23:40:27.819Z] OPTIONS /api/entries/215?periodo=2026
[2026-03-06T23:40:27.819Z] OPTIONS /api/entries/216?periodo=2026
[2026-03-06T23:40:27.819Z] GET /api/entries/308?periodo=2026
[2026-03-06T23:40:27.819Z] GET /api/entries/312?periodo=2026
[2026-03-06T23:40:27.820Z] GET /api/entries/313?periodo=2026
[2026-03-06T23:40:27.820Z] GET /api/entries/314?periodo=2026
[2026-03-06T23:40:27.820Z] GET /api/entries/309?periodo=2026
[2026-03-06T23:40:27.822Z] OPTIONS /api/entries/218?periodo=2026
[2026-03-06T23:40:27.822Z] OPTIONS /api/entries/217?periodo=2026
[2026-03-06T23:40:27.822Z] GET /api/entries/317?periodo=2026
[2026-03-06T23:40:27.822Z] GET /api/entries/315?periodo=2026
[2026-03-06T23:40:27.823Z] GET /api/entries/316?periodo=2026
[2026-03-06T23:40:27.823Z] GET /api/entries/318?periodo=2026
[2026-03-06T23:40:27.823Z] OPTIONS /api/entries/219?periodo=2026
[2026-03-06T23:40:27.823Z] OPTIONS /api/entries/220?periodo=2026
[2026-03-06T23:40:27.823Z] OPTIONS /api/entries/221?periodo=2026
[2026-03-06T23:40:27.824Z] GET /api/entries/324?periodo=2026
[2026-03-06T23:40:27.824Z] GET /api/entries/325?periodo=2026
[2026-03-06T23:40:27.824Z] GET /api/entries/322?periodo=2026
[2026-03-06T23:40:27.825Z] OPTIONS /api/entries/223?periodo=2026
[2026-03-06T23:40:27.825Z] OPTIONS /api/entries/224?periodo=2026
[2026-03-06T23:40:27.825Z] OPTIONS /api/entries/222?periodo=2026
[2026-03-06T23:40:27.825Z] OPTIONS /api/entries/226?periodo=2026
[2026-03-06T23:40:27.825Z] GET /api/entries/326?periodo=2026
[2026-03-06T23:40:27.826Z] OPTIONS /api/entries/225?periodo=2026
[2026-03-06T23:40:27.826Z] GET /api/entries/327?periodo=2026
[2026-03-06T23:40:27.826Z] GET /api/entries/330?periodo=2026
[2026-03-06T23:40:27.827Z] GET /api/entries/328?periodo=2026
[2026-03-06T23:40:27.827Z] GET /api/entries/329?periodo=2026
[2026-03-06T23:40:27.827Z] OPTIONS /api/entries/229?periodo=2026
[2026-03-06T23:40:27.828Z] GET /api/entries/332?periodo=2026
[2026-03-06T23:40:27.828Z] OPTIONS /api/entries/228?periodo=2026
[2026-03-06T23:40:27.828Z] OPTIONS /api/entries/233?periodo=2026
[2026-03-06T23:40:27.828Z] OPTIONS /api/entries/230?periodo=2026
[2026-03-06T23:40:27.828Z] OPTIONS /api/entries/234?periodo=2026
[2026-03-06T23:40:27.829Z] OPTIONS /api/entries/235?periodo=2026
[2026-03-06T23:40:27.829Z] GET /api/entries/331?periodo=2026
[2026-03-06T23:40:27.829Z] OPTIONS /api/entries/237?periodo=2026
[2026-03-06T23:40:27.829Z] OPTIONS /api/entries/239?periodo=2026
[2026-03-06T23:40:27.829Z] GET /api/entries/333?periodo=2026
[2026-03-06T23:40:27.829Z] GET /api/entries/334?periodo=2026
[2026-03-06T23:40:27.830Z] GET /api/entries/335?periodo=2026
[2026-03-06T23:40:27.830Z] GET /api/entries/336?periodo=2026
[2026-03-06T23:40:27.831Z] OPTIONS /api/entries/236?periodo=2026
[2026-03-06T23:40:27.831Z] GET /api/entries/337?periodo=2026
[2026-03-06T23:40:27.831Z] OPTIONS /api/entries/238?periodo=2026
[2026-03-06T23:40:27.831Z] GET /api/entries/342?periodo=2026
[2026-03-06T23:40:27.832Z] OPTIONS /api/entries/242?periodo=2026
[2026-03-06T23:40:27.832Z] GET /api/entries/347?periodo=2026
[2026-03-06T23:40:27.832Z] GET /api/entries/341?periodo=2026
[2026-03-06T23:40:27.832Z] GET /api/entries/343?periodo=2026
[2026-03-06T23:40:27.833Z] OPTIONS /api/entries/240?periodo=2026
[2026-03-06T23:40:27.833Z] OPTIONS /api/entries/243?periodo=2026
[2026-03-06T23:40:27.833Z] GET /api/entries/344?periodo=2026
[2026-03-06T23:40:27.833Z] OPTIONS /api/entries/247?periodo=2026
[2026-03-06T23:40:27.833Z] OPTIONS /api/entries/244?periodo=2026
[2026-03-06T23:40:27.833Z] GET /api/entries/348?periodo=2026
[2026-03-06T23:40:27.834Z] OPTIONS /api/entries/248?periodo=2026
[2026-03-06T23:40:27.834Z] OPTIONS /api/entries/249?periodo=2026
[2026-03-06T23:40:27.834Z] OPTIONS /api/entries/245?periodo=2026
[2026-03-06T23:40:27.834Z] OPTIONS /api/entries/246?periodo=2026
[2026-03-06T23:40:27.835Z] GET /api/entries/349?periodo=2026
[2026-03-06T23:40:27.835Z] OPTIONS /api/entries/251?periodo=2026
[2026-03-06T23:40:27.835Z] GET /api/entries/350?periodo=2026
[2026-03-06T23:40:27.835Z] GET /api/entries/352?periodo=2026
[2026-03-06T23:40:27.836Z] GET /api/entries/354?periodo=2026
[2026-03-06T23:40:27.836Z] GET /api/entries/351?periodo=2026
[2026-03-06T23:40:27.837Z] OPTIONS /api/entries/252?periodo=2026
[2026-03-06T23:40:27.837Z] GET /api/entries/353?periodo=2026
[2026-03-06T23:40:27.838Z] OPTIONS /api/entries/253?periodo=2026
[2026-03-06T23:40:27.838Z] OPTIONS /api/entries/250?periodo=2026
[2026-03-06T23:40:27.838Z] OPTIONS /api/entries/257?periodo=2026
[2026-03-06T23:40:27.838Z] OPTIONS /api/entries/255?periodo=2026
[2026-03-06T23:40:27.838Z] OPTIONS /api/entries/258?periodo=2026
[2026-03-06T23:40:27.838Z] OPTIONS /api/entries/254?periodo=2026
[2026-03-06T23:40:27.838Z] OPTIONS /api/entries/260?periodo=2026
[2026-03-06T23:40:27.839Z] OPTIONS /api/entries/262?periodo=2026
[2026-03-06T23:40:27.839Z] OPTIONS /api/entries/261?periodo=2026
[2026-03-06T23:40:27.839Z] OPTIONS /api/entries/259?periodo=2026
[2026-03-06T23:40:27.839Z] OPTIONS /api/entries/264?periodo=2026
[2026-03-06T23:40:27.839Z] OPTIONS /api/entries/266?periodo=2026
[2026-03-06T23:40:27.839Z] OPTIONS /api/entries/263?periodo=2026
[2026-03-06T23:40:27.839Z] OPTIONS /api/entries/267?periodo=2026
[2026-03-06T23:40:27.839Z] OPTIONS /api/entries/265?periodo=2026
[2026-03-06T23:40:27.839Z] OPTIONS /api/entries/269?periodo=2026
[2026-03-06T23:40:27.839Z] GET /api/entries/355?periodo=2026
[2026-03-06T23:40:27.839Z] GET /api/entries/356?periodo=2026
[2026-03-06T23:40:27.840Z] GET /api/entries/357?periodo=2026
[2026-03-06T23:40:27.840Z] OPTIONS /api/entries/268?periodo=2026
[2026-03-06T23:40:27.840Z] GET /api/entries/361?periodo=2026
[2026-03-06T23:40:27.841Z] GET /api/entries/358?periodo=2026
[2026-03-06T23:40:27.841Z] GET /api/entries/359?periodo=2026
[2026-03-06T23:40:27.842Z] OPTIONS /api/entries/270?periodo=2026
[2026-03-06T23:40:27.842Z] OPTIONS /api/entries/271?periodo=2026
[2026-03-06T23:40:27.842Z] OPTIONS /api/entries/272?periodo=2026
[2026-03-06T23:40:27.842Z] OPTIONS /api/entries/273?periodo=2026
[2026-03-06T23:40:27.842Z] OPTIONS /api/entries/275?periodo=2026
[2026-03-06T23:40:27.842Z] OPTIONS /api/entries/274?periodo=2026
[2026-03-06T23:40:27.842Z] OPTIONS /api/entries/276?periodo=2026
[2026-03-06T23:40:27.843Z] OPTIONS /api/entries/278?periodo=2026
[2026-03-06T23:40:27.843Z] GET /api/entries/364?periodo=2026
[2026-03-06T23:40:27.843Z] OPTIONS /api/entries/279?periodo=2026
[2026-03-06T23:40:27.843Z] GET /api/entries/365?periodo=2026
[2026-03-06T23:40:27.843Z] GET /api/entries/362?periodo=2026
[2026-03-06T23:40:27.844Z] GET /api/entries/360?periodo=2026
[2026-03-06T23:40:27.844Z] GET /api/entries/363?periodo=2026
[2026-03-06T23:40:27.845Z] OPTIONS /api/entries/280?periodo=2026
[2026-03-06T23:40:27.845Z] OPTIONS /api/entries/277?periodo=2026
[2026-03-06T23:40:27.845Z] OPTIONS /api/entries/281?periodo=2026
[2026-03-06T23:40:27.846Z] OPTIONS /api/entries/282?periodo=2026
[2026-03-06T23:40:27.846Z] OPTIONS /api/entries/285?periodo=2026
[2026-03-06T23:40:27.846Z] OPTIONS /api/entries/284?periodo=2026
[2026-03-06T23:40:27.846Z] OPTIONS /api/entries/283?periodo=2026
[2026-03-06T23:40:27.846Z] OPTIONS /api/entries/286?periodo=2026
[2026-03-06T23:40:27.846Z] GET /api/entries/366?periodo=2026
[2026-03-06T23:40:27.846Z] GET /api/entries/368?periodo=2026
[2026-03-06T23:40:27.847Z] GET /api/entries/367?periodo=2026
[2026-03-06T23:40:27.847Z] GET /api/entries/369?periodo=2026
[2026-03-06T23:40:27.847Z] OPTIONS /api/entries/288?periodo=2026
[2026-03-06T23:40:27.847Z] GET /api/entries/370?periodo=2026
[2026-03-06T23:40:27.848Z] OPTIONS /api/entries/289?periodo=2026
[2026-03-06T23:40:27.848Z] GET /api/entries/2?periodo=2026
[2026-03-06T23:40:27.851Z] GET /api/entries/3?periodo=2026
[2026-03-06T23:40:27.851Z] GET /api/entries/4?periodo=2026
[2026-03-06T23:40:27.851Z] OPTIONS /api/entries/290?periodo=2026
[2026-03-06T23:40:27.852Z] GET /api/entries/5?periodo=2026
[2026-03-06T23:40:27.852Z] GET /api/entries/6?periodo=2026
[2026-03-06T23:40:27.853Z] OPTIONS /api/entries/291?periodo=2026
[2026-03-06T23:40:27.853Z] GET /api/entries/7?periodo=2026
[2026-03-06T23:40:27.853Z] OPTIONS /api/entries/292?periodo=2026
[2026-03-06T23:40:27.853Z] OPTIONS /api/entries/295?periodo=2026
[2026-03-06T23:40:27.854Z] GET /api/entries/8?periodo=2026
[2026-03-06T23:40:27.854Z] GET /api/entries/10?periodo=2026
[2026-03-06T23:40:27.855Z] GET /api/entries/9?periodo=2026
[2026-03-06T23:40:27.855Z] OPTIONS /api/entries/293?periodo=2026
[2026-03-06T23:40:27.855Z] GET /api/entries/11?periodo=2026
[2026-03-06T23:40:27.856Z] GET /api/entries/12?periodo=2026
[2026-03-06T23:40:27.856Z] OPTIONS /api/entries/294?periodo=2026
[2026-03-06T23:40:27.856Z] GET /api/entries/13?periodo=2026
[2026-03-06T23:40:27.856Z] GET /api/entries/14?periodo=2026
[2026-03-06T23:40:27.857Z] GET /api/entries/15?periodo=2026
[2026-03-06T23:40:27.857Z] GET /api/entries/16?periodo=2026
[2026-03-06T23:40:27.858Z] GET /api/entries/17?periodo=2026
[2026-03-06T23:40:27.858Z] GET /api/entries/18?periodo=2026
[2026-03-06T23:40:27.858Z] OPTIONS /api/entries/296?periodo=2026
[2026-03-06T23:40:27.858Z] GET /api/entries/19?periodo=2026
[2026-03-06T23:40:27.859Z] GET /api/entries/23?periodo=2026
[2026-03-06T23:40:27.859Z] OPTIONS /api/entries/299?periodo=2026
[2026-03-06T23:40:27.859Z] GET /api/entries/24?periodo=2026
[2026-03-06T23:40:27.859Z] GET /api/entries/25?periodo=2026
[2026-03-06T23:40:27.860Z] GET /api/entries/21?periodo=2026
[2026-03-06T23:40:27.861Z] GET /api/entries/22?periodo=2026
[2026-03-06T23:40:27.862Z] GET /api/entries/28?periodo=2026
[2026-03-06T23:40:27.863Z] GET /api/entries/29?periodo=2026
[2026-03-06T23:40:27.864Z] GET /api/entries/30?periodo=2026
[2026-03-06T23:40:27.864Z] GET /api/entries/26?periodo=2026
[2026-03-06T23:40:27.864Z] GET /api/entries/31?periodo=2026
[2026-03-06T23:40:27.865Z] GET /api/entries/32?periodo=2026
[2026-03-06T23:40:27.865Z] GET /api/entries/33?periodo=2026
[2026-03-06T23:40:27.866Z] GET /api/entries/34?periodo=2026
[2026-03-06T23:40:27.866Z] GET /api/entries/35?periodo=2026
[2026-03-06T23:40:27.867Z] GET /api/entries/36?periodo=2026
[2026-03-06T23:40:27.868Z] GET /api/entries/37?periodo=2026
[2026-03-06T23:40:27.869Z] OPTIONS /api/entries/300?periodo=2026
[2026-03-06T23:40:27.869Z] GET /api/entries/39?periodo=2026
[2026-03-06T23:40:27.870Z] GET /api/entries/40?periodo=2026
[2026-03-06T23:40:27.870Z] GET /api/entries/43?periodo=2026
[2026-03-06T23:40:27.875Z] GET /api/entries/45?periodo=2026
[2026-03-06T23:40:27.876Z] GET /api/entries/41?periodo=2026
[2026-03-06T23:40:27.876Z] GET /api/entries/42?periodo=2026
[2026-03-06T23:40:27.876Z] GET /api/entries/46?periodo=2026
[2026-03-06T23:40:27.877Z] GET /api/entries/47?periodo=2026
[2026-03-06T23:40:27.877Z] OPTIONS /api/entries/301?periodo=2026
[2026-03-06T23:40:27.878Z] GET /api/entries/48?periodo=2026
[2026-03-06T23:40:27.878Z] GET /api/entries/49?periodo=2026
[2026-03-06T23:40:27.879Z] GET /api/entries/50?periodo=2026
[2026-03-06T23:40:27.880Z] GET /api/entries/51?periodo=2026
[2026-03-06T23:40:27.880Z] GET /api/entries/52?periodo=2026
[2026-03-06T23:40:27.881Z] GET /api/entries/53?periodo=2026
[2026-03-06T23:40:27.881Z] OPTIONS /api/entries/297?periodo=2026
[2026-03-06T23:40:27.882Z] GET /api/entries/56?periodo=2026
[2026-03-06T23:40:27.882Z] GET /api/entries/57?periodo=2026
[2026-03-06T23:40:27.883Z] GET /api/entries/58?periodo=2026
[2026-03-06T23:40:27.884Z] OPTIONS /api/entries/298?periodo=2026
[2026-03-06T23:40:27.884Z] GET /api/entries/59?periodo=2026
[2026-03-06T23:40:27.884Z] GET /api/entries/60?periodo=2026
[2026-03-06T23:40:27.885Z] GET /api/entries/54?periodo=2026
[2026-03-06T23:40:27.885Z] OPTIONS /api/entries/302?periodo=2026
[2026-03-06T23:40:27.885Z] GET /api/entries/61?periodo=2026
[2026-03-06T23:40:27.885Z] GET /api/entries/62?periodo=2026
[2026-03-06T23:40:27.886Z] GET /api/entries/63?periodo=2026
[2026-03-06T23:40:27.887Z] OPTIONS /api/entries/303?periodo=2026
[2026-03-06T23:40:27.887Z] GET /api/entries/65?periodo=2026
[2026-03-06T23:40:27.887Z] GET /api/entries/66?periodo=2026
[2026-03-06T23:40:27.888Z] GET /api/entries/69?periodo=2026
[2026-03-06T23:40:27.888Z] GET /api/entries/70?periodo=2026
[2026-03-06T23:40:27.888Z] GET /api/entries/71?periodo=2026
[2026-03-06T23:40:27.889Z] GET /api/entries/67?periodo=2026
[2026-03-06T23:40:27.889Z] OPTIONS /api/entries/304?periodo=2026
[2026-03-06T23:40:27.889Z] OPTIONS /api/entries/305?periodo=2026
[2026-03-06T23:40:27.889Z] OPTIONS /api/entries/306?periodo=2026
[2026-03-06T23:40:27.890Z] GET /api/entries/74?periodo=2026
[2026-03-06T23:40:27.890Z] OPTIONS /api/entries/307?periodo=2026
[2026-03-06T23:40:27.890Z] GET /api/entries/75?periodo=2026
[2026-03-06T23:40:27.890Z] GET /api/entries/81?periodo=2026
[2026-03-06T23:40:27.891Z] GET /api/entries/77?periodo=2026
[2026-03-06T23:40:27.891Z] GET /api/entries/72?periodo=2026
[2026-03-06T23:40:27.892Z] GET /api/entries/76?periodo=2026
[2026-03-06T23:40:27.894Z] GET /api/entries/78?periodo=2026
[2026-03-06T23:40:27.895Z] GET /api/entries/73?periodo=2026
[2026-03-06T23:40:27.895Z] GET /api/entries/79?periodo=2026
[2026-03-06T23:40:27.896Z] GET /api/entries/82?periodo=2026
[2026-03-06T23:40:27.896Z] GET /api/entries/83?periodo=2026
[2026-03-06T23:40:27.896Z] GET /api/entries/84?periodo=2026
[2026-03-06T23:40:27.897Z] GET /api/entries/92?periodo=2026
[2026-03-06T23:40:27.897Z] GET /api/entries/85?periodo=2026
[2026-03-06T23:40:27.898Z] GET /api/entries/86?periodo=2026
[2026-03-06T23:40:27.898Z] GET /api/entries/87?periodo=2026
[2026-03-06T23:40:27.899Z] GET /api/entries/89?periodo=2026
[2026-03-06T23:40:27.900Z] GET /api/entries/91?periodo=2026
[2026-03-06T23:40:27.901Z] GET /api/entries/93?periodo=2026
[2026-03-06T23:40:27.902Z] GET /api/entries/95?periodo=2026
[2026-03-06T23:40:27.903Z] GET /api/entries/96?periodo=2026
[2026-03-06T23:40:27.904Z] GET /api/entries/97?periodo=2026
[2026-03-06T23:40:27.904Z] GET /api/entries/98?periodo=2026
[2026-03-06T23:40:27.905Z] GET /api/entries/100?periodo=2026
[2026-03-06T23:40:27.905Z] GET /api/entries/101?periodo=2026
[2026-03-06T23:40:27.905Z] GET /api/entries/102?periodo=2026
[2026-03-06T23:40:27.906Z] GET /api/entries/103?periodo=2026
[2026-03-06T23:40:27.907Z] GET /api/entries/99?periodo=2026
[2026-03-06T23:40:27.907Z] GET /api/entries/107?periodo=2026
[2026-03-06T23:40:27.908Z] GET /api/entries/108?periodo=2026
[2026-03-06T23:40:27.908Z] GET /api/entries/110?periodo=2026
[2026-03-06T23:40:27.908Z] GET /api/entries/111?periodo=2026
[2026-03-06T23:40:27.909Z] GET /api/entries/104?periodo=2026
[2026-03-06T23:40:27.909Z] GET /api/entries/113?periodo=2026
[2026-03-06T23:40:27.910Z] GET /api/entries/114?periodo=2026
[2026-03-06T23:40:27.911Z] GET /api/entries/115?periodo=2026
[2026-03-06T23:40:27.912Z] GET /api/entries/116?periodo=2026
[2026-03-06T23:40:27.912Z] GET /api/entries/112?periodo=2026
[2026-03-06T23:40:27.912Z] GET /api/entries/118?periodo=2026
[2026-03-06T23:40:27.913Z] GET /api/entries/119?periodo=2026
[2026-03-06T23:40:27.913Z] GET /api/entries/117?periodo=2026
[2026-03-06T23:40:27.914Z] GET /api/entries/120?periodo=2026
[2026-03-06T23:40:27.914Z] GET /api/entries/123?periodo=2026
[2026-03-06T23:40:27.914Z] GET /api/entries/124?periodo=2026
[2026-03-06T23:40:27.915Z] GET /api/entries/121?periodo=2026
[2026-03-06T23:40:27.916Z] GET /api/entries/122?periodo=2026
[2026-03-06T23:40:27.916Z] GET /api/entries/125?periodo=2026
[2026-03-06T23:40:27.916Z] GET /api/entries/126?periodo=2026
[2026-03-06T23:40:27.917Z] GET /api/entries/127?periodo=2026
[2026-03-06T23:40:27.917Z] GET /api/entries/128?periodo=2026
[2026-03-06T23:40:27.917Z] GET /api/entries/129?periodo=2026
[2026-03-06T23:40:27.919Z] GET /api/entries/130?periodo=2026
[2026-03-06T23:40:27.919Z] GET /api/entries/134?periodo=2026
[2026-03-06T23:40:27.921Z] GET /api/entries/131?periodo=2026
[2026-03-06T23:40:27.922Z] GET /api/entries/132?periodo=2026
[2026-03-06T23:40:27.923Z] GET /api/entries/133?periodo=2026
[2026-03-06T23:40:27.923Z] GET /api/entries/137?periodo=2026
[2026-03-06T23:40:27.924Z] GET /api/entries/138?periodo=2026
[2026-03-06T23:40:27.924Z] GET /api/entries/139?periodo=2026
[2026-03-06T23:40:27.925Z] GET /api/entries/135?periodo=2026
[2026-03-06T23:40:27.925Z] GET /api/entries/136?periodo=2026
[2026-03-06T23:40:27.926Z] GET /api/entries/141?periodo=2026
[2026-03-06T23:40:27.931Z] GET /api/entries/142?periodo=2026
[2026-03-06T23:40:27.932Z] GET /api/entries/143?periodo=2026
[2026-03-06T23:40:27.933Z] GET /api/entries/140?periodo=2026
[2026-03-06T23:40:27.933Z] GET /api/entries/146?periodo=2026
[2026-03-06T23:40:27.934Z] GET /api/entries/147?periodo=2026
[2026-03-06T23:40:27.934Z] GET /api/entries/148?periodo=2026
[2026-03-06T23:40:27.935Z] GET /api/entries/144?periodo=2026
[2026-03-06T23:40:27.935Z] GET /api/entries/145?periodo=2026
[2026-03-06T23:40:27.935Z] GET /api/entries/150?periodo=2026
[2026-03-06T23:40:27.936Z] GET /api/entries/151?periodo=2026
[2026-03-06T23:40:27.937Z] GET /api/entries/149?periodo=2026
[2026-03-06T23:40:27.937Z] GET /api/entries/155?periodo=2026
[2026-03-06T23:40:27.937Z] GET /api/entries/152?periodo=2026
[2026-03-06T23:40:27.939Z] GET /api/entries/153?periodo=2026
[2026-03-06T23:40:27.939Z] GET /api/entries/154?periodo=2026
[2026-03-06T23:40:27.940Z] GET /api/entries/159?periodo=2026
[2026-03-06T23:40:27.940Z] GET /api/entries/156?periodo=2026
[2026-03-06T23:40:27.941Z] GET /api/entries/158?periodo=2026
[2026-03-06T23:40:27.941Z] GET /api/entries/163?periodo=2026
[2026-03-06T23:40:27.942Z] GET /api/entries/164?periodo=2026
[2026-03-06T23:40:27.943Z] GET /api/entries/160?periodo=2026
[2026-03-06T23:40:27.944Z] GET /api/entries/161?periodo=2026
[2026-03-06T23:40:27.944Z] GET /api/entries/162?periodo=2026
[2026-03-06T23:40:27.946Z] GET /api/entries/167?periodo=2026
[2026-03-06T23:40:27.946Z] GET /api/entries/168?periodo=2026
[2026-03-06T23:40:27.946Z] GET /api/entries/169?periodo=2026
[2026-03-06T23:40:27.947Z] GET /api/entries/170?periodo=2026
[2026-03-06T23:40:27.947Z] GET /api/entries/166?periodo=2026
[2026-03-06T23:40:27.948Z] GET /api/entries/172?periodo=2026
[2026-03-06T23:40:27.948Z] GET /api/entries/173?periodo=2026
[2026-03-06T23:40:27.949Z] GET /api/entries/174?periodo=2026
[2026-03-06T23:40:27.949Z] GET /api/entries/175?periodo=2026
[2026-03-06T23:40:27.950Z] GET /api/entries/171?periodo=2026
[2026-03-06T23:40:27.951Z] GET /api/entries/177?periodo=2026
[2026-03-06T23:40:27.951Z] GET /api/entries/178?periodo=2026
[2026-03-06T23:40:27.951Z] GET /api/entries/179?periodo=2026
[2026-03-06T23:40:27.952Z] GET /api/entries/176?periodo=2026
[2026-03-06T23:40:27.952Z] GET /api/entries/182?periodo=2026
[2026-03-06T23:40:27.953Z] GET /api/entries/183?periodo=2026
[2026-03-06T23:40:27.953Z] GET /api/entries/184?periodo=2026
[2026-03-06T23:40:27.953Z] GET /api/entries/180?periodo=2026
[2026-03-06T23:40:27.954Z] GET /api/entries/187?periodo=2026
[2026-03-06T23:40:27.954Z] GET /api/entries/181?periodo=2026
[2026-03-06T23:40:27.955Z] GET /api/entries/189?periodo=2026
[2026-03-06T23:40:27.955Z] GET /api/entries/186?periodo=2026
[2026-03-06T23:40:27.956Z] GET /api/entries/185?periodo=2026
[2026-03-06T23:40:27.956Z] GET /api/entries/190?periodo=2026
[2026-03-06T23:40:27.956Z] GET /api/entries/188?periodo=2026
[2026-03-06T23:40:27.957Z] GET /api/entries/192?periodo=2026
[2026-03-06T23:40:27.957Z] GET /api/entries/193?periodo=2026
[2026-03-06T23:40:27.957Z] GET /api/entries/191?periodo=2026
[2026-03-06T23:40:27.958Z] GET /api/entries/194?periodo=2026
[2026-03-06T23:40:27.958Z] GET /api/entries/195?periodo=2026
[2026-03-06T23:40:27.959Z] GET /api/entries/196?periodo=2026
[2026-03-06T23:40:27.959Z] GET /api/entries/197?periodo=2026
[2026-03-06T23:40:27.960Z] GET /api/entries/198?periodo=2026
[2026-03-06T23:40:27.960Z] GET /api/entries/199?periodo=2026
[2026-03-06T23:40:27.961Z] GET /api/entries/200?periodo=2026
[2026-03-06T23:40:27.961Z] GET /api/entries/203?periodo=2026
[2026-03-06T23:40:27.962Z] GET /api/entries/201?periodo=2026
[2026-03-06T23:40:27.962Z] GET /api/entries/202?periodo=2026
[2026-03-06T23:40:27.962Z] GET /api/entries/207?periodo=2026
[2026-03-06T23:40:27.963Z] GET /api/entries/206?periodo=2026
[2026-03-06T23:40:27.964Z] GET /api/entries/208?periodo=2026
[2026-03-06T23:40:27.964Z] GET /api/entries/205?periodo=2026
[2026-03-06T23:40:27.965Z] GET /api/entries/204?periodo=2026
[2026-03-06T23:40:27.965Z] GET /api/entries/209?periodo=2026
[2026-03-06T23:40:27.965Z] GET /api/entries/211?periodo=2026
[2026-03-06T23:40:27.966Z] GET /api/entries/213?periodo=2026
[2026-03-06T23:40:27.966Z] GET /api/entries/212?periodo=2026
[2026-03-06T23:40:27.967Z] GET /api/entries/210?periodo=2026
[2026-03-06T23:40:27.967Z] GET /api/entries/214?periodo=2026
[2026-03-06T23:40:27.967Z] GET /api/entries/215?periodo=2026
[2026-03-06T23:40:27.968Z] GET /api/entries/216?periodo=2026
[2026-03-06T23:40:27.968Z] GET /api/entries/218?periodo=2026
[2026-03-06T23:40:27.969Z] GET /api/entries/217?periodo=2026
[2026-03-06T23:40:27.969Z] GET /api/entries/219?periodo=2026
[2026-03-06T23:40:27.969Z] GET /api/entries/220?periodo=2026
[2026-03-06T23:40:27.970Z] GET /api/entries/221?periodo=2026
[2026-03-06T23:40:27.970Z] OPTIONS /api/entries/371?periodo=2026
[2026-03-06T23:40:27.970Z] GET /api/entries/223?periodo=2026
[2026-03-06T23:40:27.971Z] GET /api/entries/222?periodo=2026
[2026-03-06T23:40:27.971Z] GET /api/entries/224?periodo=2026
[2026-03-06T23:40:27.971Z] GET /api/entries/226?periodo=2026
[2026-03-06T23:40:27.972Z] GET /api/entries/225?periodo=2026
[2026-03-06T23:40:27.972Z] OPTIONS /api/entries/374?periodo=2026
[2026-03-06T23:40:27.972Z] OPTIONS /api/entries/372?periodo=2026
[2026-03-06T23:40:27.972Z] OPTIONS /api/entries/373?periodo=2026
[2026-03-06T23:40:27.972Z] GET /api/entries/229?periodo=2026
[2026-03-06T23:40:27.973Z] OPTIONS /api/entries/376?periodo=2026
[2026-03-06T23:40:27.973Z] OPTIONS /api/entries/375?periodo=2026
[2026-03-06T23:40:27.973Z] GET /api/entries/228?periodo=2026
[2026-03-06T23:40:27.973Z] GET /api/entries/230?periodo=2026
[2026-03-06T23:40:27.973Z] GET /api/entries/233?periodo=2026
[2026-03-06T23:40:27.974Z] GET /api/entries/235?periodo=2026
[2026-03-06T23:40:27.974Z] GET /api/entries/234?periodo=2026
[2026-03-06T23:40:27.975Z] GET /api/entries/237?periodo=2026
[2026-03-06T23:40:27.975Z] GET /api/entries/239?periodo=2026
[2026-03-06T23:40:27.976Z] OPTIONS /api/entries/377?periodo=2026
[2026-03-06T23:40:27.976Z] GET /api/entries/236?periodo=2026
[2026-03-06T23:40:27.976Z] GET /api/entries/238?periodo=2026
[2026-03-06T23:40:27.977Z] OPTIONS /api/entries/379?periodo=2026
[2026-03-06T23:40:27.977Z] OPTIONS /api/entries/380?periodo=2026
[2026-03-06T23:40:27.977Z] OPTIONS /api/entries/381?periodo=2026
[2026-03-06T23:40:27.977Z] GET /api/entries/242?periodo=2026
[2026-03-06T23:40:27.977Z] OPTIONS /api/entries/382?periodo=2026
[2026-03-06T23:40:27.977Z] OPTIONS /api/entries/378?periodo=2026
[2026-03-06T23:40:27.978Z] GET /api/entries/240?periodo=2026
[2026-03-06T23:40:27.978Z] OPTIONS /api/entries/384?periodo=2026
[2026-03-06T23:40:27.978Z] GET /api/entries/243?periodo=2026
[2026-03-06T23:40:27.979Z] GET /api/entries/247?periodo=2026
[2026-03-06T23:40:27.979Z] GET /api/entries/244?periodo=2026
[2026-03-06T23:40:27.979Z] GET /api/entries/248?periodo=2026
[2026-03-06T23:40:27.980Z] GET /api/entries/249?periodo=2026
[2026-03-06T23:40:27.980Z] GET /api/entries/245?periodo=2026
[2026-03-06T23:40:27.980Z] GET /api/entries/246?periodo=2026
[2026-03-06T23:40:27.981Z] GET /api/entries/251?periodo=2026
[2026-03-06T23:40:27.981Z] OPTIONS /api/entries/385?periodo=2026
[2026-03-06T23:40:27.981Z] OPTIONS /api/entries/383?periodo=2026
[2026-03-06T23:40:27.981Z] GET /api/entries/252?periodo=2026
[2026-03-06T23:40:27.982Z] OPTIONS /api/entries/388?periodo=2026
[2026-03-06T23:40:27.982Z] OPTIONS /api/entries/387?periodo=2026
[2026-03-06T23:40:27.982Z] OPTIONS /api/entries/386?periodo=2026
[2026-03-06T23:40:27.982Z] GET /api/entries/253?periodo=2026
[2026-03-06T23:40:27.982Z] GET /api/entries/250?periodo=2026
[2026-03-06T23:40:27.983Z] OPTIONS /api/entries/389?periodo=2026
[2026-03-06T23:40:27.983Z] GET /api/entries/255?periodo=2026
[2026-03-06T23:40:27.984Z] GET /api/entries/257?periodo=2026
[2026-03-06T23:40:27.985Z] GET /api/entries/258?periodo=2026
[2026-03-06T23:40:27.985Z] GET /api/entries/254?periodo=2026
[2026-03-06T23:40:27.985Z] GET /api/entries/260?periodo=2026
[2026-03-06T23:40:27.986Z] GET /api/entries/262?periodo=2026
[2026-03-06T23:40:27.986Z] GET /api/entries/261?periodo=2026
[2026-03-06T23:40:27.987Z] GET /api/entries/259?periodo=2026
[2026-03-06T23:40:27.987Z] GET /api/entries/264?periodo=2026
[2026-03-06T23:40:27.988Z] GET /api/entries/266?periodo=2026
[2026-03-06T23:40:27.988Z] GET /api/entries/263?periodo=2026
[2026-03-06T23:40:27.989Z] GET /api/entries/267?periodo=2026
[2026-03-06T23:40:27.989Z] GET /api/entries/265?periodo=2026
[2026-03-06T23:40:27.990Z] GET /api/entries/269?periodo=2026
[2026-03-06T23:40:27.990Z] OPTIONS /api/entries/393?periodo=2026
[2026-03-06T23:40:27.990Z] OPTIONS /api/entries/396?periodo=2026
[2026-03-06T23:40:27.991Z] OPTIONS /api/entries/394?periodo=2026
[2026-03-06T23:40:27.991Z] GET /api/entries/268?periodo=2026
[2026-03-06T23:40:27.991Z] OPTIONS /api/entries/390?periodo=2026
[2026-03-06T23:40:27.991Z] OPTIONS /api/entries/391?periodo=2026
[2026-03-06T23:40:27.991Z] GET /api/entries/270?periodo=2026
[2026-03-06T23:40:27.992Z] OPTIONS /api/entries/392?periodo=2026
[2026-03-06T23:40:27.992Z] GET /api/entries/271?periodo=2026
[2026-03-06T23:40:27.992Z] GET /api/entries/273?periodo=2026
[2026-03-06T23:40:27.992Z] GET /api/entries/272?periodo=2026
[2026-03-06T23:40:28.002Z] GET /api/entries/275?periodo=2026
[2026-03-06T23:40:28.003Z] GET /api/entries/274?periodo=2026
[2026-03-06T23:40:28.003Z] GET /api/entries/276?periodo=2026
[2026-03-06T23:40:28.003Z] GET /api/entries/278?periodo=2026
[2026-03-06T23:40:28.004Z] OPTIONS /api/entries/395?periodo=2026
[2026-03-06T23:40:28.004Z] OPTIONS /api/entries/398?periodo=2026
[2026-03-06T23:40:28.004Z] GET /api/entries/279?periodo=2026
[2026-03-06T23:40:28.005Z] OPTIONS /api/entries/399?periodo=2026
[2026-03-06T23:40:28.005Z] OPTIONS /api/entries/397?periodo=2026
[2026-03-06T23:40:28.005Z] OPTIONS /api/entries/402?periodo=2026
[2026-03-06T23:40:28.005Z] OPTIONS /api/entries/400?periodo=2026
[2026-03-06T23:40:28.005Z] GET /api/entries/280?periodo=2026
[2026-03-06T23:40:28.006Z] GET /api/entries/277?periodo=2026
[2026-03-06T23:40:28.006Z] GET /api/entries/281?periodo=2026
[2026-03-06T23:40:28.006Z] GET /api/entries/285?periodo=2026
[2026-03-06T23:40:28.006Z] GET /api/entries/282?periodo=2026
[2026-03-06T23:40:28.007Z] GET /api/entries/284?periodo=2026
[2026-03-06T23:40:28.008Z] GET /api/entries/283?periodo=2026
[2026-03-06T23:40:28.008Z] OPTIONS /api/entries/404?periodo=2026
[2026-03-06T23:40:28.008Z] OPTIONS /api/entries/403?periodo=2026
[2026-03-06T23:40:28.008Z] GET /api/entries/286?periodo=2026
[2026-03-06T23:40:28.009Z] OPTIONS /api/entries/406?periodo=2026
[2026-03-06T23:40:28.009Z] OPTIONS /api/entries/401?periodo=2026
[2026-03-06T23:40:28.009Z] OPTIONS /api/entries/407?periodo=2026
[2026-03-06T23:40:28.009Z] OPTIONS /api/entries/405?periodo=2026
[2026-03-06T23:40:28.009Z] OPTIONS /api/entries/408?periodo=2026
[2026-03-06T23:40:28.009Z] OPTIONS /api/entries/412?periodo=2026
[2026-03-06T23:40:28.009Z] OPTIONS /api/entries/410?periodo=2026
[2026-03-06T23:40:28.009Z] OPTIONS /api/entries/409?periodo=2026
[2026-03-06T23:40:28.009Z] OPTIONS /api/entries/411?periodo=2026
[2026-03-06T23:40:28.009Z] OPTIONS /api/entries/413?periodo=2026
[2026-03-06T23:40:28.009Z] GET /api/entries/288?periodo=2026
[2026-03-06T23:40:28.010Z] OPTIONS /api/entries/414?periodo=2026
[2026-03-06T23:40:28.010Z] OPTIONS /api/entries/415?periodo=2026
[2026-03-06T23:40:28.010Z] GET /api/entries/289?periodo=2026
[2026-03-06T23:40:28.010Z] OPTIONS /api/entries/417?periodo=2026
[2026-03-06T23:40:28.010Z] OPTIONS /api/entries/416?periodo=2026
[2026-03-06T23:40:28.010Z] GET /api/entries/290?periodo=2026
[2026-03-06T23:40:28.011Z] GET /api/entries/291?periodo=2026
[2026-03-06T23:40:28.012Z] GET /api/entries/292?periodo=2026
[2026-03-06T23:40:28.013Z] GET /api/entries/295?periodo=2026
[2026-03-06T23:40:28.014Z] GET /api/entries/293?periodo=2026
[2026-03-06T23:40:28.015Z] GET /api/entries/294?periodo=2026
[2026-03-06T23:40:28.015Z] GET /api/entries/296?periodo=2026
[2026-03-06T23:40:28.015Z] GET /api/entries/299?periodo=2026
[2026-03-06T23:40:28.016Z] GET /api/entries/300?periodo=2026
[2026-03-06T23:40:28.016Z] GET /api/entries/301?periodo=2026
[2026-03-06T23:40:28.017Z] GET /api/entries/297?periodo=2026
[2026-03-06T23:40:28.017Z] GET /api/entries/298?periodo=2026
[2026-03-06T23:40:28.018Z] GET /api/entries/302?periodo=2026
[2026-03-06T23:40:28.018Z] GET /api/entries/303?periodo=2026
[2026-03-06T23:40:28.018Z] GET /api/entries/304?periodo=2026
[2026-03-06T23:40:28.019Z] GET /api/entries/305?periodo=2026
[2026-03-06T23:40:28.020Z] GET /api/entries/306?periodo=2026
[2026-03-06T23:40:28.021Z] GET /api/entries/307?periodo=2026
[2026-03-06T23:40:28.021Z] GET /api/entries/371?periodo=2026
[2026-03-06T23:40:28.021Z] GET /api/entries/374?periodo=2026
[2026-03-06T23:40:28.022Z] GET /api/entries/372?periodo=2026
[2026-03-06T23:40:28.022Z] GET /api/entries/373?periodo=2026
[2026-03-06T23:40:28.023Z] GET /api/entries/376?periodo=2026
[2026-03-06T23:40:28.023Z] GET /api/entries/375?periodo=2026
[2026-03-06T23:40:28.023Z] GET /api/entries/377?periodo=2026
[2026-03-06T23:40:28.024Z] GET /api/entries/379?periodo=2026
[2026-03-06T23:40:28.024Z] GET /api/entries/380?periodo=2026
[2026-03-06T23:40:28.024Z] GET /api/entries/381?periodo=2026
[2026-03-06T23:40:28.025Z] GET /api/entries/382?periodo=2026
[2026-03-06T23:40:28.025Z] GET /api/entries/378?periodo=2026
[2026-03-06T23:40:28.026Z] GET /api/entries/384?periodo=2026
[2026-03-06T23:40:28.026Z] GET /api/entries/385?periodo=2026
[2026-03-06T23:40:28.026Z] GET /api/entries/383?periodo=2026
[2026-03-06T23:40:28.027Z] GET /api/entries/388?periodo=2026
[2026-03-06T23:40:28.028Z] GET /api/entries/387?periodo=2026
[2026-03-06T23:40:28.028Z] GET /api/entries/386?periodo=2026
[2026-03-06T23:40:28.028Z] GET /api/entries/389?periodo=2026
[2026-03-06T23:40:28.029Z] GET /api/entries/393?periodo=2026
[2026-03-06T23:40:28.029Z] GET /api/entries/396?periodo=2026
[2026-03-06T23:40:28.029Z] GET /api/entries/394?periodo=2026
[2026-03-06T23:40:28.031Z] GET /api/entries/390?periodo=2026
[2026-03-06T23:40:28.031Z] GET /api/entries/391?periodo=2026
[2026-03-06T23:40:28.031Z] GET /api/entries/392?periodo=2026
[2026-03-06T23:40:28.032Z] GET /api/entries/395?periodo=2026
[2026-03-06T23:40:28.032Z] GET /api/entries/398?periodo=2026
[2026-03-06T23:40:28.032Z] GET /api/entries/399?periodo=2026
[2026-03-06T23:40:28.033Z] GET /api/entries/397?periodo=2026
[2026-03-06T23:40:28.034Z] GET /api/entries/402?periodo=2026
[2026-03-06T23:40:28.034Z] GET /api/entries/400?periodo=2026
[2026-03-06T23:40:28.035Z] GET /api/entries/403?periodo=2026
[2026-03-06T23:40:28.035Z] GET /api/entries/404?periodo=2026
[2026-03-06T23:40:28.035Z] GET /api/entries/406?periodo=2026
[2026-03-06T23:40:28.037Z] GET /api/entries/401?periodo=2026
[2026-03-06T23:40:28.037Z] GET /api/entries/407?periodo=2026
[2026-03-06T23:40:28.038Z] GET /api/entries/405?periodo=2026
[2026-03-06T23:40:28.038Z] GET /api/entries/408?periodo=2026
[2026-03-06T23:40:28.038Z] GET /api/entries/412?periodo=2026
[2026-03-06T23:40:28.039Z] GET /api/entries/410?periodo=2026
[2026-03-06T23:40:28.040Z] GET /api/entries/409?periodo=2026
[2026-03-06T23:40:28.040Z] GET /api/entries/411?periodo=2026
[2026-03-06T23:40:28.040Z] GET /api/entries/413?periodo=2026
[2026-03-06T23:40:28.041Z] GET /api/entries/414?periodo=2026
[2026-03-06T23:40:28.041Z] GET /api/entries/415?periodo=2026
[2026-03-06T23:40:28.041Z] GET /api/entries/417?periodo=2026
[2026-03-06T23:40:28.042Z] GET /api/entries/416?periodo=2026
[2026-03-06T23:40:32.160Z] OPTIONS /api/tracking/all
[2026-03-06T23:40:32.161Z] GET /api/tracking/all
[2026-03-06T23:40:32.176Z] GET /api/tracking/all
[2026-03-06T23:40:33.877Z] OPTIONS /api/narratives/inbox?periodo=2026
[2026-03-06T23:40:33.877Z] GET /api/narratives/inbox?periodo=2026
[2026-03-06T23:40:33.881Z] GET /api/narratives/inbox?periodo=2026
[2026-03-06T23:40:37.478Z] OPTIONS /api/tracking/narrativa/2473
[2026-03-06T23:40:37.479Z] GET /api/tracking/narrativa/2473
[2026-03-06T23:40:37.484Z] GET /api/tracking/narrativa/2473
[2026-03-06T23:40:44.480Z] OPTIONS /api/catalogs/dependencies?axis=I&periodo=2026&withProgress=true
[2026-03-06T23:40:44.480Z] GET /api/catalogs/dependencies?axis=I&periodo=2026&withProgress=true
[DEBUG] Filtrando por Eje: "I"
[DEBUG] Antes: 86, Después: 14
[2026-03-06T23:40:44.487Z] GET /api/catalogs/dependencies?axis=I&periodo=2026&withProgress=true
[DEBUG] Filtrando por Eje: "I"
[DEBUG] Antes: 86, Después: 14
[2026-03-06T23:40:51.021Z] OPTIONS /api/catalogs/dependencies?axis=II&periodo=2026&withProgress=true
[2026-03-06T23:40:51.021Z] GET /api/catalogs/dependencies?axis=II&periodo=2026&withProgress=true
[DEBUG] Filtrando por Eje: "II"
[DEBUG] Antes: 86, Después: 4
[2026-03-06T23:40:51.030Z] GET /api/catalogs/dependencies?axis=II&periodo=2026&withProgress=true
[DEBUG] Filtrando por Eje: "II"
[DEBUG] Antes: 86, Después: 4
[2026-03-06T23:40:57.010Z] OPTIONS /api/catalogs/dependencies?axis=III&periodo=2026&withProgress=true
[2026-03-06T23:40:57.011Z] GET /api/catalogs/dependencies?axis=III&periodo=2026&withProgress=true
[DEBUG] Filtrando por Eje: "III"
[DEBUG] Antes: 86, Después: 11
[2026-03-06T23:40:57.021Z] GET /api/catalogs/dependencies?axis=III&periodo=2026&withProgress=true
[DEBUG] Filtrando por Eje: "III"
[DEBUG] Antes: 86, Después: 11
[2026-03-06T23:41:05.089Z] OPTIONS /api/users
[2026-03-06T23:41:05.090Z] GET /api/users
[2026-03-06T23:41:05.091Z] OPTIONS /api/catalogs/dependencies?periodo=2026
[2026-03-06T23:41:05.091Z] GET /api/catalogs/dependencies?periodo=2026
[2026-03-06T23:41:05.096Z] GET /api/catalogs/dependencies?periodo=2026
[2026-03-06T23:41:05.109Z] GET /api/users
[2026-03-06T23:41:14.921Z] OPTIONS /api/dependencies
[2026-03-06T23:41:14.921Z] GET /api/dependencies
[2026-03-06T23:41:14.922Z] GET /api/dependencies - User: undefined Roles: [ 'SuperAdministrador' ]
[2026-03-06T23:41:14.928Z] Found 86 dependencies
[2026-03-06T23:41:14.929Z] GET /api/dependencies
[2026-03-06T23:41:14.930Z] GET /api/dependencies - User: undefined Roles: [ 'SuperAdministrador' ]
[2026-03-06T23:41:14.932Z] Found 86 dependencies
[2026-03-06T23:41:30.576Z] OPTIONS /api/periods
[2026-03-06T23:41:30.577Z] GET /api/periods
[2026-03-06T23:41:30.579Z] GET /api/periods
[2026-03-06T23:41:39.283Z] OPTIONS /api/logs?periodo=2026
[2026-03-06T23:41:39.284Z] GET /api/logs?periodo=2026
[2026-03-06T23:41:39.634Z] GET /api/logs?periodo=2026
[2026-03-06T23:41:44.531Z] OPTIONS /api/config
[2026-03-06T23:41:44.531Z] GET /api/config
[2026-03-06T23:41:44.533Z] GET /api/config
[2026-03-06T23:41:54.779Z] OPTIONS /api/catalogs/narrative-titles?periodo=2026
[2026-03-06T23:41:54.780Z] GET /api/catalogs/narrative-titles?periodo=2026
[2026-03-06T23:41:54.793Z] GET /api/catalogs/narrative-titles?periodo=2026
[2026-03-06T23:42:13.026Z] OPTIONS /api/catalogs/narrative-titles?periodo=2026
[2026-03-06T23:42:13.027Z] OPTIONS /api/catalogs/narrative-themes?periodo=2026
[2026-03-06T23:42:13.027Z] GET /api/catalogs/narrative-titles?periodo=2026
[2026-03-06T23:42:13.028Z] GET /api/catalogs/narrative-themes?periodo=2026
[2026-03-06T23:42:23.640Z] OPTIONS /api/catalogs/narrative-themes?periodo=2026
[2026-03-06T23:42:23.641Z] OPTIONS /api/catalogs/narrative-subthemes?periodo=2026
[2026-03-06T23:42:23.641Z] GET /api/catalogs/narrative-themes?periodo=2026
[2026-03-06T23:42:23.641Z] GET /api/catalogs/narrative-subthemes?periodo=2026
[2026-03-06T23:42:29.864Z] OPTIONS /api/catalogs/financing-sources?periodo=2026
[2026-03-06T23:42:29.865Z] GET /api/catalogs/financing-sources?periodo=2026
[2026-03-06T23:42:38.735Z] OPTIONS /api/catalogs/ods?periodo=2026
[2026-03-06T23:42:38.735Z] GET /api/catalogs/ods?periodo=2026
[2026-03-06T23:42:48.052Z] OPTIONS /api/catalogs/missions?periodo=2026
[2026-03-06T23:42:48.053Z] GET /api/catalogs/missions?periodo=2026
[2026-03-06T23:42:54.514Z] OPTIONS /api/catalogs/dependencies?periodo=2026
[2026-03-06T23:42:54.515Z] GET /api/catalogs/dependencies?periodo=2026
[2026-03-06T23:43:07.856Z] OPTIONS /api/catalogs/missions?periodo=2026
[2026-03-06T23:43:07.857Z] GET /api/catalogs/missions?periodo=2026
[2026-03-06T23:43:10.749Z] OPTIONS /api/catalogs/dependencies?periodo=2026
[2026-03-06T23:43:10.750Z] GET /api/catalogs/dependencies?periodo=2026
[2026-03-06T23:43:19.670Z] OPTIONS /api/catalogs/missions?periodo=2026
[2026-03-06T23:43:19.670Z] GET /api/catalogs/missions?periodo=2026
[2026-03-06T23:43:26.473Z] OPTIONS /api/catalogs/dependencies?periodo=2026
[2026-03-06T23:43:26.474Z] GET /api/catalogs/dependencies?periodo=2026
[2026-03-06T23:43:27.626Z] OPTIONS /api/catalogs/beneficiary-types?periodo=2026
[2026-03-06T23:43:27.627Z] GET /api/catalogs/beneficiary-types?periodo=2026
[2026-03-06T23:43:40.745Z] OPTIONS /api/catalogs/budget-programs?periodo=2026
[2026-03-06T23:43:40.745Z] GET /api/catalogs/budget-programs?periodo=2026
[2026-03-06T23:43:51.523Z] OPTIONS /api/admin/entities?periodo=2026
[2026-03-06T23:43:51.525Z] GET /api/admin/entities?periodo=2026
[2026-03-06T23:43:51.615Z] GET /api/admin/entities?periodo=2026
[2026-03-06T23:44:09.841Z] OPTIONS /api/catalogs/narrative-titles?periodo=2026
[2026-03-06T23:44:09.842Z] GET /api/catalogs/narrative-titles?periodo=2026
[2026-03-06T23:44:09.852Z] GET /api/catalogs/narrative-titles?periodo=2026
[2026-03-06T23:44:19.633Z] OPTIONS /api/auth/login
[2026-03-06T23:44:19.634Z] POST /api/auth/login
Login Successful: saluddemo@seplan.gob.mx | Roles: Capturista | Mission: 3
[2026-03-06T23:44:19.754Z] OPTIONS /api/tracking/observations/count?periodo=2026
[2026-03-06T23:44:19.754Z] GET /api/tracking/observations/count?periodo=2026
[2026-03-06T23:44:19.755Z] OPTIONS /api/dashboard/stats?periodo=2026
[2026-03-06T23:44:19.755Z] OPTIONS /api/dashboard/stats?periodo=2026
[2026-03-06T23:44:19.756Z] GET /api/tracking/observations/count?periodo=2026
[2026-03-06T23:44:19.756Z] OPTIONS /api/activities?periodo=2026
[2026-03-06T23:44:19.756Z] GET /api/dashboard/stats?periodo=2026
[2026-03-06T23:44:19.757Z] GET /api/dashboard/stats?periodo=2026
[2026-03-06T23:44:19.757Z] GET /api/activities?periodo=2026
[2026-03-06T23:44:19.761Z] GET /api/activities?periodo=2026
[2026-03-06T23:44:21.729Z] OPTIONS /api/catalogs/narrative-titles?periodo=2026
[2026-03-06T23:44:21.730Z] OPTIONS /api/catalogs/ods?periodo=2026
[2026-03-06T23:44:21.730Z] GET /api/catalogs/narrative-titles?periodo=2026
[2026-03-06T23:44:21.731Z] OPTIONS /api/catalogs/ped/missions?periodo=2026
[2026-03-06T23:44:21.731Z] GET /api/catalogs/ods?periodo=2026
[2026-03-06T23:44:21.731Z] OPTIONS /api/catalogs/ped/objectives
[2026-03-06T23:44:21.732Z] OPTIONS /api/catalogs/ped/strategies
[2026-03-06T23:44:21.732Z] OPTIONS /api/catalogs/ped/action-lines
[2026-03-06T23:44:21.732Z] GET /api/catalogs/ped/objectives
[2026-03-06T23:44:21.733Z] GET /api/catalogs/ped/missions?periodo=2026
[2026-03-06T23:44:21.733Z] OPTIONS /api/catalogs/budget-programs?periodo=2026
[2026-03-06T23:44:21.734Z] OPTIONS /api/catalogs/ppas-types
[2026-03-06T23:44:21.734Z] GET /api/catalogs/ped/strategies
[2026-03-06T23:44:21.735Z] GET /api/catalogs/ped/action-lines
[2026-03-06T23:44:21.737Z] GET /api/catalogs/budget-programs?periodo=2026
[2026-03-06T23:44:21.737Z] GET /api/catalogs/ppas-types
[2026-03-06T23:44:21.741Z] GET /api/catalogs/narrative-titles?periodo=2026
[2026-03-06T23:44:21.741Z] GET /api/catalogs/ods?periodo=2026
[2026-03-06T23:44:21.742Z] GET /api/catalogs/ped/missions?periodo=2026
[2026-03-06T23:44:21.745Z] GET /api/catalogs/ped/objectives
[2026-03-06T23:44:21.745Z] GET /api/catalogs/ppas-types
[2026-03-06T23:44:21.747Z] GET /api/catalogs/ped/strategies
[2026-03-06T23:44:21.748Z] OPTIONS /api/catalogs/default-classification
[2026-03-06T23:44:21.748Z] GET /api/catalogs/ped/action-lines
[2026-03-06T23:44:21.749Z] GET /api/catalogs/budget-programs?periodo=2026
[2026-03-06T23:44:21.749Z] GET /api/catalogs/default-classification
[default-classification] JWT user.id=156 type=string
[default-classification] depRaw=[{"name":"Secretaría de Salud"}]
Default classification for "Secretaría de Salud": titulo="SISTEMA DE SALUD PARA EL BIENESTAR"(14), tema="PROMOCIÓN, PREVENCIÓN Y ATENCIÓN TEMPRANA"(26), subtema="Cuidado de la salud mental y prevención de las adicciones"(14) | allowed: 1 titulos
[2026-03-06T23:44:21.758Z] GET /api/catalogs/default-classification
[default-classification] JWT user.id=156 type=string
[2026-03-06T23:44:21.759Z] OPTIONS /api/catalogs/narrative-themes?periodo=2026&title_id=14
[default-classification] depRaw=[{"name":"Secretaría de Salud"}]
[2026-03-06T23:44:21.761Z] GET /api/catalogs/narrative-themes?periodo=2026&title_id=14
Default classification for "Secretaría de Salud": titulo="SISTEMA DE SALUD PARA EL BIENESTAR"(14), tema="PROMOCIÓN, PREVENCIÓN Y ATENCIÓN TEMPRANA"(26), subtema="Cuidado de la salud mental y prevención de las adicciones"(14) | allowed: 1 titulos
[2026-03-06T23:44:21.764Z] OPTIONS /api/catalogs/narrative-subthemes?periodo=2026&theme_id=26
[2026-03-06T23:44:21.764Z] GET /api/catalogs/narrative-subthemes?periodo=2026&theme_id=26
[2026-03-06T23:44:21.765Z] GET /api/catalogs/narrative-themes?periodo=2026&title_id=14
[2026-03-06T23:44:21.781Z] GET /api/catalogs/narrative-subthemes?periodo=2026&theme_id=26
[2026-03-06T23:44:29.306Z] OPTIONS /api/entities?periodo=2026
[2026-03-06T23:44:29.306Z] GET /api/entities?periodo=2026
[2026-03-06T23:44:29.348Z] GET /api/entities?periodo=2026
[2026-03-06T23:44:29.358Z] OPTIONS /api/entries/2?periodo=2026
[2026-03-06T23:44:29.361Z] OPTIONS /api/entries/3?periodo=2026
[2026-03-06T23:44:29.364Z] OPTIONS /api/entries/4?periodo=2026
[2026-03-06T23:44:29.364Z] OPTIONS /api/entries/5?periodo=2026
[2026-03-06T23:44:29.366Z] OPTIONS /api/entries/6?periodo=2026
[2026-03-06T23:44:29.367Z] GET /api/entries/2?periodo=2026
[2026-03-06T23:44:29.372Z] GET /api/entries/3?periodo=2026
[2026-03-06T23:44:29.375Z] OPTIONS /api/entries/7?periodo=2026
[2026-03-06T23:44:29.376Z] OPTIONS /api/entries/8?periodo=2026
[2026-03-06T23:44:29.378Z] OPTIONS /api/entries/10?periodo=2026
[2026-03-06T23:44:29.378Z] OPTIONS /api/entries/9?periodo=2026
[2026-03-06T23:44:29.379Z] GET /api/entries/4?periodo=2026
[2026-03-06T23:44:29.380Z] GET /api/entries/5?periodo=2026
[2026-03-06T23:44:29.380Z] OPTIONS /api/entries/11?periodo=2026
[2026-03-06T23:44:29.381Z] OPTIONS /api/entries/12?periodo=2026
[2026-03-06T23:44:29.382Z] GET /api/entries/6?periodo=2026
[2026-03-06T23:44:29.383Z] OPTIONS /api/entries/13?periodo=2026
[2026-03-06T23:44:29.399Z] OPTIONS /api/entries/14?periodo=2026
[2026-03-06T23:44:29.399Z] OPTIONS /api/entries/15?periodo=2026
[2026-03-06T23:44:29.399Z] OPTIONS /api/entries/16?periodo=2026
[2026-03-06T23:44:29.399Z] OPTIONS /api/entries/18?periodo=2026
[2026-03-06T23:44:29.399Z] OPTIONS /api/entries/19?periodo=2026
[2026-03-06T23:44:29.399Z] OPTIONS /api/entries/21?periodo=2026
[2026-03-06T23:44:29.399Z] OPTIONS /api/entries/17?periodo=2026
[2026-03-06T23:44:29.399Z] OPTIONS /api/entries/24?periodo=2026
[2026-03-06T23:44:29.400Z] GET /api/entries/7?periodo=2026
[2026-03-06T23:44:29.401Z] OPTIONS /api/entries/22?periodo=2026
[2026-03-06T23:44:29.401Z] OPTIONS /api/entries/23?periodo=2026
[2026-03-06T23:44:29.402Z] OPTIONS /api/entries/26?periodo=2026
[2026-03-06T23:44:29.402Z] GET /api/entries/8?periodo=2026
[2026-03-06T23:44:29.402Z] OPTIONS /api/entries/25?periodo=2026
[2026-03-06T23:44:29.402Z] OPTIONS /api/entries/28?periodo=2026
[2026-03-06T23:44:29.402Z] GET /api/entries/10?periodo=2026
[2026-03-06T23:44:29.403Z] GET /api/entries/9?periodo=2026
[2026-03-06T23:44:29.403Z] OPTIONS /api/entries/29?periodo=2026
[2026-03-06T23:44:29.405Z] GET /api/entries/11?periodo=2026
[2026-03-06T23:44:29.408Z] GET /api/entries/12?periodo=2026
[2026-03-06T23:44:29.409Z] OPTIONS /api/entries/30?periodo=2026
[2026-03-06T23:44:29.409Z] OPTIONS /api/entries/31?periodo=2026
[2026-03-06T23:44:29.410Z] OPTIONS /api/entries/32?periodo=2026
[2026-03-06T23:44:29.410Z] OPTIONS /api/entries/33?periodo=2026
[2026-03-06T23:44:29.411Z] OPTIONS /api/entries/34?periodo=2026
[2026-03-06T23:44:29.412Z] GET /api/entries/13?periodo=2026
[2026-03-06T23:44:29.413Z] OPTIONS /api/entries/35?periodo=2026
[2026-03-06T23:44:29.418Z] OPTIONS /api/entries/36?periodo=2026
[2026-03-06T23:44:29.418Z] OPTIONS /api/entries/37?periodo=2026
[2026-03-06T23:44:29.420Z] OPTIONS /api/entries/39?periodo=2026
[2026-03-06T23:44:29.423Z] OPTIONS /api/entries/40?periodo=2026
[2026-03-06T23:44:29.424Z] OPTIONS /api/entries/41?periodo=2026
[2026-03-06T23:44:29.424Z] OPTIONS /api/entries/42?periodo=2026
[2026-03-06T23:44:29.425Z] OPTIONS /api/entries/43?periodo=2026
[2026-03-06T23:44:29.426Z] OPTIONS /api/entries/45?periodo=2026
[2026-03-06T23:44:29.427Z] OPTIONS /api/entries/46?periodo=2026
[2026-03-06T23:44:29.427Z] OPTIONS /api/entries/47?periodo=2026
[2026-03-06T23:44:29.428Z] OPTIONS /api/entries/48?periodo=2026
[2026-03-06T23:44:29.428Z] OPTIONS /api/entries/49?periodo=2026
[2026-03-06T23:44:29.429Z] OPTIONS /api/entries/50?periodo=2026
[2026-03-06T23:44:29.431Z] OPTIONS /api/entries/51?periodo=2026
[2026-03-06T23:44:29.432Z] OPTIONS /api/entries/52?periodo=2026
[2026-03-06T23:44:29.433Z] OPTIONS /api/entries/53?periodo=2026
[2026-03-06T23:44:29.434Z] OPTIONS /api/entries/54?periodo=2026
[2026-03-06T23:44:29.434Z] OPTIONS /api/entries/56?periodo=2026
[2026-03-06T23:44:29.435Z] GET /api/entries/14?periodo=2026
[2026-03-06T23:44:29.435Z] OPTIONS /api/entries/57?periodo=2026
[2026-03-06T23:44:29.435Z] GET /api/entries/15?periodo=2026
[2026-03-06T23:44:29.436Z] GET /api/entries/16?periodo=2026
[2026-03-06T23:44:29.436Z] GET /api/entries/21?periodo=2026
[2026-03-06T23:44:29.437Z] GET /api/entries/18?periodo=2026
[2026-03-06T23:44:29.437Z] GET /api/entries/19?periodo=2026
[2026-03-06T23:44:29.438Z] OPTIONS /api/entries/58?periodo=2026
[2026-03-06T23:44:29.438Z] GET /api/entries/17?periodo=2026
[2026-03-06T23:44:29.439Z] GET /api/entries/24?periodo=2026
[2026-03-06T23:44:29.440Z] OPTIONS /api/entries/59?periodo=2026
[2026-03-06T23:44:29.440Z] GET /api/entries/22?periodo=2026
[2026-03-06T23:44:29.440Z] OPTIONS /api/entries/60?periodo=2026
[2026-03-06T23:44:29.440Z] GET /api/entries/26?periodo=2026
[2026-03-06T23:44:29.441Z] GET /api/entries/23?periodo=2026
[2026-03-06T23:44:29.442Z] GET /api/entries/25?periodo=2026
[2026-03-06T23:44:29.442Z] GET /api/entries/28?periodo=2026
[2026-03-06T23:44:29.443Z] OPTIONS /api/entries/61?periodo=2026
[2026-03-06T23:44:29.443Z] GET /api/entries/29?periodo=2026
[2026-03-06T23:44:29.445Z] OPTIONS /api/entries/62?periodo=2026
[2026-03-06T23:44:29.447Z] OPTIONS /api/entries/63?periodo=2026
[2026-03-06T23:44:29.448Z] OPTIONS /api/entries/65?periodo=2026
[2026-03-06T23:44:29.448Z] GET /api/entries/30?periodo=2026
[2026-03-06T23:44:29.449Z] GET /api/entries/31?periodo=2026
[2026-03-06T23:44:29.450Z] GET /api/entries/32?periodo=2026
[2026-03-06T23:44:29.450Z] GET /api/entries/33?periodo=2026
[2026-03-06T23:44:29.452Z] OPTIONS /api/entries/66?periodo=2026
[2026-03-06T23:44:29.453Z] OPTIONS /api/entries/67?periodo=2026
[2026-03-06T23:44:29.453Z] GET /api/entries/34?periodo=2026
[2026-03-06T23:44:29.454Z] GET /api/entries/35?periodo=2026
[2026-03-06T23:44:29.458Z] GET /api/entries/36?periodo=2026
[2026-03-06T23:44:29.458Z] GET /api/entries/37?periodo=2026
[2026-03-06T23:44:29.459Z] OPTIONS /api/entries/69?periodo=2026
[2026-03-06T23:44:29.460Z] OPTIONS /api/entries/70?periodo=2026
[2026-03-06T23:44:29.460Z] OPTIONS /api/entries/71?periodo=2026
[2026-03-06T23:44:29.461Z] OPTIONS /api/entries/72?periodo=2026
[2026-03-06T23:44:29.461Z] GET /api/entries/39?periodo=2026
[2026-03-06T23:44:29.462Z] OPTIONS /api/entries/73?periodo=2026
[2026-03-06T23:44:29.463Z] OPTIONS /api/entries/74?periodo=2026
[2026-03-06T23:44:29.463Z] OPTIONS /api/entries/75?periodo=2026
[2026-03-06T23:44:29.464Z] GET /api/entries/40?periodo=2026
[2026-03-06T23:44:29.465Z] GET /api/entries/41?periodo=2026
[2026-03-06T23:44:29.465Z] OPTIONS /api/entries/76?periodo=2026
[2026-03-06T23:44:29.465Z] OPTIONS /api/entries/77?periodo=2026
[2026-03-06T23:44:29.465Z] GET /api/entries/42?periodo=2026
[2026-03-06T23:44:29.466Z] GET /api/entries/43?periodo=2026
[2026-03-06T23:44:29.467Z] OPTIONS /api/entries/78?periodo=2026
[2026-03-06T23:44:29.467Z] GET /api/entries/45?periodo=2026
[2026-03-06T23:44:29.468Z] GET /api/entries/46?periodo=2026
[2026-03-06T23:44:29.469Z] GET /api/entries/47?periodo=2026
[2026-03-06T23:44:29.469Z] OPTIONS /api/entries/79?periodo=2026
[2026-03-06T23:44:29.469Z] OPTIONS /api/entries/81?periodo=2026
[2026-03-06T23:44:29.469Z] OPTIONS /api/entries/82?periodo=2026
[2026-03-06T23:44:29.469Z] OPTIONS /api/entries/83?periodo=2026
[2026-03-06T23:44:29.470Z] GET /api/entries/49?periodo=2026
[2026-03-06T23:44:29.470Z] GET /api/entries/48?periodo=2026
[2026-03-06T23:44:29.470Z] OPTIONS /api/entries/85?periodo=2026
[2026-03-06T23:44:29.470Z] OPTIONS /api/entries/84?periodo=2026
[2026-03-06T23:44:29.470Z] GET /api/entries/50?periodo=2026
[2026-03-06T23:44:29.471Z] OPTIONS /api/entries/86?periodo=2026
[2026-03-06T23:44:29.471Z] OPTIONS /api/entries/87?periodo=2026
[2026-03-06T23:44:29.471Z] OPTIONS /api/entries/89?periodo=2026
[2026-03-06T23:44:29.471Z] OPTIONS /api/entries/91?periodo=2026
[2026-03-06T23:44:29.471Z] OPTIONS /api/entries/92?periodo=2026
[2026-03-06T23:44:29.471Z] OPTIONS /api/entries/93?periodo=2026
[2026-03-06T23:44:29.472Z] OPTIONS /api/entries/95?periodo=2026
[2026-03-06T23:44:29.472Z] OPTIONS /api/entries/96?periodo=2026
[2026-03-06T23:44:29.472Z] OPTIONS /api/entries/97?periodo=2026
[2026-03-06T23:44:29.472Z] GET /api/entries/51?periodo=2026
[2026-03-06T23:44:29.472Z] OPTIONS /api/entries/100?periodo=2026
[2026-03-06T23:44:29.472Z] OPTIONS /api/entries/101?periodo=2026
[2026-03-06T23:44:29.472Z] OPTIONS /api/entries/98?periodo=2026
[2026-03-06T23:44:29.473Z] OPTIONS /api/entries/99?periodo=2026
[2026-03-06T23:44:29.473Z] OPTIONS /api/entries/103?periodo=2026
[2026-03-06T23:44:29.473Z] OPTIONS /api/entries/104?periodo=2026
[2026-03-06T23:44:29.473Z] OPTIONS /api/entries/102?periodo=2026
[2026-03-06T23:44:29.473Z] OPTIONS /api/entries/107?periodo=2026
[2026-03-06T23:44:29.473Z] GET /api/entries/52?periodo=2026
[2026-03-06T23:44:29.474Z] GET /api/entries/53?periodo=2026
[2026-03-06T23:44:29.474Z] GET /api/entries/54?periodo=2026
[2026-03-06T23:44:29.474Z] GET /api/entries/56?periodo=2026
[2026-03-06T23:44:29.475Z] GET /api/entries/57?periodo=2026
[2026-03-06T23:44:29.475Z] OPTIONS /api/entries/108?periodo=2026
[2026-03-06T23:44:29.475Z] OPTIONS /api/entries/110?periodo=2026
[2026-03-06T23:44:29.475Z] OPTIONS /api/entries/111?periodo=2026
[2026-03-06T23:44:29.475Z] OPTIONS /api/entries/112?periodo=2026
[2026-03-06T23:44:29.475Z] OPTIONS /api/entries/113?periodo=2026
[2026-03-06T23:44:29.475Z] OPTIONS /api/entries/114?periodo=2026
[2026-03-06T23:44:29.475Z] OPTIONS /api/entries/115?periodo=2026
[2026-03-06T23:44:29.476Z] OPTIONS /api/entries/116?periodo=2026
[2026-03-06T23:44:29.476Z] OPTIONS /api/entries/117?periodo=2026
[2026-03-06T23:44:29.476Z] OPTIONS /api/entries/118?periodo=2026
[2026-03-06T23:44:29.476Z] OPTIONS /api/entries/119?periodo=2026
[2026-03-06T23:44:29.477Z] OPTIONS /api/entries/120?periodo=2026
[2026-03-06T23:44:29.477Z] GET /api/entries/58?periodo=2026
[2026-03-06T23:44:29.478Z] GET /api/entries/59?periodo=2026
[2026-03-06T23:44:29.479Z] OPTIONS /api/entries/121?periodo=2026
[2026-03-06T23:44:29.479Z] GET /api/entries/60?periodo=2026
[2026-03-06T23:44:29.480Z] OPTIONS /api/entries/122?periodo=2026
[2026-03-06T23:44:29.480Z] OPTIONS /api/entries/123?periodo=2026
[2026-03-06T23:44:29.480Z] OPTIONS /api/entries/124?periodo=2026
[2026-03-06T23:44:29.480Z] OPTIONS /api/entries/125?periodo=2026
[2026-03-06T23:44:29.481Z] GET /api/entries/61?periodo=2026
[2026-03-06T23:44:29.482Z] OPTIONS /api/entries/126?periodo=2026
[2026-03-06T23:44:29.482Z] OPTIONS /api/entries/127?periodo=2026
[2026-03-06T23:44:29.483Z] OPTIONS /api/entries/128?periodo=2026
[2026-03-06T23:44:29.484Z] OPTIONS /api/entries/129?periodo=2026
[2026-03-06T23:44:29.484Z] OPTIONS /api/entries/130?periodo=2026
[2026-03-06T23:44:29.484Z] GET /api/entries/62?periodo=2026
[2026-03-06T23:44:29.485Z] OPTIONS /api/entries/131?periodo=2026
[2026-03-06T23:44:29.485Z] OPTIONS /api/entries/132?periodo=2026
[2026-03-06T23:44:29.485Z] OPTIONS /api/entries/133?periodo=2026
[2026-03-06T23:44:29.485Z] OPTIONS /api/entries/134?periodo=2026
[2026-03-06T23:44:29.486Z] OPTIONS /api/entries/135?periodo=2026
[2026-03-06T23:44:29.486Z] GET /api/entries/63?periodo=2026
[2026-03-06T23:44:29.487Z] OPTIONS /api/entries/136?periodo=2026
[2026-03-06T23:44:29.487Z] OPTIONS /api/entries/137?periodo=2026
[2026-03-06T23:44:29.487Z] OPTIONS /api/entries/138?periodo=2026
[2026-03-06T23:44:29.487Z] GET /api/entries/65?periodo=2026
[2026-03-06T23:44:29.487Z] OPTIONS /api/entries/139?periodo=2026
[2026-03-06T23:44:29.488Z] OPTIONS /api/entries/140?periodo=2026
[2026-03-06T23:44:29.488Z] OPTIONS /api/entries/141?periodo=2026
[2026-03-06T23:44:29.489Z] OPTIONS /api/entries/142?periodo=2026
[2026-03-06T23:44:29.489Z] OPTIONS /api/entries/143?periodo=2026
[2026-03-06T23:44:29.489Z] OPTIONS /api/entries/144?periodo=2026
[2026-03-06T23:44:29.489Z] OPTIONS /api/entries/145?periodo=2026
[2026-03-06T23:44:29.490Z] OPTIONS /api/entries/146?periodo=2026
[2026-03-06T23:44:29.490Z] GET /api/entries/66?periodo=2026
[2026-03-06T23:44:29.490Z] GET /api/entries/67?periodo=2026
[2026-03-06T23:44:29.490Z] OPTIONS /api/entries/147?periodo=2026
[2026-03-06T23:44:29.490Z] OPTIONS /api/entries/149?periodo=2026
[2026-03-06T23:44:29.490Z] OPTIONS /api/entries/148?periodo=2026
[2026-03-06T23:44:29.491Z] OPTIONS /api/entries/151?periodo=2026
[2026-03-06T23:44:29.491Z] OPTIONS /api/entries/150?periodo=2026
[2026-03-06T23:44:29.491Z] OPTIONS /api/entries/152?periodo=2026
[2026-03-06T23:44:29.491Z] OPTIONS /api/entries/153?periodo=2026
[2026-03-06T23:44:29.492Z] OPTIONS /api/entries/154?periodo=2026
[2026-03-06T23:44:29.492Z] OPTIONS /api/entries/155?periodo=2026
[2026-03-06T23:44:29.492Z] OPTIONS /api/entries/156?periodo=2026
[2026-03-06T23:44:29.492Z] OPTIONS /api/entries/158?periodo=2026
[2026-03-06T23:44:29.493Z] OPTIONS /api/entries/159?periodo=2026
[2026-03-06T23:44:29.493Z] OPTIONS /api/entries/160?periodo=2026
[2026-03-06T23:44:29.494Z] OPTIONS /api/entries/161?periodo=2026
[2026-03-06T23:44:29.494Z] OPTIONS /api/entries/162?periodo=2026
[2026-03-06T23:44:29.494Z] OPTIONS /api/entries/163?periodo=2026
[2026-03-06T23:44:29.494Z] OPTIONS /api/entries/164?periodo=2026
[2026-03-06T23:44:29.494Z] OPTIONS /api/entries/169?periodo=2026
[2026-03-06T23:44:29.495Z] OPTIONS /api/entries/166?periodo=2026
[2026-03-06T23:44:29.495Z] OPTIONS /api/entries/167?periodo=2026
[2026-03-06T23:44:29.495Z] OPTIONS /api/entries/168?periodo=2026
[2026-03-06T23:44:29.495Z] OPTIONS /api/entries/170?periodo=2026
[2026-03-06T23:44:29.495Z] OPTIONS /api/entries/171?periodo=2026
[2026-03-06T23:44:29.495Z] OPTIONS /api/entries/172?periodo=2026
[2026-03-06T23:44:29.496Z] OPTIONS /api/entries/174?periodo=2026
[2026-03-06T23:44:29.496Z] OPTIONS /api/entries/173?periodo=2026
[2026-03-06T23:44:29.496Z] OPTIONS /api/entries/175?periodo=2026
[2026-03-06T23:44:29.496Z] OPTIONS /api/entries/176?periodo=2026
[2026-03-06T23:44:29.496Z] OPTIONS /api/entries/177?periodo=2026
[2026-03-06T23:44:29.496Z] GET /api/entries/69?periodo=2026
[2026-03-06T23:44:29.497Z] GET /api/entries/70?periodo=2026
[2026-03-06T23:44:29.497Z] OPTIONS /api/entries/178?periodo=2026
[2026-03-06T23:44:29.497Z] GET /api/entries/71?periodo=2026
[2026-03-06T23:44:29.498Z] GET /api/entries/72?periodo=2026
[2026-03-06T23:44:29.498Z] OPTIONS /api/entries/179?periodo=2026
[2026-03-06T23:44:29.498Z] OPTIONS /api/entries/180?periodo=2026
[2026-03-06T23:44:29.498Z] OPTIONS /api/entries/181?periodo=2026
[2026-03-06T23:44:29.498Z] OPTIONS /api/entries/182?periodo=2026
[2026-03-06T23:44:29.498Z] OPTIONS /api/entries/183?periodo=2026
[2026-03-06T23:44:29.498Z] OPTIONS /api/entries/184?periodo=2026
[2026-03-06T23:44:29.499Z] OPTIONS /api/entries/185?periodo=2026
[2026-03-06T23:44:29.499Z] OPTIONS /api/entries/186?periodo=2026
[2026-03-06T23:44:29.499Z] GET /api/entries/73?periodo=2026
[2026-03-06T23:44:29.499Z] OPTIONS /api/entries/187?periodo=2026
[2026-03-06T23:44:29.499Z] GET /api/entries/74?periodo=2026
[2026-03-06T23:44:29.500Z] GET /api/entries/75?periodo=2026
[2026-03-06T23:44:29.500Z] OPTIONS /api/entries/188?periodo=2026
[2026-03-06T23:44:29.501Z] OPTIONS /api/entries/189?periodo=2026
[2026-03-06T23:44:29.501Z] OPTIONS /api/entries/190?periodo=2026
[2026-03-06T23:44:29.501Z] OPTIONS /api/entries/191?periodo=2026
[2026-03-06T23:44:29.501Z] OPTIONS /api/entries/192?periodo=2026
[2026-03-06T23:44:29.501Z] GET /api/entries/76?periodo=2026
[2026-03-06T23:44:29.502Z] OPTIONS /api/entries/194?periodo=2026
[2026-03-06T23:44:29.502Z] OPTIONS /api/entries/193?periodo=2026
[2026-03-06T23:44:29.502Z] GET /api/entries/77?periodo=2026
[2026-03-06T23:44:29.502Z] OPTIONS /api/entries/195?periodo=2026
[2026-03-06T23:44:29.502Z] OPTIONS /api/entries/197?periodo=2026
[2026-03-06T23:44:29.502Z] OPTIONS /api/entries/196?periodo=2026
[2026-03-06T23:44:29.503Z] OPTIONS /api/entries/198?periodo=2026
[2026-03-06T23:44:29.503Z] OPTIONS /api/entries/200?periodo=2026
[2026-03-06T23:44:29.503Z] OPTIONS /api/entries/201?periodo=2026
[2026-03-06T23:44:29.503Z] OPTIONS /api/entries/199?periodo=2026
[2026-03-06T23:44:29.503Z] OPTIONS /api/entries/203?periodo=2026
[2026-03-06T23:44:29.503Z] GET /api/entries/78?periodo=2026
[2026-03-06T23:44:29.503Z] OPTIONS /api/entries/202?periodo=2026
[2026-03-06T23:44:29.503Z] OPTIONS /api/entries/204?periodo=2026
[2026-03-06T23:44:29.503Z] OPTIONS /api/entries/205?periodo=2026
[2026-03-06T23:44:29.504Z] OPTIONS /api/entries/206?periodo=2026
[2026-03-06T23:44:29.504Z] OPTIONS /api/entries/207?periodo=2026
[2026-03-06T23:44:29.504Z] OPTIONS /api/entries/208?periodo=2026
[2026-03-06T23:44:29.504Z] OPTIONS /api/entries/209?periodo=2026
[2026-03-06T23:44:29.504Z] OPTIONS /api/entries/210?periodo=2026
[2026-03-06T23:44:29.504Z] OPTIONS /api/entries/211?periodo=2026
[2026-03-06T23:44:29.504Z] OPTIONS /api/entries/212?periodo=2026
[2026-03-06T23:44:29.504Z] OPTIONS /api/entries/213?periodo=2026
[2026-03-06T23:44:29.504Z] OPTIONS /api/entries/214?periodo=2026
[2026-03-06T23:44:29.504Z] GET /api/entries/79?periodo=2026
[2026-03-06T23:44:29.504Z] GET /api/entries/81?periodo=2026
[2026-03-06T23:44:29.505Z] GET /api/entries/82?periodo=2026
[2026-03-06T23:44:29.505Z] GET /api/entries/83?periodo=2026
[2026-03-06T23:44:29.505Z] OPTIONS /api/entries/215?periodo=2026
[2026-03-06T23:44:29.505Z] OPTIONS /api/entries/216?periodo=2026
[2026-03-06T23:44:29.506Z] OPTIONS /api/entries/218?periodo=2026
[2026-03-06T23:44:29.506Z] OPTIONS /api/entries/217?periodo=2026
[2026-03-06T23:44:29.506Z] OPTIONS /api/entries/219?periodo=2026
[2026-03-06T23:44:29.506Z] OPTIONS /api/entries/220?periodo=2026
[2026-03-06T23:44:29.506Z] OPTIONS /api/entries/221?periodo=2026
[2026-03-06T23:44:29.506Z] OPTIONS /api/entries/222?periodo=2026
[2026-03-06T23:44:29.506Z] GET /api/entries/85?periodo=2026
[2026-03-06T23:44:29.507Z] GET /api/entries/84?periodo=2026
[2026-03-06T23:44:29.507Z] OPTIONS /api/entries/223?periodo=2026
[2026-03-06T23:44:29.507Z] OPTIONS /api/entries/224?periodo=2026
[2026-03-06T23:44:29.507Z] OPTIONS /api/entries/225?periodo=2026
[2026-03-06T23:44:29.507Z] GET /api/entries/86?periodo=2026
[2026-03-06T23:44:29.507Z] OPTIONS /api/entries/226?periodo=2026
[2026-03-06T23:44:29.508Z] GET /api/entries/87?periodo=2026
[2026-03-06T23:44:29.508Z] GET /api/entries/89?periodo=2026
[2026-03-06T23:44:29.508Z] GET /api/entries/91?periodo=2026
[2026-03-06T23:44:29.509Z] OPTIONS /api/entries/228?periodo=2026
[2026-03-06T23:44:29.509Z] GET /api/entries/92?periodo=2026
[2026-03-06T23:44:29.509Z] GET /api/entries/93?periodo=2026
[2026-03-06T23:44:29.509Z] OPTIONS /api/entries/229?periodo=2026
[2026-03-06T23:44:29.510Z] GET /api/entries/95?periodo=2026
[2026-03-06T23:44:29.511Z] OPTIONS /api/entries/230?periodo=2026
[2026-03-06T23:44:29.511Z] GET /api/entries/96?periodo=2026
[2026-03-06T23:44:29.512Z] OPTIONS /api/entries/233?periodo=2026
[2026-03-06T23:44:29.512Z] GET /api/entries/97?periodo=2026
[2026-03-06T23:44:29.512Z] OPTIONS /api/entries/234?periodo=2026
[2026-03-06T23:44:29.512Z] OPTIONS /api/entries/235?periodo=2026
[2026-03-06T23:44:29.512Z] OPTIONS /api/entries/238?periodo=2026
[2026-03-06T23:44:29.512Z] OPTIONS /api/entries/236?periodo=2026
[2026-03-06T23:44:29.512Z] OPTIONS /api/entries/237?periodo=2026
[2026-03-06T23:44:29.513Z] OPTIONS /api/entries/239?periodo=2026
[2026-03-06T23:44:29.513Z] GET /api/entries/101?periodo=2026
[2026-03-06T23:44:29.513Z] GET /api/entries/100?periodo=2026
[2026-03-06T23:44:29.513Z] GET /api/entries/98?periodo=2026
[2026-03-06T23:44:29.514Z] GET /api/entries/99?periodo=2026
[2026-03-06T23:44:29.514Z] OPTIONS /api/entries/240?periodo=2026
[2026-03-06T23:44:29.514Z] GET /api/entries/103?periodo=2026
[2026-03-06T23:44:29.515Z] GET /api/entries/104?periodo=2026
[2026-03-06T23:44:29.515Z] OPTIONS /api/entries/242?periodo=2026
[2026-03-06T23:44:29.515Z] GET /api/entries/102?periodo=2026
[2026-03-06T23:44:29.515Z] GET /api/entries/107?periodo=2026
[2026-03-06T23:44:29.516Z] OPTIONS /api/entries/243?periodo=2026
[2026-03-06T23:44:29.516Z] OPTIONS /api/entries/244?periodo=2026
[2026-03-06T23:44:29.516Z] OPTIONS /api/entries/245?periodo=2026
[2026-03-06T23:44:29.516Z] OPTIONS /api/entries/246?periodo=2026
[2026-03-06T23:44:29.516Z] OPTIONS /api/entries/247?periodo=2026
[2026-03-06T23:44:29.516Z] OPTIONS /api/entries/248?periodo=2026
[2026-03-06T23:44:29.516Z] OPTIONS /api/entries/249?periodo=2026
[2026-03-06T23:44:29.516Z] OPTIONS /api/entries/250?periodo=2026
[2026-03-06T23:44:29.516Z] OPTIONS /api/entries/251?periodo=2026
[2026-03-06T23:44:29.516Z] OPTIONS /api/entries/252?periodo=2026
[2026-03-06T23:44:29.516Z] OPTIONS /api/entries/253?periodo=2026
[2026-03-06T23:44:29.517Z] OPTIONS /api/entries/254?periodo=2026
[2026-03-06T23:44:29.517Z] OPTIONS /api/entries/255?periodo=2026
[2026-03-06T23:44:29.517Z] OPTIONS /api/entries/257?periodo=2026
[2026-03-06T23:44:29.517Z] OPTIONS /api/entries/258?periodo=2026
[2026-03-06T23:44:29.517Z] OPTIONS /api/entries/259?periodo=2026
[2026-03-06T23:44:29.517Z] OPTIONS /api/entries/260?periodo=2026
[2026-03-06T23:44:29.517Z] OPTIONS /api/entries/261?periodo=2026
[2026-03-06T23:44:29.517Z] GET /api/entries/108?periodo=2026
[2026-03-06T23:44:29.517Z] GET /api/entries/110?periodo=2026
[2026-03-06T23:44:29.518Z] GET /api/entries/114?periodo=2026
[2026-03-06T23:44:29.518Z] GET /api/entries/111?periodo=2026
[2026-03-06T23:44:29.518Z] GET /api/entries/112?periodo=2026
[2026-03-06T23:44:29.519Z] GET /api/entries/113?periodo=2026
[2026-03-06T23:44:29.520Z] OPTIONS /api/entries/262?periodo=2026
[2026-03-06T23:44:29.520Z] GET /api/entries/115?periodo=2026
[2026-03-06T23:44:29.520Z] GET /api/entries/116?periodo=2026
[2026-03-06T23:44:29.521Z] GET /api/entries/117?periodo=2026
[2026-03-06T23:44:29.521Z] OPTIONS /api/entries/263?periodo=2026
[2026-03-06T23:44:29.521Z] GET /api/entries/118?periodo=2026
[2026-03-06T23:44:29.521Z] GET /api/entries/119?periodo=2026
[2026-03-06T23:44:29.522Z] GET /api/entries/120?periodo=2026
[2026-03-06T23:44:29.522Z] OPTIONS /api/entries/264?periodo=2026
[2026-03-06T23:44:29.523Z] OPTIONS /api/entries/265?periodo=2026
[2026-03-06T23:44:29.523Z] OPTIONS /api/entries/266?periodo=2026
[2026-03-06T23:44:29.523Z] OPTIONS /api/entries/267?periodo=2026
[2026-03-06T23:44:29.523Z] OPTIONS /api/entries/268?periodo=2026
[2026-03-06T23:44:29.523Z] OPTIONS /api/entries/269?periodo=2026
[2026-03-06T23:44:29.523Z] OPTIONS /api/entries/270?periodo=2026
[2026-03-06T23:44:29.523Z] OPTIONS /api/entries/271?periodo=2026
[2026-03-06T23:44:29.523Z] OPTIONS /api/entries/272?periodo=2026
[2026-03-06T23:44:29.523Z] OPTIONS /api/entries/273?periodo=2026
[2026-03-06T23:44:29.524Z] OPTIONS /api/entries/274?periodo=2026
[2026-03-06T23:44:29.524Z] GET /api/entries/121?periodo=2026
[2026-03-06T23:44:29.524Z] OPTIONS /api/entries/275?periodo=2026
[2026-03-06T23:44:29.524Z] OPTIONS /api/entries/276?periodo=2026
[2026-03-06T23:44:29.524Z] OPTIONS /api/entries/277?periodo=2026
[2026-03-06T23:44:29.524Z] GET /api/entries/122?periodo=2026
[2026-03-06T23:44:29.525Z] OPTIONS /api/entries/278?periodo=2026
[2026-03-06T23:44:29.525Z] OPTIONS /api/entries/279?periodo=2026
[2026-03-06T23:44:29.525Z] GET /api/entries/124?periodo=2026
[2026-03-06T23:44:29.525Z] OPTIONS /api/entries/280?periodo=2026
[2026-03-06T23:44:29.525Z] GET /api/entries/123?periodo=2026
[2026-03-06T23:44:29.526Z] OPTIONS /api/entries/282?periodo=2026
[2026-03-06T23:44:29.526Z] OPTIONS /api/entries/281?periodo=2026
[2026-03-06T23:44:29.526Z] GET /api/entries/125?periodo=2026
[2026-03-06T23:44:29.526Z] OPTIONS /api/entries/283?periodo=2026
[2026-03-06T23:44:29.526Z] OPTIONS /api/entries/284?periodo=2026
[2026-03-06T23:44:29.526Z] OPTIONS /api/entries/285?periodo=2026
[2026-03-06T23:44:29.526Z] OPTIONS /api/entries/286?periodo=2026
[2026-03-06T23:44:29.526Z] OPTIONS /api/entries/288?periodo=2026
[2026-03-06T23:44:29.527Z] OPTIONS /api/entries/290?periodo=2026
[2026-03-06T23:44:29.527Z] OPTIONS /api/entries/289?periodo=2026
[2026-03-06T23:44:29.527Z] OPTIONS /api/entries/291?periodo=2026
[2026-03-06T23:44:29.528Z] OPTIONS /api/entries/292?periodo=2026
[2026-03-06T23:44:29.528Z] OPTIONS /api/entries/293?periodo=2026
[2026-03-06T23:44:29.528Z] OPTIONS /api/entries/294?periodo=2026
[2026-03-06T23:44:29.528Z] OPTIONS /api/entries/295?periodo=2026
[2026-03-06T23:44:29.528Z] GET /api/entries/127?periodo=2026
[2026-03-06T23:44:29.528Z] GET /api/entries/126?periodo=2026
[2026-03-06T23:44:29.528Z] GET /api/entries/128?periodo=2026
[2026-03-06T23:44:29.529Z] OPTIONS /api/entries/296?periodo=2026
[2026-03-06T23:44:29.529Z] OPTIONS /api/entries/297?periodo=2026
[2026-03-06T23:44:29.529Z] OPTIONS /api/entries/298?periodo=2026
[2026-03-06T23:44:29.529Z] GET /api/entries/129?periodo=2026
[2026-03-06T23:44:29.529Z] GET /api/entries/130?periodo=2026
[2026-03-06T23:44:29.530Z] OPTIONS /api/entries/299?periodo=2026
[2026-03-06T23:44:29.530Z] OPTIONS /api/entries/300?periodo=2026
[2026-03-06T23:44:29.530Z] OPTIONS /api/entries/301?periodo=2026
[2026-03-06T23:44:29.530Z] OPTIONS /api/entries/302?periodo=2026
[2026-03-06T23:44:29.530Z] OPTIONS /api/entries/303?periodo=2026
[2026-03-06T23:44:29.530Z] GET /api/entries/131?periodo=2026
[2026-03-06T23:44:29.532Z] GET /api/entries/132?periodo=2026
[2026-03-06T23:44:29.532Z] OPTIONS /api/entries/304?periodo=2026
[2026-03-06T23:44:29.532Z] GET /api/entries/133?periodo=2026
[2026-03-06T23:44:29.532Z] GET /api/entries/134?periodo=2026
[2026-03-06T23:44:29.533Z] OPTIONS /api/entries/305?periodo=2026
[2026-03-06T23:44:29.533Z] OPTIONS /api/entries/306?periodo=2026
[2026-03-06T23:44:29.533Z] OPTIONS /api/entries/307?periodo=2026
[2026-03-06T23:44:29.533Z] OPTIONS /api/entries/308?periodo=2026
[2026-03-06T23:44:29.533Z] OPTIONS /api/entries/309?periodo=2026
[2026-03-06T23:44:29.533Z] OPTIONS /api/entries/311?periodo=2026
[2026-03-06T23:44:29.533Z] OPTIONS /api/entries/312?periodo=2026
[2026-03-06T23:44:29.533Z] GET /api/entries/135?periodo=2026
[2026-03-06T23:44:29.534Z] OPTIONS /api/entries/314?periodo=2026
[2026-03-06T23:44:29.534Z] OPTIONS /api/entries/313?periodo=2026
[2026-03-06T23:44:29.534Z] OPTIONS /api/entries/315?periodo=2026
[2026-03-06T23:44:29.534Z] OPTIONS /api/entries/316?periodo=2026
[2026-03-06T23:44:29.534Z] OPTIONS /api/entries/317?periodo=2026
[2026-03-06T23:44:29.534Z] GET /api/entries/136?periodo=2026
[2026-03-06T23:44:29.535Z] GET /api/entries/137?periodo=2026
[2026-03-06T23:44:29.535Z] GET /api/entries/138?periodo=2026
[2026-03-06T23:44:29.535Z] OPTIONS /api/entries/322?periodo=2026
[2026-03-06T23:44:29.535Z] OPTIONS /api/entries/318?periodo=2026
[2026-03-06T23:44:29.535Z] OPTIONS /api/entries/324?periodo=2026
[2026-03-06T23:44:29.535Z] OPTIONS /api/entries/325?periodo=2026
[2026-03-06T23:44:29.536Z] GET /api/entries/139?periodo=2026
[2026-03-06T23:44:29.536Z] GET /api/entries/140?periodo=2026
[2026-03-06T23:44:29.537Z] GET /api/entries/141?periodo=2026
[2026-03-06T23:44:29.538Z] OPTIONS /api/entries/326?periodo=2026
[2026-03-06T23:44:29.538Z] OPTIONS /api/entries/327?periodo=2026
[2026-03-06T23:44:29.538Z] OPTIONS /api/entries/328?periodo=2026
[2026-03-06T23:44:29.538Z] OPTIONS /api/entries/329?periodo=2026
[2026-03-06T23:44:29.538Z] OPTIONS /api/entries/330?periodo=2026
[2026-03-06T23:44:29.538Z] OPTIONS /api/entries/333?periodo=2026
[2026-03-06T23:44:29.538Z] OPTIONS /api/entries/334?periodo=2026
[2026-03-06T23:44:29.538Z] OPTIONS /api/entries/331?periodo=2026
[2026-03-06T23:44:29.538Z] OPTIONS /api/entries/332?periodo=2026
[2026-03-06T23:44:29.538Z] GET /api/entries/143?periodo=2026
[2026-03-06T23:44:29.539Z] GET /api/entries/144?periodo=2026
[2026-03-06T23:44:29.540Z] GET /api/entries/142?periodo=2026
[2026-03-06T23:44:29.540Z] GET /api/entries/145?periodo=2026
[2026-03-06T23:44:29.541Z] GET /api/entries/146?periodo=2026
[2026-03-06T23:44:29.541Z] OPTIONS /api/entries/335?periodo=2026
[2026-03-06T23:44:29.541Z] OPTIONS /api/entries/336?periodo=2026
[2026-03-06T23:44:29.542Z] OPTIONS /api/entries/337?periodo=2026
[2026-03-06T23:44:29.543Z] OPTIONS /api/entries/341?periodo=2026
[2026-03-06T23:44:29.543Z] GET /api/entries/147?periodo=2026
[2026-03-06T23:44:29.544Z] OPTIONS /api/entries/342?periodo=2026
[2026-03-06T23:44:29.544Z] GET /api/entries/149?periodo=2026
[2026-03-06T23:44:29.544Z] GET /api/entries/148?periodo=2026
[2026-03-06T23:44:29.545Z] OPTIONS /api/entries/343?periodo=2026
[2026-03-06T23:44:29.545Z] GET /api/entries/151?periodo=2026
[2026-03-06T23:44:29.545Z] GET /api/entries/150?periodo=2026
[2026-03-06T23:44:29.546Z] OPTIONS /api/entries/344?periodo=2026
[2026-03-06T23:44:29.546Z] GET /api/entries/152?periodo=2026
[2026-03-06T23:44:29.547Z] GET /api/entries/153?periodo=2026
[2026-03-06T23:44:29.547Z] OPTIONS /api/entries/347?periodo=2026
[2026-03-06T23:44:29.547Z] GET /api/entries/154?periodo=2026
[2026-03-06T23:44:29.547Z] OPTIONS /api/entries/349?periodo=2026
[2026-03-06T23:44:29.548Z] OPTIONS /api/entries/348?periodo=2026
[2026-03-06T23:44:29.548Z] GET /api/entries/155?periodo=2026
[2026-03-06T23:44:29.548Z] OPTIONS /api/entries/350?periodo=2026
[2026-03-06T23:44:29.549Z] OPTIONS /api/entries/351?periodo=2026
[2026-03-06T23:44:29.549Z] GET /api/entries/156?periodo=2026
[2026-03-06T23:44:29.549Z] OPTIONS /api/entries/352?periodo=2026
[2026-03-06T23:44:29.549Z] OPTIONS /api/entries/353?periodo=2026
[2026-03-06T23:44:29.550Z] GET /api/entries/158?periodo=2026
[2026-03-06T23:44:29.550Z] GET /api/entries/160?periodo=2026
[2026-03-06T23:44:29.551Z] GET /api/entries/159?periodo=2026
[2026-03-06T23:44:29.551Z] OPTIONS /api/entries/354?periodo=2026
[2026-03-06T23:44:29.552Z] OPTIONS /api/entries/355?periodo=2026
[2026-03-06T23:44:29.552Z] OPTIONS /api/entries/356?periodo=2026
[2026-03-06T23:44:29.552Z] OPTIONS /api/entries/357?periodo=2026
[2026-03-06T23:44:29.552Z] GET /api/entries/161?periodo=2026
[2026-03-06T23:44:29.552Z] OPTIONS /api/entries/358?periodo=2026
[2026-03-06T23:44:29.552Z] GET /api/entries/162?periodo=2026
[2026-03-06T23:44:29.553Z] OPTIONS /api/entries/359?periodo=2026
[2026-03-06T23:44:29.553Z] GET /api/entries/163?periodo=2026
[2026-03-06T23:44:29.553Z] OPTIONS /api/entries/360?periodo=2026
[2026-03-06T23:44:29.553Z] OPTIONS /api/entries/363?periodo=2026
[2026-03-06T23:44:29.553Z] GET /api/entries/164?periodo=2026
[2026-03-06T23:44:29.554Z] GET /api/entries/169?periodo=2026
[2026-03-06T23:44:29.554Z] OPTIONS /api/entries/362?periodo=2026
[2026-03-06T23:44:29.554Z] OPTIONS /api/entries/361?periodo=2026
[2026-03-06T23:44:29.554Z] GET /api/entries/166?periodo=2026
[2026-03-06T23:44:29.555Z] OPTIONS /api/entries/364?periodo=2026
[2026-03-06T23:44:29.555Z] GET /api/entries/167?periodo=2026
[2026-03-06T23:44:29.555Z] GET /api/entries/168?periodo=2026
[2026-03-06T23:44:29.555Z] OPTIONS /api/entries/365?periodo=2026
[2026-03-06T23:44:29.557Z] GET /api/entries/170?periodo=2026
[2026-03-06T23:44:29.557Z] OPTIONS /api/entries/366?periodo=2026
[2026-03-06T23:44:29.557Z] OPTIONS /api/entries/367?periodo=2026
[2026-03-06T23:44:29.557Z] GET /api/entries/171?periodo=2026
[2026-03-06T23:44:29.558Z] OPTIONS /api/entries/368?periodo=2026
[2026-03-06T23:44:29.558Z] GET /api/entries/172?periodo=2026
[2026-03-06T23:44:29.558Z] GET /api/entries/174?periodo=2026
[2026-03-06T23:44:29.558Z] OPTIONS /api/entries/369?periodo=2026
[2026-03-06T23:44:29.559Z] GET /api/entries/173?periodo=2026
[2026-03-06T23:44:29.559Z] OPTIONS /api/entries/370?periodo=2026
[2026-03-06T23:44:29.559Z] GET /api/entries/175?periodo=2026
[2026-03-06T23:44:29.559Z] OPTIONS /api/entries/371?periodo=2026
[2026-03-06T23:44:29.559Z] OPTIONS /api/entries/372?periodo=2026
[2026-03-06T23:44:29.560Z] GET /api/entries/176?periodo=2026
[2026-03-06T23:44:29.560Z] OPTIONS /api/entries/373?periodo=2026
[2026-03-06T23:44:29.560Z] GET /api/entries/177?periodo=2026
[2026-03-06T23:44:29.561Z] OPTIONS /api/entries/376?periodo=2026
[2026-03-06T23:44:29.561Z] OPTIONS /api/entries/374?periodo=2026
[2026-03-06T23:44:29.561Z] OPTIONS /api/entries/375?periodo=2026
[2026-03-06T23:44:29.561Z] OPTIONS /api/entries/377?periodo=2026
[2026-03-06T23:44:29.561Z] OPTIONS /api/entries/378?periodo=2026
[2026-03-06T23:44:29.561Z] OPTIONS /api/entries/379?periodo=2026
[2026-03-06T23:44:29.562Z] OPTIONS /api/entries/380?periodo=2026
[2026-03-06T23:44:29.562Z] OPTIONS /api/entries/381?periodo=2026
[2026-03-06T23:44:29.562Z] GET /api/entries/178?periodo=2026
[2026-03-06T23:44:29.562Z] OPTIONS /api/entries/384?periodo=2026
[2026-03-06T23:44:29.562Z] OPTIONS /api/entries/382?periodo=2026
[2026-03-06T23:44:29.562Z] OPTIONS /api/entries/383?periodo=2026
[2026-03-06T23:44:29.563Z] OPTIONS /api/entries/385?periodo=2026
[2026-03-06T23:44:29.563Z] OPTIONS /api/entries/386?periodo=2026
[2026-03-06T23:44:29.563Z] OPTIONS /api/entries/387?periodo=2026
[2026-03-06T23:44:29.563Z] GET /api/entries/179?periodo=2026
[2026-03-06T23:44:29.563Z] GET /api/entries/181?periodo=2026
[2026-03-06T23:44:29.564Z] OPTIONS /api/entries/389?periodo=2026
[2026-03-06T23:44:29.564Z] GET /api/entries/180?periodo=2026
[2026-03-06T23:44:29.564Z] OPTIONS /api/entries/388?periodo=2026
[2026-03-06T23:44:29.564Z] GET /api/entries/182?periodo=2026
[2026-03-06T23:44:29.564Z] GET /api/entries/183?periodo=2026
[2026-03-06T23:44:29.565Z] OPTIONS /api/entries/390?periodo=2026
[2026-03-06T23:44:29.565Z] GET /api/entries/184?periodo=2026
[2026-03-06T23:44:29.565Z] OPTIONS /api/entries/392?periodo=2026
[2026-03-06T23:44:29.565Z] OPTIONS /api/entries/391?periodo=2026
[2026-03-06T23:44:29.565Z] GET /api/entries/185?periodo=2026
[2026-03-06T23:44:29.566Z] GET /api/entries/186?periodo=2026
[2026-03-06T23:44:29.566Z] OPTIONS /api/entries/393?periodo=2026
[2026-03-06T23:44:29.566Z] OPTIONS /api/entries/394?periodo=2026
[2026-03-06T23:44:29.566Z] OPTIONS /api/entries/395?periodo=2026
[2026-03-06T23:44:29.567Z] OPTIONS /api/entries/396?periodo=2026
[2026-03-06T23:44:29.567Z] GET /api/entries/187?periodo=2026
[2026-03-06T23:44:29.567Z] OPTIONS /api/entries/397?periodo=2026
[2026-03-06T23:44:29.567Z] OPTIONS /api/entries/398?periodo=2026
[2026-03-06T23:44:29.568Z] OPTIONS /api/entries/399?periodo=2026
[2026-03-06T23:44:29.568Z] OPTIONS /api/entries/400?periodo=2026
[2026-03-06T23:44:29.568Z] OPTIONS /api/entries/401?periodo=2026
[2026-03-06T23:44:29.568Z] OPTIONS /api/entries/402?periodo=2026
[2026-03-06T23:44:29.568Z] GET /api/entries/188?periodo=2026
[2026-03-06T23:44:29.568Z] GET /api/entries/189?periodo=2026
[2026-03-06T23:44:29.569Z] GET /api/entries/190?periodo=2026
[2026-03-06T23:44:29.569Z] GET /api/entries/191?periodo=2026
[2026-03-06T23:44:29.570Z] GET /api/entries/192?periodo=2026
[2026-03-06T23:44:29.570Z] OPTIONS /api/entries/403?periodo=2026
[2026-03-06T23:44:29.570Z] OPTIONS /api/entries/404?periodo=2026
[2026-03-06T23:44:29.570Z] GET /api/entries/194?periodo=2026
[2026-03-06T23:44:29.571Z] GET /api/entries/193?periodo=2026
[2026-03-06T23:44:29.571Z] OPTIONS /api/entries/405?periodo=2026
[2026-03-06T23:44:29.571Z] OPTIONS /api/entries/406?periodo=2026
[2026-03-06T23:44:29.571Z] OPTIONS /api/entries/407?periodo=2026
[2026-03-06T23:44:29.571Z] OPTIONS /api/entries/408?periodo=2026
[2026-03-06T23:44:29.572Z] OPTIONS /api/entries/409?periodo=2026
[2026-03-06T23:44:29.572Z] OPTIONS /api/entries/410?periodo=2026
[2026-03-06T23:44:29.572Z] GET /api/entries/195?periodo=2026
[2026-03-06T23:44:29.572Z] GET /api/entries/197?periodo=2026
[2026-03-06T23:44:29.573Z] OPTIONS /api/entries/411?periodo=2026
[2026-03-06T23:44:29.573Z] GET /api/entries/196?periodo=2026
[2026-03-06T23:44:29.573Z] GET /api/entries/198?periodo=2026
[2026-03-06T23:44:29.573Z] OPTIONS /api/entries/412?periodo=2026
[2026-03-06T23:44:29.573Z] GET /api/entries/200?periodo=2026
[2026-03-06T23:44:29.574Z] GET /api/entries/201?periodo=2026
[2026-03-06T23:44:29.574Z] OPTIONS /api/entries/413?periodo=2026
[2026-03-06T23:44:29.574Z] GET /api/entries/199?periodo=2026
[2026-03-06T23:44:29.575Z] OPTIONS /api/entries/414?periodo=2026
[2026-03-06T23:44:29.575Z] GET /api/entries/203?periodo=2026
[2026-03-06T23:44:29.576Z] OPTIONS /api/entries/415?periodo=2026
[2026-03-06T23:44:29.576Z] GET /api/entries/202?periodo=2026
[2026-03-06T23:44:29.576Z] OPTIONS /api/entries/416?periodo=2026
[2026-03-06T23:44:29.577Z] OPTIONS /api/entries/417?periodo=2026
[2026-03-06T23:44:29.577Z] GET /api/entries/205?periodo=2026
[2026-03-06T23:44:29.577Z] GET /api/entries/204?periodo=2026
[2026-03-06T23:44:29.577Z] GET /api/entries/206?periodo=2026
[2026-03-06T23:44:29.578Z] GET /api/entries/207?periodo=2026
[2026-03-06T23:44:29.578Z] GET /api/entries/208?periodo=2026
[2026-03-06T23:44:29.579Z] GET /api/entries/209?periodo=2026
[2026-03-06T23:44:29.579Z] GET /api/entries/210?periodo=2026
[2026-03-06T23:44:29.579Z] GET /api/entries/211?periodo=2026
[2026-03-06T23:44:29.580Z] GET /api/entries/212?periodo=2026
[2026-03-06T23:44:29.580Z] GET /api/entries/213?periodo=2026
[2026-03-06T23:44:29.580Z] GET /api/entries/214?periodo=2026
[2026-03-06T23:44:29.581Z] GET /api/entries/215?periodo=2026
[2026-03-06T23:44:29.581Z] GET /api/entries/216?periodo=2026
[2026-03-06T23:44:29.582Z] GET /api/entries/218?periodo=2026
[2026-03-06T23:44:29.584Z] GET /api/entries/217?periodo=2026
[2026-03-06T23:44:29.584Z] GET /api/entries/219?periodo=2026
[2026-03-06T23:44:29.584Z] GET /api/entries/220?periodo=2026
[2026-03-06T23:44:29.585Z] GET /api/entries/222?periodo=2026
[2026-03-06T23:44:29.586Z] GET /api/entries/221?periodo=2026
[2026-03-06T23:44:29.586Z] GET /api/entries/223?periodo=2026
[2026-03-06T23:44:29.587Z] GET /api/entries/224?periodo=2026
[2026-03-06T23:44:29.587Z] GET /api/entries/225?periodo=2026
[2026-03-06T23:44:29.587Z] GET /api/entries/226?periodo=2026
[2026-03-06T23:44:29.588Z] GET /api/entries/228?periodo=2026
[2026-03-06T23:44:29.588Z] GET /api/entries/229?periodo=2026
[2026-03-06T23:44:29.588Z] GET /api/entries/230?periodo=2026
[2026-03-06T23:44:29.589Z] GET /api/entries/233?periodo=2026
[2026-03-06T23:44:29.589Z] GET /api/entries/234?periodo=2026
[2026-03-06T23:44:29.589Z] GET /api/entries/235?periodo=2026
[2026-03-06T23:44:29.590Z] GET /api/entries/238?periodo=2026
[2026-03-06T23:44:29.590Z] GET /api/entries/236?periodo=2026
[2026-03-06T23:44:29.591Z] GET /api/entries/237?periodo=2026
[2026-03-06T23:44:29.591Z] GET /api/entries/239?periodo=2026
[2026-03-06T23:44:29.591Z] GET /api/entries/240?periodo=2026
[2026-03-06T23:44:29.592Z] GET /api/entries/242?periodo=2026
[2026-03-06T23:44:29.593Z] GET /api/entries/243?periodo=2026
[2026-03-06T23:44:29.593Z] GET /api/entries/244?periodo=2026
[2026-03-06T23:44:29.594Z] GET /api/entries/245?periodo=2026
[2026-03-06T23:44:29.594Z] GET /api/entries/246?periodo=2026
[2026-03-06T23:44:29.595Z] GET /api/entries/247?periodo=2026
[2026-03-06T23:44:29.595Z] GET /api/entries/248?periodo=2026
[2026-03-06T23:44:29.596Z] GET /api/entries/249?periodo=2026
[2026-03-06T23:44:29.596Z] GET /api/entries/250?periodo=2026
[2026-03-06T23:44:29.596Z] GET /api/entries/251?periodo=2026
[2026-03-06T23:44:29.597Z] GET /api/entries/252?periodo=2026
[2026-03-06T23:44:29.597Z] GET /api/entries/253?periodo=2026
[2026-03-06T23:44:29.597Z] GET /api/entries/254?periodo=2026
[2026-03-06T23:44:29.598Z] GET /api/entries/255?periodo=2026
[2026-03-06T23:44:29.598Z] GET /api/entries/257?periodo=2026
[2026-03-06T23:44:29.599Z] GET /api/entries/258?periodo=2026
[2026-03-06T23:44:29.599Z] GET /api/entries/259?periodo=2026
[2026-03-06T23:44:29.600Z] GET /api/entries/260?periodo=2026
[2026-03-06T23:44:29.600Z] GET /api/entries/261?periodo=2026
[2026-03-06T23:44:29.600Z] GET /api/entries/262?periodo=2026
[2026-03-06T23:44:29.602Z] GET /api/entries/263?periodo=2026
[2026-03-06T23:44:29.603Z] GET /api/entries/264?periodo=2026
[2026-03-06T23:44:29.603Z] GET /api/entries/265?periodo=2026
[2026-03-06T23:44:29.603Z] GET /api/entries/266?periodo=2026
[2026-03-06T23:44:29.604Z] GET /api/entries/267?periodo=2026
[2026-03-06T23:44:29.604Z] GET /api/entries/268?periodo=2026
[2026-03-06T23:44:29.605Z] GET /api/entries/269?periodo=2026
[2026-03-06T23:44:29.606Z] GET /api/entries/270?periodo=2026
[2026-03-06T23:44:29.606Z] GET /api/entries/271?periodo=2026
[2026-03-06T23:44:29.606Z] GET /api/entries/272?periodo=2026
[2026-03-06T23:44:29.607Z] GET /api/entries/273?periodo=2026
[2026-03-06T23:44:29.607Z] GET /api/entries/274?periodo=2026
[2026-03-06T23:44:29.607Z] GET /api/entries/275?periodo=2026
[2026-03-06T23:44:29.608Z] GET /api/entries/276?periodo=2026
[2026-03-06T23:44:29.608Z] GET /api/entries/277?periodo=2026
[2026-03-06T23:44:29.609Z] GET /api/entries/278?periodo=2026
[2026-03-06T23:44:29.609Z] GET /api/entries/279?periodo=2026
[2026-03-06T23:44:29.609Z] GET /api/entries/280?periodo=2026
[2026-03-06T23:44:29.610Z] GET /api/entries/282?periodo=2026
[2026-03-06T23:44:29.610Z] GET /api/entries/281?periodo=2026
[2026-03-06T23:44:29.610Z] GET /api/entries/283?periodo=2026
[2026-03-06T23:44:29.611Z] GET /api/entries/284?periodo=2026
[2026-03-06T23:44:29.611Z] GET /api/entries/285?periodo=2026
[2026-03-06T23:44:29.612Z] GET /api/entries/286?periodo=2026
[2026-03-06T23:44:29.612Z] GET /api/entries/288?periodo=2026
[2026-03-06T23:44:29.612Z] GET /api/entries/290?periodo=2026
[2026-03-06T23:44:29.613Z] GET /api/entries/289?periodo=2026
[2026-03-06T23:44:29.613Z] GET /api/entries/291?periodo=2026
[2026-03-06T23:44:29.614Z] GET /api/entries/292?periodo=2026
[2026-03-06T23:44:29.614Z] GET /api/entries/293?periodo=2026
[2026-03-06T23:44:29.615Z] GET /api/entries/294?periodo=2026
[2026-03-06T23:44:29.615Z] GET /api/entries/295?periodo=2026
[2026-03-06T23:44:29.615Z] GET /api/entries/296?periodo=2026
[2026-03-06T23:44:29.616Z] GET /api/entries/297?periodo=2026
[2026-03-06T23:44:29.616Z] GET /api/entries/298?periodo=2026
[2026-03-06T23:44:29.616Z] GET /api/entries/299?periodo=2026
[2026-03-06T23:44:29.618Z] GET /api/entries/300?periodo=2026
[2026-03-06T23:44:29.618Z] GET /api/entries/301?periodo=2026
[2026-03-06T23:44:29.619Z] GET /api/entries/302?periodo=2026
[2026-03-06T23:44:29.619Z] GET /api/entries/303?periodo=2026
[2026-03-06T23:44:29.619Z] GET /api/entries/304?periodo=2026
[2026-03-06T23:44:29.620Z] GET /api/entries/305?periodo=2026
[2026-03-06T23:44:29.620Z] GET /api/entries/306?periodo=2026
[2026-03-06T23:44:29.621Z] GET /api/entries/307?periodo=2026
[2026-03-06T23:44:29.621Z] GET /api/entries/308?periodo=2026
[2026-03-06T23:44:29.621Z] GET /api/entries/309?periodo=2026
[2026-03-06T23:44:29.622Z] GET /api/entries/311?periodo=2026
[2026-03-06T23:44:29.622Z] GET /api/entries/312?periodo=2026
[2026-03-06T23:44:29.622Z] GET /api/entries/314?periodo=2026
[2026-03-06T23:44:29.623Z] GET /api/entries/313?periodo=2026
[2026-03-06T23:44:29.623Z] GET /api/entries/315?periodo=2026
[2026-03-06T23:44:29.624Z] GET /api/entries/317?periodo=2026
[2026-03-06T23:44:29.624Z] GET /api/entries/316?periodo=2026
[2026-03-06T23:44:29.625Z] GET /api/entries/322?periodo=2026
[2026-03-06T23:44:29.625Z] GET /api/entries/318?periodo=2026
[2026-03-06T23:44:29.625Z] GET /api/entries/324?periodo=2026
[2026-03-06T23:44:29.626Z] GET /api/entries/325?periodo=2026
[2026-03-06T23:44:29.626Z] GET /api/entries/326?periodo=2026
[2026-03-06T23:44:29.626Z] GET /api/entries/327?periodo=2026
[2026-03-06T23:44:29.627Z] GET /api/entries/328?periodo=2026
[2026-03-06T23:44:29.628Z] GET /api/entries/329?periodo=2026
[2026-03-06T23:44:29.628Z] GET /api/entries/330?periodo=2026
[2026-03-06T23:44:29.629Z] GET /api/entries/333?periodo=2026
[2026-03-06T23:44:29.629Z] GET /api/entries/334?periodo=2026
[2026-03-06T23:44:29.629Z] GET /api/entries/331?periodo=2026
[2026-03-06T23:44:29.630Z] GET /api/entries/332?periodo=2026
[2026-03-06T23:44:29.630Z] GET /api/entries/335?periodo=2026
[2026-03-06T23:44:29.631Z] GET /api/entries/336?periodo=2026
[2026-03-06T23:44:29.631Z] GET /api/entries/337?periodo=2026
[2026-03-06T23:44:29.631Z] GET /api/entries/341?periodo=2026
[2026-03-06T23:44:29.632Z] GET /api/entries/342?periodo=2026
[2026-03-06T23:44:29.632Z] GET /api/entries/343?periodo=2026
[2026-03-06T23:44:29.633Z] GET /api/entries/344?periodo=2026
[2026-03-06T23:44:29.633Z] GET /api/entries/347?periodo=2026
[2026-03-06T23:44:29.633Z] GET /api/entries/349?periodo=2026
[2026-03-06T23:44:29.634Z] GET /api/entries/348?periodo=2026
[2026-03-06T23:44:29.634Z] GET /api/entries/350?periodo=2026
[2026-03-06T23:44:29.635Z] GET /api/entries/351?periodo=2026
[2026-03-06T23:44:29.635Z] GET /api/entries/352?periodo=2026
[2026-03-06T23:44:29.636Z] GET /api/entries/353?periodo=2026
[2026-03-06T23:44:29.637Z] GET /api/entries/354?periodo=2026
[2026-03-06T23:44:29.637Z] GET /api/entries/355?periodo=2026
[2026-03-06T23:44:29.637Z] GET /api/entries/356?periodo=2026
[2026-03-06T23:44:29.638Z] GET /api/entries/357?periodo=2026
[2026-03-06T23:44:29.638Z] GET /api/entries/358?periodo=2026
[2026-03-06T23:44:29.639Z] GET /api/entries/359?periodo=2026
[2026-03-06T23:44:29.639Z] GET /api/entries/360?periodo=2026
[2026-03-06T23:44:29.640Z] GET /api/entries/363?periodo=2026
[2026-03-06T23:44:29.640Z] GET /api/entries/362?periodo=2026
[2026-03-06T23:44:29.640Z] GET /api/entries/361?periodo=2026
[2026-03-06T23:44:29.641Z] GET /api/entries/364?periodo=2026
[2026-03-06T23:44:29.641Z] GET /api/entries/365?periodo=2026
[2026-03-06T23:44:29.642Z] GET /api/entries/366?periodo=2026
[2026-03-06T23:44:29.642Z] GET /api/entries/367?periodo=2026
[2026-03-06T23:44:29.642Z] GET /api/entries/368?periodo=2026
[2026-03-06T23:44:29.643Z] GET /api/entries/369?periodo=2026
[2026-03-06T23:44:29.643Z] GET /api/entries/370?periodo=2026
[2026-03-06T23:44:29.644Z] GET /api/entries/371?periodo=2026
[2026-03-06T23:44:29.644Z] GET /api/entries/372?periodo=2026
[2026-03-06T23:44:29.644Z] GET /api/entries/373?periodo=2026
[2026-03-06T23:44:29.645Z] GET /api/entries/376?periodo=2026
[2026-03-06T23:44:29.645Z] GET /api/entries/374?periodo=2026
[2026-03-06T23:44:29.645Z] GET /api/entries/375?periodo=2026
[2026-03-06T23:44:29.646Z] GET /api/entries/377?periodo=2026
[2026-03-06T23:44:29.646Z] GET /api/entries/378?periodo=2026
[2026-03-06T23:44:29.647Z] GET /api/entries/379?periodo=2026
[2026-03-06T23:44:29.647Z] GET /api/entries/380?periodo=2026
[2026-03-06T23:44:29.647Z] GET /api/entries/381?periodo=2026
[2026-03-06T23:44:29.648Z] GET /api/entries/384?periodo=2026
[2026-03-06T23:44:29.648Z] GET /api/entries/382?periodo=2026
[2026-03-06T23:44:29.649Z] GET /api/entries/383?periodo=2026
[2026-03-06T23:44:29.649Z] GET /api/entries/385?periodo=2026
[2026-03-06T23:44:29.649Z] GET /api/entries/387?periodo=2026
[2026-03-06T23:44:29.650Z] GET /api/entries/386?periodo=2026
[2026-03-06T23:44:29.651Z] GET /api/entries/389?periodo=2026
[2026-03-06T23:44:29.652Z] GET /api/entries/388?periodo=2026
[2026-03-06T23:44:29.653Z] GET /api/entries/390?periodo=2026
[2026-03-06T23:44:29.653Z] GET /api/entries/392?periodo=2026
[2026-03-06T23:44:29.654Z] GET /api/entries/391?periodo=2026
[2026-03-06T23:44:29.654Z] GET /api/entries/393?periodo=2026
[2026-03-06T23:44:29.654Z] GET /api/entries/394?periodo=2026
[2026-03-06T23:44:29.655Z] GET /api/entries/395?periodo=2026
[2026-03-06T23:44:29.655Z] GET /api/entries/396?periodo=2026
[2026-03-06T23:44:29.656Z] GET /api/entries/397?periodo=2026
[2026-03-06T23:44:29.656Z] GET /api/entries/398?periodo=2026
[2026-03-06T23:44:29.656Z] GET /api/entries/399?periodo=2026
[2026-03-06T23:44:29.657Z] GET /api/entries/400?periodo=2026
[2026-03-06T23:44:29.657Z] GET /api/entries/401?periodo=2026
[2026-03-06T23:44:29.658Z] GET /api/entries/402?periodo=2026
[2026-03-06T23:44:29.658Z] GET /api/entries/403?periodo=2026
[2026-03-06T23:44:29.658Z] GET /api/entries/404?periodo=2026
[2026-03-06T23:44:29.659Z] GET /api/entries/405?periodo=2026
[2026-03-06T23:44:29.659Z] GET /api/entries/406?periodo=2026
[2026-03-06T23:44:29.660Z] GET /api/entries/407?periodo=2026
[2026-03-06T23:44:29.660Z] GET /api/entries/408?periodo=2026
[2026-03-06T23:44:29.661Z] GET /api/entries/409?periodo=2026
[2026-03-06T23:44:29.661Z] GET /api/entries/410?periodo=2026
[2026-03-06T23:44:29.662Z] GET /api/entries/411?periodo=2026
[2026-03-06T23:44:29.662Z] GET /api/entries/412?periodo=2026
[2026-03-06T23:44:29.663Z] GET /api/entries/413?periodo=2026
[2026-03-06T23:44:29.663Z] GET /api/entries/414?periodo=2026
[2026-03-06T23:44:29.663Z] GET /api/entries/415?periodo=2026
[2026-03-06T23:44:29.664Z] GET /api/entries/416?periodo=2026
[2026-03-06T23:44:29.664Z] GET /api/entries/417?periodo=2026
[2026-03-06T23:44:29.665Z] OPTIONS /api/entries/2?periodo=2026
[2026-03-06T23:44:29.665Z] OPTIONS /api/entries/3?periodo=2026
[2026-03-06T23:44:29.665Z] OPTIONS /api/entries/4?periodo=2026
[2026-03-06T23:44:29.665Z] OPTIONS /api/entries/5?periodo=2026
[2026-03-06T23:44:29.665Z] OPTIONS /api/entries/6?periodo=2026
[2026-03-06T23:44:29.665Z] OPTIONS /api/entries/7?periodo=2026
[2026-03-06T23:44:29.665Z] OPTIONS /api/entries/8?periodo=2026
[2026-03-06T23:44:29.665Z] OPTIONS /api/entries/9?periodo=2026
[2026-03-06T23:44:29.665Z] OPTIONS /api/entries/10?periodo=2026
[2026-03-06T23:44:29.665Z] OPTIONS /api/entries/11?periodo=2026
[2026-03-06T23:44:29.665Z] OPTIONS /api/entries/12?periodo=2026
[2026-03-06T23:44:29.666Z] OPTIONS /api/entries/13?periodo=2026
[2026-03-06T23:44:29.666Z] OPTIONS /api/entries/14?periodo=2026
[2026-03-06T23:44:29.666Z] OPTIONS /api/entries/15?periodo=2026
[2026-03-06T23:44:29.666Z] OPTIONS /api/entries/16?periodo=2026
[2026-03-06T23:44:29.666Z] OPTIONS /api/entries/17?periodo=2026
[2026-03-06T23:44:29.666Z] OPTIONS /api/entries/18?periodo=2026
[2026-03-06T23:44:29.666Z] OPTIONS /api/entries/19?periodo=2026
[2026-03-06T23:44:29.666Z] OPTIONS /api/entries/21?periodo=2026
[2026-03-06T23:44:29.666Z] OPTIONS /api/entries/22?periodo=2026
[2026-03-06T23:44:29.666Z] OPTIONS /api/entries/23?periodo=2026
[2026-03-06T23:44:29.666Z] OPTIONS /api/entries/24?periodo=2026
[2026-03-06T23:44:29.667Z] OPTIONS /api/entries/25?periodo=2026
[2026-03-06T23:44:29.667Z] OPTIONS /api/entries/26?periodo=2026
[2026-03-06T23:44:29.667Z] OPTIONS /api/entries/28?periodo=2026
[2026-03-06T23:44:29.667Z] OPTIONS /api/entries/29?periodo=2026
[2026-03-06T23:44:29.667Z] OPTIONS /api/entries/30?periodo=2026
[2026-03-06T23:44:29.667Z] OPTIONS /api/entries/31?periodo=2026
[2026-03-06T23:44:29.667Z] OPTIONS /api/entries/36?periodo=2026
[2026-03-06T23:44:29.667Z] OPTIONS /api/entries/32?periodo=2026
[2026-03-06T23:44:29.667Z] OPTIONS /api/entries/33?periodo=2026
[2026-03-06T23:44:29.667Z] OPTIONS /api/entries/34?periodo=2026
[2026-03-06T23:44:29.667Z] OPTIONS /api/entries/35?periodo=2026
[2026-03-06T23:44:29.667Z] OPTIONS /api/entries/39?periodo=2026
[2026-03-06T23:44:29.668Z] OPTIONS /api/entries/40?periodo=2026
[2026-03-06T23:44:29.668Z] OPTIONS /api/entries/41?periodo=2026
[2026-03-06T23:44:29.668Z] OPTIONS /api/entries/42?periodo=2026
[2026-03-06T23:44:29.668Z] OPTIONS /api/entries/37?periodo=2026
[2026-03-06T23:44:29.668Z] OPTIONS /api/entries/45?periodo=2026
[2026-03-06T23:44:29.668Z] OPTIONS /api/entries/46?periodo=2026
[2026-03-06T23:44:29.668Z] OPTIONS /api/entries/43?periodo=2026
[2026-03-06T23:44:29.668Z] OPTIONS /api/entries/47?periodo=2026
[2026-03-06T23:44:29.668Z] OPTIONS /api/entries/48?periodo=2026
[2026-03-06T23:44:29.668Z] OPTIONS /api/entries/49?periodo=2026
[2026-03-06T23:44:29.668Z] OPTIONS /api/entries/50?periodo=2026
[2026-03-06T23:44:29.668Z] OPTIONS /api/entries/51?periodo=2026
[2026-03-06T23:44:29.669Z] OPTIONS /api/entries/52?periodo=2026
[2026-03-06T23:44:29.669Z] OPTIONS /api/entries/56?periodo=2026
[2026-03-06T23:44:29.669Z] OPTIONS /api/entries/57?periodo=2026
[2026-03-06T23:44:29.669Z] OPTIONS /api/entries/53?periodo=2026
[2026-03-06T23:44:29.669Z] OPTIONS /api/entries/54?periodo=2026
[2026-03-06T23:44:29.669Z] OPTIONS /api/entries/60?periodo=2026
[2026-03-06T23:44:29.669Z] OPTIONS /api/entries/61?periodo=2026
[2026-03-06T23:44:29.669Z] OPTIONS /api/entries/62?periodo=2026
[2026-03-06T23:44:29.669Z] OPTIONS /api/entries/58?periodo=2026
[2026-03-06T23:44:29.669Z] OPTIONS /api/entries/59?periodo=2026
[2026-03-06T23:44:29.669Z] OPTIONS /api/entries/65?periodo=2026
[2026-03-06T23:44:29.669Z] OPTIONS /api/entries/66?periodo=2026
[2026-03-06T23:44:29.669Z] OPTIONS /api/entries/67?periodo=2026
[2026-03-06T23:44:29.669Z] OPTIONS /api/entries/63?periodo=2026
[2026-03-06T23:44:29.669Z] OPTIONS /api/entries/71?periodo=2026
[2026-03-06T23:44:29.670Z] OPTIONS /api/entries/69?periodo=2026
[2026-03-06T23:44:29.670Z] OPTIONS /api/entries/70?periodo=2026
[2026-03-06T23:44:29.670Z] OPTIONS /api/entries/72?periodo=2026
[2026-03-06T23:44:29.670Z] OPTIONS /api/entries/73?periodo=2026
[2026-03-06T23:44:29.670Z] OPTIONS /api/entries/74?periodo=2026
[2026-03-06T23:44:29.670Z] OPTIONS /api/entries/75?periodo=2026
[2026-03-06T23:44:29.670Z] OPTIONS /api/entries/76?periodo=2026
[2026-03-06T23:44:29.670Z] OPTIONS /api/entries/77?periodo=2026
[2026-03-06T23:44:29.670Z] OPTIONS /api/entries/78?periodo=2026
[2026-03-06T23:44:29.670Z] OPTIONS /api/entries/83?periodo=2026
[2026-03-06T23:44:29.670Z] OPTIONS /api/entries/79?periodo=2026
[2026-03-06T23:44:29.670Z] OPTIONS /api/entries/81?periodo=2026
[2026-03-06T23:44:29.670Z] OPTIONS /api/entries/82?periodo=2026
[2026-03-06T23:44:29.670Z] OPTIONS /api/entries/86?periodo=2026
[2026-03-06T23:44:29.670Z] OPTIONS /api/entries/87?periodo=2026
[2026-03-06T23:44:29.670Z] OPTIONS /api/entries/89?periodo=2026
[2026-03-06T23:44:29.671Z] OPTIONS /api/entries/84?periodo=2026
[2026-03-06T23:44:29.671Z] OPTIONS /api/entries/85?periodo=2026
[2026-03-06T23:44:29.671Z] OPTIONS /api/entries/92?periodo=2026
[2026-03-06T23:44:29.672Z] OPTIONS /api/entries/93?periodo=2026
[2026-03-06T23:44:29.672Z] OPTIONS /api/entries/95?periodo=2026
[2026-03-06T23:44:29.672Z] OPTIONS /api/entries/96?periodo=2026
[2026-03-06T23:44:29.672Z] OPTIONS /api/entries/97?periodo=2026
[2026-03-06T23:44:29.672Z] OPTIONS /api/entries/91?periodo=2026
[2026-03-06T23:44:29.672Z] OPTIONS /api/entries/98?periodo=2026
[2026-03-06T23:44:29.672Z] OPTIONS /api/entries/99?periodo=2026
[2026-03-06T23:44:29.672Z] OPTIONS /api/entries/100?periodo=2026
[2026-03-06T23:44:29.672Z] OPTIONS /api/entries/101?periodo=2026
[2026-03-06T23:44:29.672Z] OPTIONS /api/entries/102?periodo=2026
[2026-03-06T23:44:29.672Z] OPTIONS /api/entries/104?periodo=2026
[2026-03-06T23:44:29.672Z] OPTIONS /api/entries/107?periodo=2026
[2026-03-06T23:44:29.672Z] OPTIONS /api/entries/103?periodo=2026
[2026-03-06T23:44:29.672Z] OPTIONS /api/entries/108?periodo=2026
[2026-03-06T23:44:29.672Z] OPTIONS /api/entries/110?periodo=2026
[2026-03-06T23:44:29.672Z] OPTIONS /api/entries/111?periodo=2026
[2026-03-06T23:44:29.672Z] OPTIONS /api/entries/112?periodo=2026
[2026-03-06T23:44:29.672Z] OPTIONS /api/entries/113?periodo=2026
[2026-03-06T23:44:29.672Z] OPTIONS /api/entries/114?periodo=2026
[2026-03-06T23:44:29.673Z] OPTIONS /api/entries/115?periodo=2026
[2026-03-06T23:44:29.673Z] OPTIONS /api/entries/116?periodo=2026
[2026-03-06T23:44:29.673Z] OPTIONS /api/entries/117?periodo=2026
[2026-03-06T23:44:29.673Z] OPTIONS /api/entries/118?periodo=2026
[2026-03-06T23:44:29.673Z] OPTIONS /api/entries/119?periodo=2026
[2026-03-06T23:44:29.673Z] OPTIONS /api/entries/120?periodo=2026
[2026-03-06T23:44:29.673Z] OPTIONS /api/entries/121?periodo=2026
[2026-03-06T23:44:29.673Z] OPTIONS /api/entries/122?periodo=2026
[2026-03-06T23:44:29.673Z] OPTIONS /api/entries/123?periodo=2026
[2026-03-06T23:44:29.673Z] OPTIONS /api/entries/124?periodo=2026
[2026-03-06T23:44:29.673Z] OPTIONS /api/entries/125?periodo=2026
[2026-03-06T23:44:29.673Z] OPTIONS /api/entries/126?periodo=2026
[2026-03-06T23:44:29.673Z] OPTIONS /api/entries/127?periodo=2026
[2026-03-06T23:44:29.674Z] OPTIONS /api/entries/128?periodo=2026
[2026-03-06T23:44:29.674Z] OPTIONS /api/entries/129?periodo=2026
[2026-03-06T23:44:29.674Z] OPTIONS /api/entries/130?periodo=2026
[2026-03-06T23:44:29.674Z] OPTIONS /api/entries/131?periodo=2026
[2026-03-06T23:44:29.674Z] OPTIONS /api/entries/132?periodo=2026
[2026-03-06T23:44:29.674Z] OPTIONS /api/entries/133?periodo=2026
[2026-03-06T23:44:29.674Z] OPTIONS /api/entries/134?periodo=2026
[2026-03-06T23:44:29.674Z] OPTIONS /api/entries/135?periodo=2026
[2026-03-06T23:44:29.674Z] OPTIONS /api/entries/136?periodo=2026
[2026-03-06T23:44:29.674Z] OPTIONS /api/entries/137?periodo=2026
[2026-03-06T23:44:29.674Z] OPTIONS /api/entries/138?periodo=2026
[2026-03-06T23:44:29.675Z] OPTIONS /api/entries/139?periodo=2026
[2026-03-06T23:44:29.675Z] OPTIONS /api/entries/140?periodo=2026
[2026-03-06T23:44:29.675Z] OPTIONS /api/entries/141?periodo=2026
[2026-03-06T23:44:29.675Z] OPTIONS /api/entries/142?periodo=2026
[2026-03-06T23:44:29.675Z] OPTIONS /api/entries/143?periodo=2026
[2026-03-06T23:44:29.675Z] OPTIONS /api/entries/144?periodo=2026
[2026-03-06T23:44:29.675Z] OPTIONS /api/entries/145?periodo=2026
[2026-03-06T23:44:29.675Z] OPTIONS /api/entries/146?periodo=2026
[2026-03-06T23:44:29.675Z] OPTIONS /api/entries/147?periodo=2026
[2026-03-06T23:44:29.675Z] OPTIONS /api/entries/148?periodo=2026
[2026-03-06T23:44:29.675Z] OPTIONS /api/entries/149?periodo=2026
[2026-03-06T23:44:29.675Z] OPTIONS /api/entries/150?periodo=2026
[2026-03-06T23:44:29.675Z] OPTIONS /api/entries/151?periodo=2026
[2026-03-06T23:44:29.675Z] OPTIONS /api/entries/152?periodo=2026
[2026-03-06T23:44:29.675Z] OPTIONS /api/entries/153?periodo=2026
[2026-03-06T23:44:29.676Z] OPTIONS /api/entries/154?periodo=2026
[2026-03-06T23:44:29.676Z] OPTIONS /api/entries/155?periodo=2026
[2026-03-06T23:44:29.676Z] OPTIONS /api/entries/156?periodo=2026
[2026-03-06T23:44:29.676Z] OPTIONS /api/entries/158?periodo=2026
[2026-03-06T23:44:29.676Z] OPTIONS /api/entries/159?periodo=2026
[2026-03-06T23:44:29.676Z] OPTIONS /api/entries/160?periodo=2026
[2026-03-06T23:44:29.676Z] OPTIONS /api/entries/161?periodo=2026
[2026-03-06T23:44:29.676Z] OPTIONS /api/entries/162?periodo=2026
[2026-03-06T23:44:29.676Z] OPTIONS /api/entries/164?periodo=2026
[2026-03-06T23:44:29.676Z] OPTIONS /api/entries/169?periodo=2026
[2026-03-06T23:44:29.676Z] OPTIONS /api/entries/166?periodo=2026
[2026-03-06T23:44:29.676Z] OPTIONS /api/entries/163?periodo=2026
[2026-03-06T23:44:29.676Z] OPTIONS /api/entries/171?periodo=2026
[2026-03-06T23:44:29.677Z] OPTIONS /api/entries/172?periodo=2026
[2026-03-06T23:44:29.677Z] OPTIONS /api/entries/167?periodo=2026
[2026-03-06T23:44:29.677Z] OPTIONS /api/entries/168?periodo=2026
[2026-03-06T23:44:29.677Z] OPTIONS /api/entries/173?periodo=2026
[2026-03-06T23:44:29.677Z] OPTIONS /api/entries/170?periodo=2026
[2026-03-06T23:44:29.677Z] OPTIONS /api/entries/174?periodo=2026
[2026-03-06T23:44:29.677Z] OPTIONS /api/entries/175?periodo=2026
[2026-03-06T23:44:29.677Z] OPTIONS /api/entries/176?periodo=2026
[2026-03-06T23:44:29.677Z] OPTIONS /api/entries/177?periodo=2026
[2026-03-06T23:44:29.677Z] OPTIONS /api/entries/178?periodo=2026
[2026-03-06T23:44:29.677Z] OPTIONS /api/entries/179?periodo=2026
[2026-03-06T23:44:29.677Z] OPTIONS /api/entries/180?periodo=2026
[2026-03-06T23:44:29.677Z] OPTIONS /api/entries/181?periodo=2026
[2026-03-06T23:44:29.677Z] OPTIONS /api/entries/182?periodo=2026
[2026-03-06T23:44:29.678Z] OPTIONS /api/entries/183?periodo=2026
[2026-03-06T23:44:29.678Z] OPTIONS /api/entries/184?periodo=2026
[2026-03-06T23:44:29.678Z] OPTIONS /api/entries/185?periodo=2026
[2026-03-06T23:44:29.678Z] OPTIONS /api/entries/187?periodo=2026
[2026-03-06T23:44:29.678Z] OPTIONS /api/entries/188?periodo=2026
[2026-03-06T23:44:29.678Z] OPTIONS /api/entries/186?periodo=2026
[2026-03-06T23:44:29.678Z] OPTIONS /api/entries/189?periodo=2026
[2026-03-06T23:44:29.678Z] OPTIONS /api/entries/190?periodo=2026
[2026-03-06T23:44:29.678Z] OPTIONS /api/entries/194?periodo=2026
[2026-03-06T23:44:29.678Z] OPTIONS /api/entries/192?periodo=2026
[2026-03-06T23:44:29.678Z] OPTIONS /api/entries/195?periodo=2026
[2026-03-06T23:44:29.678Z] OPTIONS /api/entries/191?periodo=2026
[2026-03-06T23:44:29.678Z] OPTIONS /api/entries/193?periodo=2026
[2026-03-06T23:44:29.678Z] OPTIONS /api/entries/197?periodo=2026
[2026-03-06T23:44:29.678Z] OPTIONS /api/entries/196?periodo=2026
[2026-03-06T23:44:29.679Z] GET /api/entries/308?periodo=2026
[2026-03-06T23:44:29.679Z] OPTIONS /api/entries/198?periodo=2026
[2026-03-06T23:44:29.679Z] OPTIONS /api/entries/201?periodo=2026
[2026-03-06T23:44:29.679Z] GET /api/entries/311?periodo=2026
[2026-03-06T23:44:29.679Z] OPTIONS /api/entries/200?periodo=2026
[2026-03-06T23:44:29.679Z] GET /api/entries/309?periodo=2026
[2026-03-06T23:44:29.680Z] GET /api/entries/314?periodo=2026
[2026-03-06T23:44:29.680Z] GET /api/entries/313?periodo=2026
[2026-03-06T23:44:29.680Z] GET /api/entries/312?periodo=2026
[2026-03-06T23:44:29.681Z] GET /api/entries/315?periodo=2026
[2026-03-06T23:44:29.682Z] GET /api/entries/317?periodo=2026
[2026-03-06T23:44:29.682Z] OPTIONS /api/entries/199?periodo=2026
[2026-03-06T23:44:29.682Z] OPTIONS /api/entries/203?periodo=2026
[2026-03-06T23:44:29.682Z] OPTIONS /api/entries/202?periodo=2026
[2026-03-06T23:44:29.682Z] OPTIONS /api/entries/204?periodo=2026
[2026-03-06T23:44:29.682Z] GET /api/entries/316?periodo=2026
[2026-03-06T23:44:29.683Z] OPTIONS /api/entries/205?periodo=2026
[2026-03-06T23:44:29.683Z] GET /api/entries/322?periodo=2026
[2026-03-06T23:44:29.683Z] OPTIONS /api/entries/207?periodo=2026
[2026-03-06T23:44:29.683Z] OPTIONS /api/entries/206?periodo=2026
[2026-03-06T23:44:29.684Z] OPTIONS /api/entries/208?periodo=2026
[2026-03-06T23:44:29.684Z] OPTIONS /api/entries/209?periodo=2026
[2026-03-06T23:44:29.684Z] GET /api/entries/318?periodo=2026
[2026-03-06T23:44:29.684Z] GET /api/entries/324?periodo=2026
[2026-03-06T23:44:29.685Z] GET /api/entries/325?periodo=2026
[2026-03-06T23:44:29.685Z] OPTIONS /api/entries/210?periodo=2026
[2026-03-06T23:44:29.685Z] GET /api/entries/327?periodo=2026
[2026-03-06T23:44:29.686Z] OPTIONS /api/entries/211?periodo=2026
[2026-03-06T23:44:29.686Z] OPTIONS /api/entries/214?periodo=2026
[2026-03-06T23:44:29.686Z] OPTIONS /api/entries/212?periodo=2026
[2026-03-06T23:44:29.686Z] GET /api/entries/326?periodo=2026
[2026-03-06T23:44:29.686Z] GET /api/entries/328?periodo=2026
[2026-03-06T23:44:29.687Z] OPTIONS /api/entries/213?periodo=2026
[2026-03-06T23:44:29.687Z] OPTIONS /api/entries/215?periodo=2026
[2026-03-06T23:44:29.687Z] OPTIONS /api/entries/216?periodo=2026
[2026-03-06T23:44:29.687Z] OPTIONS /api/entries/218?periodo=2026
[2026-03-06T23:44:29.687Z] GET /api/entries/329?periodo=2026
[2026-03-06T23:44:29.688Z] GET /api/entries/330?periodo=2026
[2026-03-06T23:44:29.688Z] GET /api/entries/333?periodo=2026
[2026-03-06T23:44:29.688Z] OPTIONS /api/entries/217?periodo=2026
[2026-03-06T23:44:29.688Z] OPTIONS /api/entries/219?periodo=2026
[2026-03-06T23:44:29.688Z] OPTIONS /api/entries/220?periodo=2026
[2026-03-06T23:44:29.688Z] OPTIONS /api/entries/222?periodo=2026
[2026-03-06T23:44:29.689Z] GET /api/entries/334?periodo=2026
[2026-03-06T23:44:29.689Z] GET /api/entries/331?periodo=2026
[2026-03-06T23:44:29.689Z] GET /api/entries/332?periodo=2026
[2026-03-06T23:44:29.690Z] OPTIONS /api/entries/221?periodo=2026
[2026-03-06T23:44:29.690Z] OPTIONS /api/entries/223?periodo=2026
[2026-03-06T23:44:29.690Z] OPTIONS /api/entries/224?periodo=2026
[2026-03-06T23:44:29.690Z] GET /api/entries/335?periodo=2026
[2026-03-06T23:44:29.690Z] GET /api/entries/337?periodo=2026
[2026-03-06T23:44:29.691Z] OPTIONS /api/entries/225?periodo=2026
[2026-03-06T23:44:29.691Z] OPTIONS /api/entries/226?periodo=2026
[2026-03-06T23:44:29.691Z] OPTIONS /api/entries/228?periodo=2026
[2026-03-06T23:44:29.691Z] GET /api/entries/336?periodo=2026
[2026-03-06T23:44:29.691Z] GET /api/entries/341?periodo=2026
[2026-03-06T23:44:29.692Z] GET /api/entries/342?periodo=2026
[2026-03-06T23:44:29.692Z] OPTIONS /api/entries/229?periodo=2026
[2026-03-06T23:44:29.692Z] GET /api/entries/343?periodo=2026
[2026-03-06T23:44:29.693Z] OPTIONS /api/entries/230?periodo=2026
[2026-03-06T23:44:29.693Z] OPTIONS /api/entries/233?periodo=2026
[2026-03-06T23:44:29.693Z] OPTIONS /api/entries/234?periodo=2026
[2026-03-06T23:44:29.693Z] OPTIONS /api/entries/235?periodo=2026
[2026-03-06T23:44:29.693Z] GET /api/entries/344?periodo=2026
[2026-03-06T23:44:29.694Z] GET /api/entries/347?periodo=2026
[2026-03-06T23:44:29.694Z] OPTIONS /api/entries/238?periodo=2026
[2026-03-06T23:44:29.694Z] OPTIONS /api/entries/236?periodo=2026
[2026-03-06T23:44:29.694Z] OPTIONS /api/entries/237?periodo=2026
[2026-03-06T23:44:29.694Z] GET /api/entries/349?periodo=2026
[2026-03-06T23:44:29.695Z] OPTIONS /api/entries/239?periodo=2026
[2026-03-06T23:44:29.695Z] GET /api/entries/350?periodo=2026
[2026-03-06T23:44:29.695Z] GET /api/entries/348?periodo=2026
[2026-03-06T23:44:29.695Z] OPTIONS /api/entries/240?periodo=2026
[2026-03-06T23:44:29.695Z] OPTIONS /api/entries/242?periodo=2026
[2026-03-06T23:44:29.695Z] OPTIONS /api/entries/243?periodo=2026
[2026-03-06T23:44:29.696Z] OPTIONS /api/entries/244?periodo=2026
[2026-03-06T23:44:29.696Z] GET /api/entries/352?periodo=2026
[2026-03-06T23:44:29.696Z] GET /api/entries/351?periodo=2026
[2026-03-06T23:44:29.696Z] GET /api/entries/353?periodo=2026
[2026-03-06T23:44:29.697Z] OPTIONS /api/entries/245?periodo=2026
[2026-03-06T23:44:29.697Z] OPTIONS /api/entries/246?periodo=2026
[2026-03-06T23:44:29.697Z] OPTIONS /api/entries/247?periodo=2026
[2026-03-06T23:44:29.697Z] GET /api/entries/354?periodo=2026
[2026-03-06T23:44:29.697Z] OPTIONS /api/entries/248?periodo=2026
[2026-03-06T23:44:29.697Z] GET /api/entries/355?periodo=2026
[2026-03-06T23:44:29.698Z] GET /api/entries/356?periodo=2026
[2026-03-06T23:44:29.698Z] GET /api/entries/357?periodo=2026
[2026-03-06T23:44:29.699Z] OPTIONS /api/entries/249?periodo=2026
[2026-03-06T23:44:29.699Z] OPTIONS /api/entries/252?periodo=2026
[2026-03-06T23:44:29.699Z] OPTIONS /api/entries/250?periodo=2026
[2026-03-06T23:44:29.699Z] GET /api/entries/358?periodo=2026
[2026-03-06T23:44:29.699Z] GET /api/entries/359?periodo=2026
[2026-03-06T23:44:29.699Z] GET /api/entries/360?periodo=2026
[2026-03-06T23:44:29.700Z] OPTIONS /api/entries/251?periodo=2026
[2026-03-06T23:44:29.700Z] GET /api/entries/363?periodo=2026
[2026-03-06T23:44:29.700Z] GET /api/entries/362?periodo=2026
[2026-03-06T23:44:29.701Z] OPTIONS /api/entries/253?periodo=2026
[2026-03-06T23:44:29.701Z] OPTIONS /api/entries/254?periodo=2026
[2026-03-06T23:44:29.701Z] OPTIONS /api/entries/255?periodo=2026
[2026-03-06T23:44:29.701Z] GET /api/entries/364?periodo=2026
[2026-03-06T23:44:29.702Z] GET /api/entries/361?periodo=2026
[2026-03-06T23:44:29.703Z] OPTIONS /api/entries/258?periodo=2026
[2026-03-06T23:44:29.703Z] OPTIONS /api/entries/259?periodo=2026
[2026-03-06T23:44:29.703Z] OPTIONS /api/entries/260?periodo=2026
[2026-03-06T23:44:29.703Z] GET /api/entries/365?periodo=2026
[2026-03-06T23:44:29.703Z] GET /api/entries/366?periodo=2026
[2026-03-06T23:44:29.704Z] GET /api/entries/368?periodo=2026
[2026-03-06T23:44:29.704Z] GET /api/entries/367?periodo=2026
[2026-03-06T23:44:29.704Z] OPTIONS /api/entries/261?periodo=2026
[2026-03-06T23:44:29.704Z] OPTIONS /api/entries/257?periodo=2026
[2026-03-06T23:44:29.704Z] OPTIONS /api/entries/262?periodo=2026
[2026-03-06T23:44:29.704Z] GET /api/entries/369?periodo=2026
[2026-03-06T23:44:29.705Z] GET /api/entries/370?periodo=2026
[2026-03-06T23:44:29.705Z] OPTIONS /api/entries/263?periodo=2026
[2026-03-06T23:44:29.706Z] OPTIONS /api/entries/267?periodo=2026
[2026-03-06T23:44:29.706Z] OPTIONS /api/entries/266?periodo=2026
[2026-03-06T23:44:29.706Z] OPTIONS /api/entries/268?periodo=2026
[2026-03-06T23:44:29.706Z] GET /api/entries/373?periodo=2026
[2026-03-06T23:44:29.706Z] GET /api/entries/371?periodo=2026
[2026-03-06T23:44:29.706Z] GET /api/entries/372?periodo=2026
[2026-03-06T23:44:29.707Z] OPTIONS /api/entries/264?periodo=2026
[2026-03-06T23:44:29.707Z] OPTIONS /api/entries/265?periodo=2026
[2026-03-06T23:44:29.707Z] OPTIONS /api/entries/269?periodo=2026
[2026-03-06T23:44:29.707Z] GET /api/entries/376?periodo=2026
[2026-03-06T23:44:29.707Z] GET /api/entries/374?periodo=2026
[2026-03-06T23:44:29.708Z] OPTIONS /api/entries/270?periodo=2026
[2026-03-06T23:44:29.708Z] OPTIONS /api/entries/271?periodo=2026
[2026-03-06T23:44:29.708Z] OPTIONS /api/entries/272?periodo=2026
[2026-03-06T23:44:29.708Z] OPTIONS /api/entries/273?periodo=2026
[2026-03-06T23:44:29.708Z] GET /api/entries/375?periodo=2026
[2026-03-06T23:44:29.708Z] OPTIONS /api/entries/274?periodo=2026
[2026-03-06T23:44:29.708Z] OPTIONS /api/entries/275?periodo=2026
[2026-03-06T23:44:29.709Z] GET /api/entries/377?periodo=2026
[2026-03-06T23:44:29.709Z] GET /api/entries/378?periodo=2026
[2026-03-06T23:44:29.709Z] OPTIONS /api/entries/276?periodo=2026
[2026-03-06T23:44:29.709Z] OPTIONS /api/entries/277?periodo=2026
[2026-03-06T23:44:29.710Z] GET /api/entries/379?periodo=2026
[2026-03-06T23:44:29.711Z] GET /api/entries/380?periodo=2026
[2026-03-06T23:44:29.712Z] OPTIONS /api/entries/278?periodo=2026
[2026-03-06T23:44:29.713Z] OPTIONS /api/entries/281?periodo=2026
[2026-03-06T23:44:29.713Z] OPTIONS /api/entries/280?periodo=2026
[2026-03-06T23:44:29.713Z] OPTIONS /api/entries/282?periodo=2026
[2026-03-06T23:44:29.713Z] OPTIONS /api/entries/279?periodo=2026
[2026-03-06T23:44:29.713Z] OPTIONS /api/entries/283?periodo=2026
[2026-03-06T23:44:29.713Z] OPTIONS /api/entries/284?periodo=2026
[2026-03-06T23:44:29.713Z] OPTIONS /api/entries/286?periodo=2026
[2026-03-06T23:44:29.713Z] OPTIONS /api/entries/285?periodo=2026
[2026-03-06T23:44:29.713Z] GET /api/entries/381?periodo=2026
[2026-03-06T23:44:29.714Z] OPTIONS /api/entries/290?periodo=2026
[2026-03-06T23:44:29.714Z] OPTIONS /api/entries/289?periodo=2026
[2026-03-06T23:44:29.714Z] GET /api/entries/384?periodo=2026
[2026-03-06T23:44:29.716Z] OPTIONS /api/entries/288?periodo=2026
[2026-03-06T23:44:29.716Z] OPTIONS /api/entries/291?periodo=2026
[2026-03-06T23:44:29.716Z] OPTIONS /api/entries/292?periodo=2026
[2026-03-06T23:44:29.716Z] GET /api/entries/382?periodo=2026
[2026-03-06T23:44:29.717Z] OPTIONS /api/entries/294?periodo=2026
[2026-03-06T23:44:29.717Z] GET /api/entries/383?periodo=2026
[2026-03-06T23:44:29.717Z] OPTIONS /api/entries/293?periodo=2026
[2026-03-06T23:44:29.717Z] GET /api/entries/385?periodo=2026
[2026-03-06T23:44:29.718Z] GET /api/entries/386?periodo=2026
[2026-03-06T23:44:29.718Z] GET /api/entries/387?periodo=2026
[2026-03-06T23:44:29.719Z] GET /api/entries/389?periodo=2026
[2026-03-06T23:44:29.719Z] OPTIONS /api/entries/298?periodo=2026
[2026-03-06T23:44:29.719Z] OPTIONS /api/entries/299?periodo=2026
[2026-03-06T23:44:29.719Z] OPTIONS /api/entries/295?periodo=2026
[2026-03-06T23:44:29.719Z] OPTIONS /api/entries/296?periodo=2026
[2026-03-06T23:44:29.719Z] GET /api/entries/388?periodo=2026
[2026-03-06T23:44:29.720Z] OPTIONS /api/entries/297?periodo=2026
[2026-03-06T23:44:29.720Z] OPTIONS /api/entries/300?periodo=2026
[2026-03-06T23:44:29.720Z] OPTIONS /api/entries/301?periodo=2026
[2026-03-06T23:44:29.720Z] OPTIONS /api/entries/302?periodo=2026
[2026-03-06T23:44:29.720Z] OPTIONS /api/entries/303?periodo=2026
[2026-03-06T23:44:29.720Z] OPTIONS /api/entries/305?periodo=2026
[2026-03-06T23:44:29.720Z] OPTIONS /api/entries/304?periodo=2026
[2026-03-06T23:44:29.720Z] GET /api/entries/390?periodo=2026
[2026-03-06T23:44:29.721Z] GET /api/entries/391?periodo=2026
[2026-03-06T23:44:29.721Z] GET /api/entries/392?periodo=2026
[2026-03-06T23:44:29.721Z] OPTIONS /api/entries/306?periodo=2026
[2026-03-06T23:44:29.721Z] GET /api/entries/393?periodo=2026
[2026-03-06T23:44:29.722Z] OPTIONS /api/entries/307?periodo=2026
[2026-03-06T23:44:29.722Z] GET /api/entries/394?periodo=2026
[2026-03-06T23:44:29.722Z] GET /api/entries/395?periodo=2026
[2026-03-06T23:44:29.723Z] GET /api/entries/396?periodo=2026
[2026-03-06T23:44:29.723Z] GET /api/entries/397?periodo=2026
[2026-03-06T23:44:29.723Z] GET /api/entries/398?periodo=2026
[2026-03-06T23:44:29.724Z] GET /api/entries/399?periodo=2026
[2026-03-06T23:44:29.724Z] GET /api/entries/400?periodo=2026
[2026-03-06T23:44:29.724Z] GET /api/entries/401?periodo=2026
[2026-03-06T23:44:29.725Z] GET /api/entries/402?periodo=2026
[2026-03-06T23:44:29.725Z] GET /api/entries/403?periodo=2026
[2026-03-06T23:44:29.726Z] GET /api/entries/404?periodo=2026
[2026-03-06T23:44:29.726Z] GET /api/entries/405?periodo=2026
[2026-03-06T23:44:29.726Z] GET /api/entries/406?periodo=2026
[2026-03-06T23:44:29.727Z] GET /api/entries/407?periodo=2026
[2026-03-06T23:44:29.727Z] GET /api/entries/409?periodo=2026
[2026-03-06T23:44:29.728Z] GET /api/entries/408?periodo=2026
[2026-03-06T23:44:29.728Z] GET /api/entries/410?periodo=2026
[2026-03-06T23:44:29.728Z] GET /api/entries/411?periodo=2026
[2026-03-06T23:44:29.729Z] GET /api/entries/412?periodo=2026
[2026-03-06T23:44:29.729Z] GET /api/entries/413?periodo=2026
[2026-03-06T23:44:29.730Z] GET /api/entries/414?periodo=2026
[2026-03-06T23:44:29.730Z] GET /api/entries/2?periodo=2026
[2026-03-06T23:44:29.730Z] GET /api/entries/3?periodo=2026
[2026-03-06T23:44:29.731Z] GET /api/entries/4?periodo=2026
[2026-03-06T23:44:29.732Z] GET /api/entries/5?periodo=2026
[2026-03-06T23:44:29.732Z] GET /api/entries/6?periodo=2026
[2026-03-06T23:44:29.733Z] GET /api/entries/7?periodo=2026
[2026-03-06T23:44:29.733Z] GET /api/entries/8?periodo=2026
[2026-03-06T23:44:29.735Z] GET /api/entries/11?periodo=2026
[2026-03-06T23:44:29.736Z] GET /api/entries/9?periodo=2026
[2026-03-06T23:44:29.736Z] GET /api/entries/10?periodo=2026
[2026-03-06T23:44:29.737Z] GET /api/entries/12?periodo=2026
[2026-03-06T23:44:29.737Z] GET /api/entries/13?periodo=2026
[2026-03-06T23:44:29.737Z] GET /api/entries/14?periodo=2026
[2026-03-06T23:44:29.739Z] GET /api/entries/15?periodo=2026
[2026-03-06T23:44:29.739Z] GET /api/entries/16?periodo=2026
[2026-03-06T23:44:29.739Z] GET /api/entries/21?periodo=2026
[2026-03-06T23:44:29.740Z] GET /api/entries/18?periodo=2026
[2026-03-06T23:44:29.740Z] GET /api/entries/19?periodo=2026
[2026-03-06T23:44:29.740Z] GET /api/entries/17?periodo=2026
[2026-03-06T23:44:29.741Z] GET /api/entries/24?periodo=2026
[2026-03-06T23:44:29.742Z] GET /api/entries/22?periodo=2026
[2026-03-06T23:44:29.742Z] GET /api/entries/23?periodo=2026
[2026-03-06T23:44:29.743Z] GET /api/entries/29?periodo=2026
[2026-03-06T23:44:29.743Z] GET /api/entries/25?periodo=2026
[2026-03-06T23:44:29.743Z] GET /api/entries/26?periodo=2026
[2026-03-06T23:44:29.744Z] GET /api/entries/28?periodo=2026
[2026-03-06T23:44:29.745Z] GET /api/entries/30?periodo=2026
[2026-03-06T23:44:29.745Z] GET /api/entries/31?periodo=2026
[2026-03-06T23:44:29.746Z] GET /api/entries/36?periodo=2026
[2026-03-06T23:44:29.746Z] GET /api/entries/32?periodo=2026
[2026-03-06T23:44:29.746Z] GET /api/entries/33?periodo=2026
[2026-03-06T23:44:29.747Z] GET /api/entries/34?periodo=2026
[2026-03-06T23:44:29.747Z] GET /api/entries/35?periodo=2026
[2026-03-06T23:44:29.748Z] GET /api/entries/39?periodo=2026
[2026-03-06T23:44:29.748Z] GET /api/entries/40?periodo=2026
[2026-03-06T23:44:29.748Z] GET /api/entries/41?periodo=2026
[2026-03-06T23:44:29.749Z] GET /api/entries/42?periodo=2026
[2026-03-06T23:44:29.751Z] GET /api/entries/45?periodo=2026
[2026-03-06T23:44:29.751Z] GET /api/entries/37?periodo=2026
[2026-03-06T23:44:29.752Z] GET /api/entries/46?periodo=2026
[2026-03-06T23:44:29.752Z] GET /api/entries/43?periodo=2026
[2026-03-06T23:44:29.752Z] GET /api/entries/47?periodo=2026
[2026-03-06T23:44:29.752Z] GET /api/entries/48?periodo=2026
[2026-03-06T23:44:29.754Z] GET /api/entries/49?periodo=2026
[2026-03-06T23:44:29.754Z] GET /api/entries/50?periodo=2026
[2026-03-06T23:44:29.754Z] GET /api/entries/51?periodo=2026
[2026-03-06T23:44:29.755Z] GET /api/entries/52?periodo=2026
[2026-03-06T23:44:29.755Z] GET /api/entries/56?periodo=2026
[2026-03-06T23:44:29.755Z] GET /api/entries/57?periodo=2026
[2026-03-06T23:44:29.756Z] GET /api/entries/53?periodo=2026
[2026-03-06T23:44:29.757Z] GET /api/entries/54?periodo=2026
[2026-03-06T23:44:29.757Z] GET /api/entries/60?periodo=2026
[2026-03-06T23:44:29.758Z] GET /api/entries/61?periodo=2026
[2026-03-06T23:44:29.758Z] GET /api/entries/62?periodo=2026
[2026-03-06T23:44:29.758Z] GET /api/entries/58?periodo=2026
[2026-03-06T23:44:29.759Z] GET /api/entries/59?periodo=2026
[2026-03-06T23:44:29.759Z] GET /api/entries/65?periodo=2026
[2026-03-06T23:44:29.759Z] GET /api/entries/66?periodo=2026
[2026-03-06T23:44:29.761Z] GET /api/entries/67?periodo=2026
[2026-03-06T23:44:29.761Z] GET /api/entries/71?periodo=2026
[2026-03-06T23:44:29.761Z] GET /api/entries/63?periodo=2026
[2026-03-06T23:44:29.762Z] GET /api/entries/69?periodo=2026
[2026-03-06T23:44:29.762Z] GET /api/entries/70?periodo=2026
[2026-03-06T23:44:29.762Z] GET /api/entries/72?periodo=2026
[2026-03-06T23:44:29.763Z] GET /api/entries/73?periodo=2026
[2026-03-06T23:44:29.763Z] GET /api/entries/74?periodo=2026
[2026-03-06T23:44:29.764Z] GET /api/entries/75?periodo=2026
[2026-03-06T23:44:29.764Z] GET /api/entries/76?periodo=2026
[2026-03-06T23:44:29.764Z] GET /api/entries/77?periodo=2026
[2026-03-06T23:44:29.765Z] GET /api/entries/78?periodo=2026
[2026-03-06T23:44:29.766Z] GET /api/entries/83?periodo=2026
[2026-03-06T23:44:29.766Z] GET /api/entries/79?periodo=2026
[2026-03-06T23:44:29.766Z] GET /api/entries/81?periodo=2026
[2026-03-06T23:44:29.767Z] GET /api/entries/82?periodo=2026
[2026-03-06T23:44:29.768Z] GET /api/entries/86?periodo=2026
[2026-03-06T23:44:29.768Z] GET /api/entries/87?periodo=2026
[2026-03-06T23:44:29.769Z] GET /api/entries/89?periodo=2026
[2026-03-06T23:44:29.770Z] GET /api/entries/84?periodo=2026
[2026-03-06T23:44:29.770Z] GET /api/entries/85?periodo=2026
[2026-03-06T23:44:29.770Z] GET /api/entries/92?periodo=2026
[2026-03-06T23:44:29.771Z] GET /api/entries/93?periodo=2026
[2026-03-06T23:44:29.771Z] GET /api/entries/95?periodo=2026
[2026-03-06T23:44:29.772Z] GET /api/entries/96?periodo=2026
[2026-03-06T23:44:29.772Z] GET /api/entries/97?periodo=2026
[2026-03-06T23:44:29.772Z] GET /api/entries/91?periodo=2026
[2026-03-06T23:44:29.773Z] GET /api/entries/98?periodo=2026
[2026-03-06T23:44:29.773Z] GET /api/entries/99?periodo=2026
[2026-03-06T23:44:29.774Z] GET /api/entries/100?periodo=2026
[2026-03-06T23:44:29.774Z] GET /api/entries/101?periodo=2026
[2026-03-06T23:44:29.774Z] GET /api/entries/104?periodo=2026
[2026-03-06T23:44:29.775Z] GET /api/entries/102?periodo=2026
[2026-03-06T23:44:29.775Z] GET /api/entries/107?periodo=2026
[2026-03-06T23:44:29.775Z] GET /api/entries/108?periodo=2026
[2026-03-06T23:44:29.776Z] GET /api/entries/103?periodo=2026
[2026-03-06T23:44:29.777Z] GET /api/entries/110?periodo=2026
[2026-03-06T23:44:29.778Z] GET /api/entries/111?periodo=2026
[2026-03-06T23:44:29.778Z] GET /api/entries/112?periodo=2026
[2026-03-06T23:44:29.779Z] GET /api/entries/113?periodo=2026
[2026-03-06T23:44:29.779Z] GET /api/entries/114?periodo=2026
[2026-03-06T23:44:29.779Z] GET /api/entries/115?periodo=2026
[2026-03-06T23:44:29.780Z] GET /api/entries/116?periodo=2026
[2026-03-06T23:44:29.780Z] GET /api/entries/117?periodo=2026
[2026-03-06T23:44:29.780Z] GET /api/entries/118?periodo=2026
[2026-03-06T23:44:29.781Z] GET /api/entries/119?periodo=2026
[2026-03-06T23:44:29.782Z] GET /api/entries/120?periodo=2026
[2026-03-06T23:44:29.784Z] GET /api/entries/121?periodo=2026
[2026-03-06T23:44:29.785Z] GET /api/entries/122?periodo=2026
[2026-03-06T23:44:29.788Z] GET /api/entries/123?periodo=2026
[2026-03-06T23:44:29.793Z] GET /api/entries/124?periodo=2026
[2026-03-06T23:44:29.794Z] GET /api/entries/125?periodo=2026
[2026-03-06T23:44:29.794Z] GET /api/entries/126?periodo=2026
[2026-03-06T23:44:29.795Z] GET /api/entries/127?periodo=2026
[2026-03-06T23:44:29.795Z] GET /api/entries/128?periodo=2026
[2026-03-06T23:44:29.795Z] GET /api/entries/129?periodo=2026
[2026-03-06T23:44:29.796Z] GET /api/entries/130?periodo=2026
[2026-03-06T23:44:29.797Z] GET /api/entries/131?periodo=2026
[2026-03-06T23:44:29.798Z] GET /api/entries/135?periodo=2026
[2026-03-06T23:44:29.798Z] GET /api/entries/132?periodo=2026
[2026-03-06T23:44:29.798Z] GET /api/entries/133?periodo=2026
[2026-03-06T23:44:29.799Z] GET /api/entries/134?periodo=2026
[2026-03-06T23:44:29.799Z] GET /api/entries/136?periodo=2026
[2026-03-06T23:44:29.799Z] GET /api/entries/137?periodo=2026
[2026-03-06T23:44:29.800Z] GET /api/entries/138?periodo=2026
[2026-03-06T23:44:29.801Z] GET /api/entries/139?periodo=2026
[2026-03-06T23:44:29.801Z] GET /api/entries/140?periodo=2026
[2026-03-06T23:44:29.802Z] GET /api/entries/142?periodo=2026
[2026-03-06T23:44:29.803Z] GET /api/entries/141?periodo=2026
[2026-03-06T23:44:29.803Z] GET /api/entries/144?periodo=2026
[2026-03-06T23:44:29.803Z] GET /api/entries/145?periodo=2026
[2026-03-06T23:44:29.804Z] GET /api/entries/143?periodo=2026
[2026-03-06T23:44:29.804Z] GET /api/entries/147?periodo=2026
[2026-03-06T23:44:29.805Z] GET /api/entries/146?periodo=2026
[2026-03-06T23:44:29.805Z] GET /api/entries/149?periodo=2026
[2026-03-06T23:44:29.806Z] GET /api/entries/148?periodo=2026
[2026-03-06T23:44:29.806Z] GET /api/entries/150?periodo=2026
[2026-03-06T23:44:29.806Z] GET /api/entries/152?periodo=2026
[2026-03-06T23:44:29.807Z] GET /api/entries/151?periodo=2026
[2026-03-06T23:44:29.808Z] GET /api/entries/153?periodo=2026
[2026-03-06T23:44:29.808Z] GET /api/entries/154?periodo=2026
[2026-03-06T23:44:29.809Z] GET /api/entries/155?periodo=2026
[2026-03-06T23:44:29.809Z] GET /api/entries/156?periodo=2026
[2026-03-06T23:44:29.812Z] GET /api/entries/158?periodo=2026
[2026-03-06T23:44:29.813Z] GET /api/entries/159?periodo=2026
[2026-03-06T23:44:29.813Z] GET /api/entries/160?periodo=2026
[2026-03-06T23:44:29.813Z] GET /api/entries/161?periodo=2026
[2026-03-06T23:44:29.814Z] GET /api/entries/162?periodo=2026
[2026-03-06T23:44:29.814Z] GET /api/entries/164?periodo=2026
[2026-03-06T23:44:29.815Z] GET /api/entries/169?periodo=2026
[2026-03-06T23:44:29.815Z] GET /api/entries/166?periodo=2026
[2026-03-06T23:44:29.816Z] GET /api/entries/163?periodo=2026
[2026-03-06T23:44:29.816Z] GET /api/entries/171?periodo=2026
[2026-03-06T23:44:29.816Z] GET /api/entries/172?periodo=2026
[2026-03-06T23:44:29.817Z] GET /api/entries/167?periodo=2026
[2026-03-06T23:44:29.818Z] GET /api/entries/168?periodo=2026
[2026-03-06T23:44:29.819Z] GET /api/entries/173?periodo=2026
[2026-03-06T23:44:29.819Z] GET /api/entries/170?periodo=2026
[2026-03-06T23:44:29.820Z] GET /api/entries/176?periodo=2026
[2026-03-06T23:44:29.820Z] GET /api/entries/174?periodo=2026
[2026-03-06T23:44:29.820Z] GET /api/entries/175?periodo=2026
[2026-03-06T23:44:29.821Z] GET /api/entries/180?periodo=2026
[2026-03-06T23:44:29.822Z] GET /api/entries/178?periodo=2026
[2026-03-06T23:44:29.823Z] GET /api/entries/179?periodo=2026
[2026-03-06T23:44:29.823Z] GET /api/entries/177?periodo=2026
[2026-03-06T23:44:29.823Z] GET /api/entries/181?periodo=2026
[2026-03-06T23:44:29.824Z] GET /api/entries/182?periodo=2026
[2026-03-06T23:44:29.825Z] GET /api/entries/183?periodo=2026
[2026-03-06T23:44:29.826Z] GET /api/entries/184?periodo=2026
[2026-03-06T23:44:29.826Z] GET /api/entries/185?periodo=2026
[2026-03-06T23:44:29.826Z] GET /api/entries/187?periodo=2026
[2026-03-06T23:44:29.828Z] GET /api/entries/188?periodo=2026
[2026-03-06T23:44:29.830Z] GET /api/entries/186?periodo=2026
[2026-03-06T23:44:29.830Z] GET /api/entries/189?periodo=2026
[2026-03-06T23:44:29.831Z] GET /api/entries/190?periodo=2026
[2026-03-06T23:44:29.832Z] GET /api/entries/194?periodo=2026
[2026-03-06T23:44:29.832Z] GET /api/entries/192?periodo=2026
[2026-03-06T23:44:29.833Z] GET /api/entries/195?periodo=2026
[2026-03-06T23:44:29.834Z] GET /api/entries/191?periodo=2026
[2026-03-06T23:44:29.835Z] GET /api/entries/193?periodo=2026
[2026-03-06T23:44:29.836Z] GET /api/entries/197?periodo=2026
[2026-03-06T23:44:29.836Z] GET /api/entries/196?periodo=2026
[2026-03-06T23:44:29.837Z] GET /api/entries/198?periodo=2026
[2026-03-06T23:44:29.837Z] GET /api/entries/201?periodo=2026
[2026-03-06T23:44:29.838Z] GET /api/entries/200?periodo=2026
[2026-03-06T23:44:29.838Z] GET /api/entries/199?periodo=2026
[2026-03-06T23:44:29.839Z] GET /api/entries/203?periodo=2026
[2026-03-06T23:44:29.839Z] GET /api/entries/202?periodo=2026
[2026-03-06T23:44:29.839Z] GET /api/entries/204?periodo=2026
[2026-03-06T23:44:29.840Z] GET /api/entries/205?periodo=2026
[2026-03-06T23:44:29.841Z] GET /api/entries/207?periodo=2026
[2026-03-06T23:44:29.841Z] GET /api/entries/206?periodo=2026
[2026-03-06T23:44:29.841Z] GET /api/entries/208?periodo=2026
[2026-03-06T23:44:29.842Z] GET /api/entries/209?periodo=2026
[2026-03-06T23:44:29.842Z] GET /api/entries/210?periodo=2026
[2026-03-06T23:44:29.843Z] GET /api/entries/211?periodo=2026
[2026-03-06T23:44:29.843Z] GET /api/entries/214?periodo=2026
[2026-03-06T23:44:29.843Z] GET /api/entries/212?periodo=2026
[2026-03-06T23:44:29.844Z] GET /api/entries/213?periodo=2026
[2026-03-06T23:44:29.844Z] GET /api/entries/215?periodo=2026
[2026-03-06T23:44:29.844Z] GET /api/entries/216?periodo=2026
[2026-03-06T23:44:29.845Z] GET /api/entries/218?periodo=2026
[2026-03-06T23:44:29.845Z] GET /api/entries/217?periodo=2026
[2026-03-06T23:44:29.846Z] GET /api/entries/219?periodo=2026
[2026-03-06T23:44:29.846Z] GET /api/entries/220?periodo=2026
[2026-03-06T23:44:29.846Z] GET /api/entries/222?periodo=2026
[2026-03-06T23:44:29.847Z] OPTIONS /api/entries/415?periodo=2026
[2026-03-06T23:44:29.847Z] GET /api/entries/221?periodo=2026
[2026-03-06T23:44:29.847Z] GET /api/entries/223?periodo=2026
[2026-03-06T23:44:29.848Z] GET /api/entries/224?periodo=2026
[2026-03-06T23:44:29.848Z] OPTIONS /api/entries/417?periodo=2026
[2026-03-06T23:44:29.848Z] OPTIONS /api/entries/416?periodo=2026
[2026-03-06T23:44:29.848Z] GET /api/entries/225?periodo=2026
[2026-03-06T23:44:29.849Z] GET /api/entries/226?periodo=2026
[2026-03-06T23:44:29.849Z] GET /api/entries/228?periodo=2026
[2026-03-06T23:44:29.850Z] GET /api/entries/229?periodo=2026
[2026-03-06T23:44:29.851Z] GET /api/entries/230?periodo=2026
[2026-03-06T23:44:29.851Z] GET /api/entries/234?periodo=2026
[2026-03-06T23:44:29.852Z] GET /api/entries/233?periodo=2026
[2026-03-06T23:44:29.852Z] GET /api/entries/235?periodo=2026
[2026-03-06T23:44:29.853Z] GET /api/entries/238?periodo=2026
[2026-03-06T23:44:29.854Z] GET /api/entries/236?periodo=2026
[2026-03-06T23:44:29.855Z] GET /api/entries/237?periodo=2026
[2026-03-06T23:44:29.856Z] GET /api/entries/239?periodo=2026
[2026-03-06T23:44:29.856Z] GET /api/entries/240?periodo=2026
[2026-03-06T23:44:29.857Z] GET /api/entries/243?periodo=2026
[2026-03-06T23:44:29.858Z] GET /api/entries/242?periodo=2026
[2026-03-06T23:44:29.858Z] GET /api/entries/244?periodo=2026
[2026-03-06T23:44:29.859Z] GET /api/entries/245?periodo=2026
[2026-03-06T23:44:29.859Z] GET /api/entries/246?periodo=2026
[2026-03-06T23:44:29.859Z] GET /api/entries/247?periodo=2026
[2026-03-06T23:44:29.860Z] GET /api/entries/248?periodo=2026
[2026-03-06T23:44:29.860Z] GET /api/entries/249?periodo=2026
[2026-03-06T23:44:29.861Z] GET /api/entries/252?periodo=2026
[2026-03-06T23:44:29.861Z] GET /api/entries/250?periodo=2026
[2026-03-06T23:44:29.861Z] GET /api/entries/251?periodo=2026
[2026-03-06T23:44:29.862Z] GET /api/entries/253?periodo=2026
[2026-03-06T23:44:29.862Z] GET /api/entries/254?periodo=2026
[2026-03-06T23:44:29.863Z] GET /api/entries/255?periodo=2026
[2026-03-06T23:44:29.863Z] GET /api/entries/258?periodo=2026
[2026-03-06T23:44:29.863Z] GET /api/entries/259?periodo=2026
[2026-03-06T23:44:29.864Z] GET /api/entries/260?periodo=2026
[2026-03-06T23:44:29.865Z] GET /api/entries/261?periodo=2026
[2026-03-06T23:44:29.865Z] GET /api/entries/257?periodo=2026
[2026-03-06T23:44:29.865Z] GET /api/entries/262?periodo=2026
[2026-03-06T23:44:29.865Z] GET /api/entries/263?periodo=2026
[2026-03-06T23:44:29.866Z] GET /api/entries/267?periodo=2026
[2026-03-06T23:44:29.866Z] GET /api/entries/266?periodo=2026
[2026-03-06T23:44:29.867Z] GET /api/entries/268?periodo=2026
[2026-03-06T23:44:29.868Z] GET /api/entries/264?periodo=2026
[2026-03-06T23:44:29.868Z] GET /api/entries/265?periodo=2026
[2026-03-06T23:44:29.868Z] GET /api/entries/269?periodo=2026
[2026-03-06T23:44:29.869Z] GET /api/entries/270?periodo=2026
[2026-03-06T23:44:29.869Z] GET /api/entries/271?periodo=2026
[2026-03-06T23:44:29.870Z] GET /api/entries/272?periodo=2026
[2026-03-06T23:44:29.871Z] GET /api/entries/273?periodo=2026
[2026-03-06T23:44:29.871Z] GET /api/entries/274?periodo=2026
[2026-03-06T23:44:29.872Z] GET /api/entries/275?periodo=2026
[2026-03-06T23:44:29.872Z] GET /api/entries/276?periodo=2026
[2026-03-06T23:44:29.873Z] GET /api/entries/277?periodo=2026
[2026-03-06T23:44:29.873Z] GET /api/entries/278?periodo=2026
[2026-03-06T23:44:29.874Z] GET /api/entries/281?periodo=2026
[2026-03-06T23:44:29.874Z] GET /api/entries/280?periodo=2026
[2026-03-06T23:44:29.875Z] GET /api/entries/282?periodo=2026
[2026-03-06T23:44:29.875Z] GET /api/entries/279?periodo=2026
[2026-03-06T23:44:29.876Z] GET /api/entries/283?periodo=2026
[2026-03-06T23:44:29.876Z] GET /api/entries/284?periodo=2026
[2026-03-06T23:44:29.876Z] GET /api/entries/286?periodo=2026
[2026-03-06T23:44:29.877Z] GET /api/entries/285?periodo=2026
[2026-03-06T23:44:29.877Z] GET /api/entries/290?periodo=2026
[2026-03-06T23:44:29.878Z] GET /api/entries/289?periodo=2026
[2026-03-06T23:44:29.878Z] GET /api/entries/288?periodo=2026
[2026-03-06T23:44:29.879Z] GET /api/entries/291?periodo=2026
[2026-03-06T23:44:29.879Z] GET /api/entries/292?periodo=2026
[2026-03-06T23:44:29.879Z] GET /api/entries/294?periodo=2026
[2026-03-06T23:44:29.880Z] GET /api/entries/293?periodo=2026
[2026-03-06T23:44:29.880Z] GET /api/entries/298?periodo=2026
[2026-03-06T23:44:29.880Z] GET /api/entries/299?periodo=2026
[2026-03-06T23:44:29.881Z] GET /api/entries/296?periodo=2026
[2026-03-06T23:44:29.881Z] GET /api/entries/295?periodo=2026
[2026-03-06T23:44:29.881Z] GET /api/entries/297?periodo=2026
[2026-03-06T23:44:29.882Z] GET /api/entries/300?periodo=2026
[2026-03-06T23:44:29.883Z] GET /api/entries/301?periodo=2026
[2026-03-06T23:44:29.884Z] GET /api/entries/302?periodo=2026
[2026-03-06T23:44:29.884Z] GET /api/entries/303?periodo=2026
[2026-03-06T23:44:29.884Z] GET /api/entries/305?periodo=2026
[2026-03-06T23:44:29.885Z] GET /api/entries/304?periodo=2026
[2026-03-06T23:44:29.885Z] GET /api/entries/306?periodo=2026
[2026-03-06T23:44:29.886Z] GET /api/entries/307?periodo=2026
[2026-03-06T23:44:29.886Z] GET /api/entries/415?periodo=2026
[2026-03-06T23:44:29.886Z] GET /api/entries/417?periodo=2026
[2026-03-06T23:44:29.887Z] GET /api/entries/416?periodo=2026
[2026-03-06T23:44:30.977Z] OPTIONS /api/activities?periodo=2026
[2026-03-06T23:44:30.978Z] GET /api/activities?periodo=2026
[2026-03-06T23:44:30.985Z] GET /api/activities?periodo=2026
[2026-03-06T23:44:34.958Z] OPTIONS /api/catalogs/narrative-titles?periodo=2026
[2026-03-06T23:44:34.958Z] OPTIONS /api/catalogs/ods?periodo=2026
[2026-03-06T23:44:34.959Z] OPTIONS /api/catalogs/ped/missions?periodo=2026
[2026-03-06T23:44:34.959Z] OPTIONS /api/catalogs/ped/objectives
[2026-03-06T23:44:34.960Z] GET /api/catalogs/narrative-titles?periodo=2026
[2026-03-06T23:44:34.961Z] OPTIONS /api/catalogs/ped/strategies
[2026-03-06T23:44:34.961Z] OPTIONS /api/catalogs/ped/action-lines
[2026-03-06T23:44:34.961Z] GET /api/catalogs/ped/missions?periodo=2026
[2026-03-06T23:44:34.962Z] GET /api/catalogs/ped/objectives
[2026-03-06T23:44:34.962Z] GET /api/catalogs/ods?periodo=2026
[2026-03-06T23:44:34.962Z] OPTIONS /api/catalogs/ppas-types
[2026-03-06T23:44:34.962Z] OPTIONS /api/catalogs/budget-programs?periodo=2026
[2026-03-06T23:44:34.962Z] GET /api/catalogs/ped/strategies
[2026-03-06T23:44:34.963Z] GET /api/catalogs/ped/action-lines
[2026-03-06T23:44:34.964Z] GET /api/catalogs/ppas-types
[2026-03-06T23:44:34.967Z] GET /api/catalogs/budget-programs?periodo=2026
[2026-03-06T23:44:34.967Z] GET /api/catalogs/narrative-titles?periodo=2026
[2026-03-06T23:44:34.968Z] GET /api/catalogs/ped/objectives
[2026-03-06T23:44:34.968Z] GET /api/catalogs/ped/missions?periodo=2026
[2026-03-06T23:44:34.971Z] GET /api/catalogs/ods?periodo=2026
[2026-03-06T23:44:34.971Z] GET /api/catalogs/ppas-types
[2026-03-06T23:44:34.973Z] GET /api/catalogs/ped/strategies
[2026-03-06T23:44:34.974Z] OPTIONS /api/catalogs/default-classification
[2026-03-06T23:44:34.974Z] GET /api/catalogs/ped/action-lines
[2026-03-06T23:44:34.974Z] GET /api/catalogs/budget-programs?periodo=2026
[2026-03-06T23:44:34.975Z] GET /api/catalogs/default-classification
[default-classification] JWT user.id=156 type=string
[default-classification] depRaw=[{"name":"Secretaría de Salud"}]
Default classification for "Secretaría de Salud": titulo="SISTEMA DE SALUD PARA EL BIENESTAR"(14), tema="PROMOCIÓN, PREVENCIÓN Y ATENCIÓN TEMPRANA"(26), subtema="Cuidado de la salud mental y prevención de las adicciones"(14) | allowed: 1 titulos
[2026-03-06T23:44:34.985Z] GET /api/catalogs/default-classification
[default-classification] JWT user.id=156 type=string
[2026-03-06T23:44:34.986Z] OPTIONS /api/catalogs/narrative-themes?periodo=2026&title_id=14
[2026-03-06T23:44:34.986Z] GET /api/catalogs/narrative-themes?periodo=2026&title_id=14
[default-classification] depRaw=[{"name":"Secretaría de Salud"}]
[2026-03-06T23:44:34.990Z] OPTIONS /api/catalogs/narrative-subthemes?periodo=2026&theme_id=26
Default classification for "Secretaría de Salud": titulo="SISTEMA DE SALUD PARA EL BIENESTAR"(14), tema="PROMOCIÓN, PREVENCIÓN Y ATENCIÓN TEMPRANA"(26), subtema="Cuidado de la salud mental y prevención de las adicciones"(14) | allowed: 1 titulos
[2026-03-06T23:44:34.991Z] GET /api/catalogs/narrative-subthemes?periodo=2026&theme_id=26
[2026-03-06T23:44:34.991Z] GET /api/catalogs/narrative-themes?periodo=2026&title_id=14
[2026-03-06T23:44:35.006Z] GET /api/catalogs/narrative-subthemes?periodo=2026&theme_id=26
[2026-03-06T23:44:36.083Z] OPTIONS /api/narratives/my-captures?periodo=2026
[2026-03-06T23:44:36.084Z] GET /api/narratives/my-captures?periodo=2026
[2026-03-06T23:44:36.087Z] GET /api/narratives/my-captures?periodo=2026
[2026-03-06T23:44:48.124Z] OPTIONS /api/dashboard/stats?periodo=2026
[2026-03-06T23:44:48.124Z] OPTIONS /api/activities?periodo=2026
[2026-03-06T23:44:48.124Z] GET /api/dashboard/stats?periodo=2026
[2026-03-06T23:44:48.125Z] GET /api/activities?periodo=2026
[2026-03-06T23:44:48.128Z] GET /api/dashboard/stats?periodo=2026
[2026-03-06T23:44:48.129Z] GET /api/activities?periodo=2026
[2026-03-06T23:49:31.708Z] OPTIONS /api/auth/login
[2026-03-06T23:49:31.709Z] POST /api/auth/login
Login Successful: admin@seplan.gob.mx | Roles: SuperAdministrador | Mission: undefined
[2026-03-06T23:49:31.756Z] OPTIONS /api/dashboard/stats?periodo=2026
[2026-03-06T23:49:31.757Z] OPTIONS /api/activities?periodo=2026
[2026-03-06T23:49:31.757Z] GET /api/dashboard/stats?periodo=2026
[2026-03-06T23:49:31.758Z] GET /api/activities?periodo=2026
[2026-03-06T23:49:31.762Z] GET /api/activities?periodo=2026
[2026-03-06T23:49:31.766Z] GET /api/dashboard/stats?periodo=2026
[2026-03-06T23:49:59.861Z] OPTIONS /api/stats/global?periodo=2026
[2026-03-06T23:49:59.861Z] GET /api/stats/global?periodo=2026
[2026-03-06T23:49:59.884Z] GET /api/stats/global?periodo=2026
[2026-03-06T23:50:07.858Z] OPTIONS /api/entities?periodo=2026
[2026-03-06T23:50:07.858Z] GET /api/entities?periodo=2026
[2026-03-06T23:50:07.913Z] GET /api/entities?periodo=2026
[2026-03-06T23:50:07.920Z] OPTIONS /api/entries/2?periodo=2026
[2026-03-06T23:50:07.921Z] OPTIONS /api/entries/3?periodo=2026
[2026-03-06T23:50:07.923Z] OPTIONS /api/entries/6?periodo=2026
[2026-03-06T23:50:07.924Z] OPTIONS /api/entries/4?periodo=2026
[2026-03-06T23:50:07.924Z] OPTIONS /api/entries/5?periodo=2026
[2026-03-06T23:50:07.925Z] OPTIONS /api/entries/7?periodo=2026
[2026-03-06T23:50:07.925Z] GET /api/entries/2?periodo=2026
[2026-03-06T23:50:07.934Z] GET /api/entries/3?periodo=2026
[2026-03-06T23:50:07.934Z] GET /api/entries/6?periodo=2026
[2026-03-06T23:50:07.935Z] GET /api/entries/4?periodo=2026
[2026-03-06T23:50:07.935Z] OPTIONS /api/entries/8?periodo=2026
[2026-03-06T23:50:07.936Z] GET /api/entries/5?periodo=2026
[2026-03-06T23:50:07.939Z] OPTIONS /api/entries/9?periodo=2026
[2026-03-06T23:50:07.939Z] GET /api/entries/7?periodo=2026
[2026-03-06T23:50:07.941Z] OPTIONS /api/entries/10?periodo=2026
[2026-03-06T23:50:07.942Z] OPTIONS /api/entries/11?periodo=2026
[2026-03-06T23:50:07.942Z] OPTIONS /api/entries/12?periodo=2026
[2026-03-06T23:50:07.942Z] OPTIONS /api/entries/13?periodo=2026
[2026-03-06T23:50:07.942Z] OPTIONS /api/entries/14?periodo=2026
[2026-03-06T23:50:07.943Z] OPTIONS /api/entries/15?periodo=2026
[2026-03-06T23:50:07.943Z] OPTIONS /api/entries/16?periodo=2026
[2026-03-06T23:50:07.943Z] OPTIONS /api/entries/17?periodo=2026
[2026-03-06T23:50:07.943Z] OPTIONS /api/entries/18?periodo=2026
[2026-03-06T23:50:07.960Z] OPTIONS /api/entries/19?periodo=2026
[2026-03-06T23:50:07.960Z] OPTIONS /api/entries/21?periodo=2026
[2026-03-06T23:50:07.961Z] OPTIONS /api/entries/22?periodo=2026
[2026-03-06T23:50:07.961Z] OPTIONS /api/entries/23?periodo=2026
[2026-03-06T23:50:07.961Z] OPTIONS /api/entries/24?periodo=2026
[2026-03-06T23:50:07.961Z] OPTIONS /api/entries/26?periodo=2026
[2026-03-06T23:50:07.961Z] OPTIONS /api/entries/25?periodo=2026
[2026-03-06T23:50:07.961Z] OPTIONS /api/entries/28?periodo=2026
[2026-03-06T23:50:07.961Z] OPTIONS /api/entries/29?periodo=2026
[2026-03-06T23:50:07.961Z] GET /api/entries/8?periodo=2026
[2026-03-06T23:50:07.962Z] OPTIONS /api/entries/31?periodo=2026
[2026-03-06T23:50:07.962Z] OPTIONS /api/entries/32?periodo=2026
[2026-03-06T23:50:07.962Z] OPTIONS /api/entries/30?periodo=2026
[2026-03-06T23:50:07.962Z] OPTIONS /api/entries/33?periodo=2026
[2026-03-06T23:50:07.962Z] OPTIONS /api/entries/34?periodo=2026
[2026-03-06T23:50:07.962Z] OPTIONS /api/entries/35?periodo=2026
[2026-03-06T23:50:07.962Z] GET /api/entries/9?periodo=2026
[2026-03-06T23:50:07.962Z] OPTIONS /api/entries/36?periodo=2026
[2026-03-06T23:50:07.962Z] OPTIONS /api/entries/37?periodo=2026
[2026-03-06T23:50:07.963Z] OPTIONS /api/entries/39?periodo=2026
[2026-03-06T23:50:07.963Z] OPTIONS /api/entries/40?periodo=2026
[2026-03-06T23:50:07.963Z] OPTIONS /api/entries/41?periodo=2026
[2026-03-06T23:50:07.963Z] OPTIONS /api/entries/42?periodo=2026
[2026-03-06T23:50:07.963Z] OPTIONS /api/entries/43?periodo=2026
[2026-03-06T23:50:07.964Z] OPTIONS /api/entries/45?periodo=2026
[2026-03-06T23:50:07.964Z] OPTIONS /api/entries/46?periodo=2026
[2026-03-06T23:50:07.964Z] GET /api/entries/10?periodo=2026
[2026-03-06T23:50:07.964Z] GET /api/entries/11?periodo=2026
[2026-03-06T23:50:07.965Z] GET /api/entries/12?periodo=2026
[2026-03-06T23:50:07.965Z] GET /api/entries/13?periodo=2026
[2026-03-06T23:50:07.966Z] GET /api/entries/14?periodo=2026
[2026-03-06T23:50:07.968Z] GET /api/entries/15?periodo=2026
[2026-03-06T23:50:07.969Z] GET /api/entries/16?periodo=2026
[2026-03-06T23:50:07.970Z] GET /api/entries/17?periodo=2026
[2026-03-06T23:50:07.970Z] OPTIONS /api/entries/47?periodo=2026
[2026-03-06T23:50:07.970Z] GET /api/entries/18?periodo=2026
[2026-03-06T23:50:07.971Z] OPTIONS /api/entries/48?periodo=2026
[2026-03-06T23:50:07.971Z] OPTIONS /api/entries/49?periodo=2026
[2026-03-06T23:50:07.973Z] OPTIONS /api/entries/50?periodo=2026
[2026-03-06T23:50:07.976Z] OPTIONS /api/entries/51?periodo=2026
[2026-03-06T23:50:07.976Z] OPTIONS /api/entries/52?periodo=2026
[2026-03-06T23:50:07.976Z] OPTIONS /api/entries/53?periodo=2026
[2026-03-06T23:50:07.976Z] OPTIONS /api/entries/54?periodo=2026
[2026-03-06T23:50:07.976Z] OPTIONS /api/entries/56?periodo=2026
[2026-03-06T23:50:07.976Z] OPTIONS /api/entries/57?periodo=2026
[2026-03-06T23:50:07.976Z] OPTIONS /api/entries/58?periodo=2026
[2026-03-06T23:50:07.976Z] OPTIONS /api/entries/59?periodo=2026
[2026-03-06T23:50:07.976Z] OPTIONS /api/entries/60?periodo=2026
[2026-03-06T23:50:07.977Z] OPTIONS /api/entries/61?periodo=2026
[2026-03-06T23:50:07.979Z] OPTIONS /api/entries/62?periodo=2026
[2026-03-06T23:50:07.979Z] OPTIONS /api/entries/63?periodo=2026
[2026-03-06T23:50:07.979Z] OPTIONS /api/entries/65?periodo=2026
[2026-03-06T23:50:07.979Z] OPTIONS /api/entries/66?periodo=2026
[2026-03-06T23:50:07.980Z] OPTIONS /api/entries/67?periodo=2026
[2026-03-06T23:50:07.980Z] OPTIONS /api/entries/69?periodo=2026
[2026-03-06T23:50:07.980Z] OPTIONS /api/entries/70?periodo=2026
[2026-03-06T23:50:07.980Z] OPTIONS /api/entries/71?periodo=2026
[2026-03-06T23:50:07.980Z] OPTIONS /api/entries/72?periodo=2026
[2026-03-06T23:50:07.987Z] OPTIONS /api/entries/73?periodo=2026
[2026-03-06T23:50:07.987Z] OPTIONS /api/entries/74?periodo=2026
[2026-03-06T23:50:07.987Z] OPTIONS /api/entries/75?periodo=2026
[2026-03-06T23:50:07.988Z] OPTIONS /api/entries/76?periodo=2026
[2026-03-06T23:50:07.988Z] OPTIONS /api/entries/77?periodo=2026
[2026-03-06T23:50:07.988Z] OPTIONS /api/entries/78?periodo=2026
[2026-03-06T23:50:07.989Z] OPTIONS /api/entries/79?periodo=2026
[2026-03-06T23:50:07.989Z] OPTIONS /api/entries/81?periodo=2026
[2026-03-06T23:50:07.991Z] GET /api/entries/19?periodo=2026
[2026-03-06T23:50:07.992Z] GET /api/entries/22?periodo=2026
[2026-03-06T23:50:07.992Z] GET /api/entries/21?periodo=2026
[2026-03-06T23:50:07.992Z] GET /api/entries/23?periodo=2026
[2026-03-06T23:50:07.993Z] OPTIONS /api/entries/82?periodo=2026
[2026-03-06T23:50:07.993Z] GET /api/entries/24?periodo=2026
[2026-03-06T23:50:07.993Z] GET /api/entries/26?periodo=2026
[2026-03-06T23:50:07.994Z] GET /api/entries/25?periodo=2026
[2026-03-06T23:50:07.994Z] GET /api/entries/28?periodo=2026
[2026-03-06T23:50:07.995Z] GET /api/entries/29?periodo=2026
[2026-03-06T23:50:07.995Z] GET /api/entries/31?periodo=2026
[2026-03-06T23:50:07.995Z] OPTIONS /api/entries/83?periodo=2026
[2026-03-06T23:50:07.995Z] GET /api/entries/32?periodo=2026
[2026-03-06T23:50:07.996Z] GET /api/entries/30?periodo=2026
[2026-03-06T23:50:07.996Z] GET /api/entries/33?periodo=2026
[2026-03-06T23:50:07.997Z] GET /api/entries/34?periodo=2026
[2026-03-06T23:50:07.997Z] OPTIONS /api/entries/84?periodo=2026
[2026-03-06T23:50:07.997Z] GET /api/entries/35?periodo=2026
[2026-03-06T23:50:07.997Z] OPTIONS /api/entries/85?periodo=2026
[2026-03-06T23:50:07.997Z] GET /api/entries/36?periodo=2026
[2026-03-06T23:50:07.998Z] GET /api/entries/37?periodo=2026
[2026-03-06T23:50:07.998Z] GET /api/entries/39?periodo=2026
[2026-03-06T23:50:07.999Z] GET /api/entries/40?periodo=2026
[2026-03-06T23:50:07.999Z] GET /api/entries/41?periodo=2026
[2026-03-06T23:50:08.000Z] GET /api/entries/42?periodo=2026
[2026-03-06T23:50:08.000Z] GET /api/entries/43?periodo=2026
[2026-03-06T23:50:08.000Z] OPTIONS /api/entries/86?periodo=2026
[2026-03-06T23:50:08.001Z] GET /api/entries/45?periodo=2026
[2026-03-06T23:50:08.001Z] OPTIONS /api/entries/87?periodo=2026
[2026-03-06T23:50:08.001Z] GET /api/entries/46?periodo=2026
[2026-03-06T23:50:08.002Z] OPTIONS /api/entries/92?periodo=2026
[2026-03-06T23:50:08.002Z] OPTIONS /api/entries/89?periodo=2026
[2026-03-06T23:50:08.002Z] OPTIONS /api/entries/91?periodo=2026
[2026-03-06T23:50:08.002Z] OPTIONS /api/entries/93?periodo=2026
[2026-03-06T23:50:08.002Z] OPTIONS /api/entries/95?periodo=2026
[2026-03-06T23:50:08.002Z] OPTIONS /api/entries/96?periodo=2026
[2026-03-06T23:50:08.002Z] OPTIONS /api/entries/99?periodo=2026
[2026-03-06T23:50:08.002Z] OPTIONS /api/entries/97?periodo=2026
[2026-03-06T23:50:08.002Z] OPTIONS /api/entries/98?periodo=2026
[2026-03-06T23:50:08.002Z] OPTIONS /api/entries/100?periodo=2026
[2026-03-06T23:50:08.002Z] OPTIONS /api/entries/101?periodo=2026
[2026-03-06T23:50:08.002Z] OPTIONS /api/entries/102?periodo=2026
[2026-03-06T23:50:08.002Z] OPTIONS /api/entries/103?periodo=2026
[2026-03-06T23:50:08.003Z] OPTIONS /api/entries/104?periodo=2026
[2026-03-06T23:50:08.003Z] OPTIONS /api/entries/107?periodo=2026
[2026-03-06T23:50:08.003Z] OPTIONS /api/entries/108?periodo=2026
[2026-03-06T23:50:08.004Z] OPTIONS /api/entries/110?periodo=2026
[2026-03-06T23:50:08.004Z] OPTIONS /api/entries/111?periodo=2026
[2026-03-06T23:50:08.004Z] OPTIONS /api/entries/112?periodo=2026
[2026-03-06T23:50:08.004Z] OPTIONS /api/entries/113?periodo=2026
[2026-03-06T23:50:08.005Z] OPTIONS /api/entries/114?periodo=2026
[2026-03-06T23:50:08.006Z] OPTIONS /api/entries/115?periodo=2026
[2026-03-06T23:50:08.006Z] OPTIONS /api/entries/116?periodo=2026
[2026-03-06T23:50:08.006Z] OPTIONS /api/entries/117?periodo=2026
[2026-03-06T23:50:08.006Z] OPTIONS /api/entries/118?periodo=2026
[2026-03-06T23:50:08.006Z] OPTIONS /api/entries/119?periodo=2026
[2026-03-06T23:50:08.007Z] GET /api/entries/47?periodo=2026
[2026-03-06T23:50:08.008Z] GET /api/entries/48?periodo=2026
[2026-03-06T23:50:08.009Z] OPTIONS /api/entries/120?periodo=2026
[2026-03-06T23:50:08.009Z] OPTIONS /api/entries/121?periodo=2026
[2026-03-06T23:50:08.010Z] GET /api/entries/49?periodo=2026
[2026-03-06T23:50:08.010Z] OPTIONS /api/entries/122?periodo=2026
[2026-03-06T23:50:08.010Z] OPTIONS /api/entries/123?periodo=2026
[2026-03-06T23:50:08.010Z] OPTIONS /api/entries/124?periodo=2026
[2026-03-06T23:50:08.011Z] OPTIONS /api/entries/125?periodo=2026
[2026-03-06T23:50:08.011Z] OPTIONS /api/entries/126?periodo=2026
[2026-03-06T23:50:08.011Z] OPTIONS /api/entries/127?periodo=2026
[2026-03-06T23:50:08.011Z] GET /api/entries/50?periodo=2026
[2026-03-06T23:50:08.012Z] OPTIONS /api/entries/128?periodo=2026
[2026-03-06T23:50:08.013Z] OPTIONS /api/entries/129?periodo=2026
[2026-03-06T23:50:08.013Z] OPTIONS /api/entries/130?periodo=2026
[2026-03-06T23:50:08.016Z] OPTIONS /api/entries/131?periodo=2026
[2026-03-06T23:50:08.016Z] OPTIONS /api/entries/132?periodo=2026
[2026-03-06T23:50:08.016Z] OPTIONS /api/entries/133?periodo=2026
[2026-03-06T23:50:08.017Z] OPTIONS /api/entries/134?periodo=2026
[2026-03-06T23:50:08.017Z] OPTIONS /api/entries/135?periodo=2026
[2026-03-06T23:50:08.017Z] OPTIONS /api/entries/136?periodo=2026
[2026-03-06T23:50:08.017Z] OPTIONS /api/entries/137?periodo=2026
[2026-03-06T23:50:08.017Z] GET /api/entries/51?periodo=2026
[2026-03-06T23:50:08.018Z] GET /api/entries/52?periodo=2026
[2026-03-06T23:50:08.018Z] GET /api/entries/53?periodo=2026
[2026-03-06T23:50:08.018Z] GET /api/entries/54?periodo=2026
[2026-03-06T23:50:08.019Z] GET /api/entries/56?periodo=2026
[2026-03-06T23:50:08.019Z] GET /api/entries/58?periodo=2026
[2026-03-06T23:50:08.021Z] GET /api/entries/57?periodo=2026
[2026-03-06T23:50:08.022Z] OPTIONS /api/entries/138?periodo=2026
[2026-03-06T23:50:08.022Z] GET /api/entries/59?periodo=2026
[2026-03-06T23:50:08.022Z] GET /api/entries/60?periodo=2026
[2026-03-06T23:50:08.023Z] GET /api/entries/61?periodo=2026
[2026-03-06T23:50:08.023Z] OPTIONS /api/entries/139?periodo=2026
[2026-03-06T23:50:08.023Z] OPTIONS /api/entries/140?periodo=2026
[2026-03-06T23:50:08.023Z] OPTIONS /api/entries/141?periodo=2026
[2026-03-06T23:50:08.023Z] OPTIONS /api/entries/142?periodo=2026
[2026-03-06T23:50:08.024Z] OPTIONS /api/entries/143?periodo=2026
[2026-03-06T23:50:08.024Z] OPTIONS /api/entries/144?periodo=2026
[2026-03-06T23:50:08.024Z] OPTIONS /api/entries/145?periodo=2026
[2026-03-06T23:50:08.024Z] GET /api/entries/62?periodo=2026
[2026-03-06T23:50:08.025Z] OPTIONS /api/entries/146?periodo=2026
[2026-03-06T23:50:08.026Z] GET /api/entries/63?periodo=2026
[2026-03-06T23:50:08.026Z] GET /api/entries/65?periodo=2026
[2026-03-06T23:50:08.026Z] GET /api/entries/66?periodo=2026
[2026-03-06T23:50:08.027Z] GET /api/entries/67?periodo=2026
[2026-03-06T23:50:08.027Z] GET /api/entries/69?periodo=2026
[2026-03-06T23:50:08.028Z] GET /api/entries/70?periodo=2026
[2026-03-06T23:50:08.029Z] GET /api/entries/71?periodo=2026
[2026-03-06T23:50:08.029Z] GET /api/entries/72?periodo=2026
[2026-03-06T23:50:08.029Z] OPTIONS /api/entries/147?periodo=2026
[2026-03-06T23:50:08.029Z] OPTIONS /api/entries/148?periodo=2026
[2026-03-06T23:50:08.030Z] OPTIONS /api/entries/149?periodo=2026
[2026-03-06T23:50:08.030Z] OPTIONS /api/entries/150?periodo=2026
[2026-03-06T23:50:08.030Z] OPTIONS /api/entries/152?periodo=2026
[2026-03-06T23:50:08.030Z] OPTIONS /api/entries/153?periodo=2026
[2026-03-06T23:50:08.030Z] OPTIONS /api/entries/151?periodo=2026
[2026-03-06T23:50:08.030Z] OPTIONS /api/entries/154?periodo=2026
[2026-03-06T23:50:08.030Z] OPTIONS /api/entries/156?periodo=2026
[2026-03-06T23:50:08.030Z] OPTIONS /api/entries/155?periodo=2026
[2026-03-06T23:50:08.030Z] OPTIONS /api/entries/158?periodo=2026
[2026-03-06T23:50:08.030Z] OPTIONS /api/entries/159?periodo=2026
[2026-03-06T23:50:08.031Z] OPTIONS /api/entries/160?periodo=2026
[2026-03-06T23:50:08.031Z] OPTIONS /api/entries/161?periodo=2026
[2026-03-06T23:50:08.031Z] OPTIONS /api/entries/162?periodo=2026
[2026-03-06T23:50:08.031Z] OPTIONS /api/entries/163?periodo=2026
[2026-03-06T23:50:08.031Z] OPTIONS /api/entries/164?periodo=2026
[2026-03-06T23:50:08.031Z] OPTIONS /api/entries/166?periodo=2026
[2026-03-06T23:50:08.031Z] OPTIONS /api/entries/167?periodo=2026
[2026-03-06T23:50:08.031Z] OPTIONS /api/entries/171?periodo=2026
[2026-03-06T23:50:08.031Z] OPTIONS /api/entries/168?periodo=2026
[2026-03-06T23:50:08.031Z] OPTIONS /api/entries/169?periodo=2026
[2026-03-06T23:50:08.031Z] OPTIONS /api/entries/170?periodo=2026
[2026-03-06T23:50:08.032Z] OPTIONS /api/entries/173?periodo=2026
[2026-03-06T23:50:08.032Z] OPTIONS /api/entries/174?periodo=2026
[2026-03-06T23:50:08.032Z] OPTIONS /api/entries/175?periodo=2026
[2026-03-06T23:50:08.032Z] OPTIONS /api/entries/172?periodo=2026
[2026-03-06T23:50:08.032Z] OPTIONS /api/entries/176?periodo=2026
[2026-03-06T23:50:08.032Z] OPTIONS /api/entries/178?periodo=2026
[2026-03-06T23:50:08.032Z] OPTIONS /api/entries/179?periodo=2026
[2026-03-06T23:50:08.032Z] OPTIONS /api/entries/180?periodo=2026
[2026-03-06T23:50:08.032Z] OPTIONS /api/entries/181?periodo=2026
[2026-03-06T23:50:08.032Z] OPTIONS /api/entries/177?periodo=2026
[2026-03-06T23:50:08.032Z] OPTIONS /api/entries/183?periodo=2026
[2026-03-06T23:50:08.032Z] OPTIONS /api/entries/184?periodo=2026
[2026-03-06T23:50:08.032Z] OPTIONS /api/entries/185?periodo=2026
[2026-03-06T23:50:08.032Z] OPTIONS /api/entries/182?periodo=2026
[2026-03-06T23:50:08.032Z] OPTIONS /api/entries/187?periodo=2026
[2026-03-06T23:50:08.032Z] GET /api/entries/74?periodo=2026
[2026-03-06T23:50:08.033Z] OPTIONS /api/entries/186?periodo=2026
[2026-03-06T23:50:08.033Z] GET /api/entries/73?periodo=2026
[2026-03-06T23:50:08.033Z] GET /api/entries/77?periodo=2026
[2026-03-06T23:50:08.033Z] OPTIONS /api/entries/188?periodo=2026
[2026-03-06T23:50:08.033Z] GET /api/entries/75?periodo=2026
[2026-03-06T23:50:08.034Z] GET /api/entries/76?periodo=2026
[2026-03-06T23:50:08.034Z] OPTIONS /api/entries/189?periodo=2026
[2026-03-06T23:50:08.034Z] GET /api/entries/78?periodo=2026
[2026-03-06T23:50:08.035Z] OPTIONS /api/entries/190?periodo=2026
[2026-03-06T23:50:08.035Z] OPTIONS /api/entries/191?periodo=2026
[2026-03-06T23:50:08.035Z] OPTIONS /api/entries/193?periodo=2026
[2026-03-06T23:50:08.036Z] GET /api/entries/79?periodo=2026
[2026-03-06T23:50:08.036Z] OPTIONS /api/entries/192?periodo=2026
[2026-03-06T23:50:08.036Z] OPTIONS /api/entries/194?periodo=2026
[2026-03-06T23:50:08.036Z] GET /api/entries/81?periodo=2026
[2026-03-06T23:50:08.037Z] OPTIONS /api/entries/198?periodo=2026
[2026-03-06T23:50:08.037Z] OPTIONS /api/entries/195?periodo=2026
[2026-03-06T23:50:08.037Z] OPTIONS /api/entries/196?periodo=2026
[2026-03-06T23:50:08.037Z] OPTIONS /api/entries/197?periodo=2026
[2026-03-06T23:50:08.037Z] OPTIONS /api/entries/199?periodo=2026
[2026-03-06T23:50:08.037Z] OPTIONS /api/entries/200?periodo=2026
[2026-03-06T23:50:08.037Z] OPTIONS /api/entries/201?periodo=2026
[2026-03-06T23:50:08.037Z] OPTIONS /api/entries/202?periodo=2026
[2026-03-06T23:50:08.037Z] OPTIONS /api/entries/203?periodo=2026
[2026-03-06T23:50:08.037Z] OPTIONS /api/entries/204?periodo=2026
[2026-03-06T23:50:08.037Z] OPTIONS /api/entries/205?periodo=2026
[2026-03-06T23:50:08.037Z] OPTIONS /api/entries/206?periodo=2026
[2026-03-06T23:50:08.037Z] OPTIONS /api/entries/209?periodo=2026
[2026-03-06T23:50:08.038Z] OPTIONS /api/entries/207?periodo=2026
[2026-03-06T23:50:08.038Z] OPTIONS /api/entries/208?periodo=2026
[2026-03-06T23:50:08.038Z] OPTIONS /api/entries/211?periodo=2026
[2026-03-06T23:50:08.038Z] OPTIONS /api/entries/212?periodo=2026
[2026-03-06T23:50:08.038Z] OPTIONS /api/entries/213?periodo=2026
[2026-03-06T23:50:08.038Z] OPTIONS /api/entries/210?periodo=2026
[2026-03-06T23:50:08.038Z] GET /api/entries/82?periodo=2026
[2026-03-06T23:50:08.038Z] OPTIONS /api/entries/214?periodo=2026
[2026-03-06T23:50:08.039Z] OPTIONS /api/entries/215?periodo=2026
[2026-03-06T23:50:08.039Z] OPTIONS /api/entries/216?periodo=2026
[2026-03-06T23:50:08.039Z] OPTIONS /api/entries/218?periodo=2026
[2026-03-06T23:50:08.039Z] OPTIONS /api/entries/219?periodo=2026
[2026-03-06T23:50:08.039Z] OPTIONS /api/entries/217?periodo=2026
[2026-03-06T23:50:08.039Z] OPTIONS /api/entries/220?periodo=2026
[2026-03-06T23:50:08.039Z] OPTIONS /api/entries/222?periodo=2026
[2026-03-06T23:50:08.039Z] GET /api/entries/83?periodo=2026
[2026-03-06T23:50:08.040Z] OPTIONS /api/entries/223?periodo=2026
[2026-03-06T23:50:08.040Z] OPTIONS /api/entries/221?periodo=2026
[2026-03-06T23:50:08.040Z] OPTIONS /api/entries/225?periodo=2026
[2026-03-06T23:50:08.040Z] OPTIONS /api/entries/224?periodo=2026
[2026-03-06T23:50:08.041Z] OPTIONS /api/entries/229?periodo=2026
[2026-03-06T23:50:08.041Z] OPTIONS /api/entries/226?periodo=2026
[2026-03-06T23:50:08.041Z] OPTIONS /api/entries/228?periodo=2026
[2026-03-06T23:50:08.041Z] OPTIONS /api/entries/230?periodo=2026
[2026-03-06T23:50:08.041Z] GET /api/entries/85?periodo=2026
[2026-03-06T23:50:08.042Z] GET /api/entries/84?periodo=2026
[2026-03-06T23:50:08.042Z] OPTIONS /api/entries/235?periodo=2026
[2026-03-06T23:50:08.042Z] OPTIONS /api/entries/233?periodo=2026
[2026-03-06T23:50:08.042Z] OPTIONS /api/entries/234?periodo=2026
[2026-03-06T23:50:08.042Z] OPTIONS /api/entries/236?periodo=2026
[2026-03-06T23:50:08.043Z] OPTIONS /api/entries/237?periodo=2026
[2026-03-06T23:50:08.043Z] OPTIONS /api/entries/238?periodo=2026
[2026-03-06T23:50:08.043Z] OPTIONS /api/entries/239?periodo=2026
[2026-03-06T23:50:08.043Z] OPTIONS /api/entries/240?periodo=2026
[2026-03-06T23:50:08.044Z] OPTIONS /api/entries/242?periodo=2026
[2026-03-06T23:50:08.044Z] OPTIONS /api/entries/243?periodo=2026
[2026-03-06T23:50:08.044Z] OPTIONS /api/entries/244?periodo=2026
[2026-03-06T23:50:08.044Z] OPTIONS /api/entries/245?periodo=2026
[2026-03-06T23:50:08.044Z] OPTIONS /api/entries/246?periodo=2026
[2026-03-06T23:50:08.044Z] OPTIONS /api/entries/247?periodo=2026
[2026-03-06T23:50:08.044Z] OPTIONS /api/entries/248?periodo=2026
[2026-03-06T23:50:08.044Z] OPTIONS /api/entries/249?periodo=2026
[2026-03-06T23:50:08.044Z] OPTIONS /api/entries/250?periodo=2026
[2026-03-06T23:50:08.044Z] OPTIONS /api/entries/251?periodo=2026
[2026-03-06T23:50:08.044Z] GET /api/entries/86?periodo=2026
[2026-03-06T23:50:08.045Z] OPTIONS /api/entries/252?periodo=2026
[2026-03-06T23:50:08.045Z] OPTIONS /api/entries/253?periodo=2026
[2026-03-06T23:50:08.045Z] OPTIONS /api/entries/254?periodo=2026
[2026-03-06T23:50:08.045Z] GET /api/entries/87?periodo=2026
[2026-03-06T23:50:08.045Z] OPTIONS /api/entries/255?periodo=2026
[2026-03-06T23:50:08.046Z] OPTIONS /api/entries/258?periodo=2026
[2026-03-06T23:50:08.046Z] GET /api/entries/92?periodo=2026
[2026-03-06T23:50:08.046Z] OPTIONS /api/entries/257?periodo=2026
[2026-03-06T23:50:08.046Z] GET /api/entries/91?periodo=2026
[2026-03-06T23:50:08.046Z] GET /api/entries/89?periodo=2026
[2026-03-06T23:50:08.047Z] GET /api/entries/93?periodo=2026
[2026-03-06T23:50:08.047Z] GET /api/entries/95?periodo=2026
[2026-03-06T23:50:08.048Z] GET /api/entries/96?periodo=2026
[2026-03-06T23:50:08.049Z] GET /api/entries/99?periodo=2026
[2026-03-06T23:50:08.050Z] OPTIONS /api/entries/259?periodo=2026
[2026-03-06T23:50:08.050Z] GET /api/entries/100?periodo=2026
[2026-03-06T23:50:08.050Z] GET /api/entries/97?periodo=2026
[2026-03-06T23:50:08.050Z] GET /api/entries/101?periodo=2026
[2026-03-06T23:50:08.050Z] GET /api/entries/98?periodo=2026
[2026-03-06T23:50:08.051Z] GET /api/entries/102?periodo=2026
[2026-03-06T23:50:08.052Z] GET /api/entries/103?periodo=2026
[2026-03-06T23:50:08.052Z] OPTIONS /api/entries/260?periodo=2026
[2026-03-06T23:50:08.053Z] OPTIONS /api/entries/261?periodo=2026
[2026-03-06T23:50:08.053Z] OPTIONS /api/entries/262?periodo=2026
[2026-03-06T23:50:08.053Z] OPTIONS /api/entries/263?periodo=2026
[2026-03-06T23:50:08.053Z] GET /api/entries/104?periodo=2026
[2026-03-06T23:50:08.053Z] OPTIONS /api/entries/264?periodo=2026
[2026-03-06T23:50:08.053Z] OPTIONS /api/entries/265?periodo=2026
[2026-03-06T23:50:08.053Z] GET /api/entries/107?periodo=2026
[2026-03-06T23:50:08.054Z] GET /api/entries/108?periodo=2026
[2026-03-06T23:50:08.054Z] OPTIONS /api/entries/266?periodo=2026
[2026-03-06T23:50:08.054Z] GET /api/entries/110?periodo=2026
[2026-03-06T23:50:08.054Z] GET /api/entries/111?periodo=2026
[2026-03-06T23:50:08.056Z] GET /api/entries/112?periodo=2026
[2026-03-06T23:50:08.056Z] OPTIONS /api/entries/267?periodo=2026
[2026-03-06T23:50:08.056Z] GET /api/entries/113?periodo=2026
[2026-03-06T23:50:08.057Z] OPTIONS /api/entries/268?periodo=2026
[2026-03-06T23:50:08.057Z] OPTIONS /api/entries/269?periodo=2026
[2026-03-06T23:50:08.057Z] OPTIONS /api/entries/270?periodo=2026
[2026-03-06T23:50:08.057Z] OPTIONS /api/entries/271?periodo=2026
[2026-03-06T23:50:08.057Z] OPTIONS /api/entries/272?periodo=2026
[2026-03-06T23:50:08.057Z] OPTIONS /api/entries/273?periodo=2026
[2026-03-06T23:50:08.057Z] OPTIONS /api/entries/275?periodo=2026
[2026-03-06T23:50:08.057Z] OPTIONS /api/entries/274?periodo=2026
[2026-03-06T23:50:08.057Z] OPTIONS /api/entries/276?periodo=2026
[2026-03-06T23:50:08.057Z] GET /api/entries/114?periodo=2026
[2026-03-06T23:50:08.058Z] GET /api/entries/117?periodo=2026
[2026-03-06T23:50:08.058Z] GET /api/entries/115?periodo=2026
[2026-03-06T23:50:08.059Z] GET /api/entries/116?periodo=2026
[2026-03-06T23:50:08.059Z] GET /api/entries/118?periodo=2026
[2026-03-06T23:50:08.059Z] OPTIONS /api/entries/277?periodo=2026
[2026-03-06T23:50:08.059Z] GET /api/entries/119?periodo=2026
[2026-03-06T23:50:08.060Z] OPTIONS /api/entries/278?periodo=2026
[2026-03-06T23:50:08.060Z] OPTIONS /api/entries/280?periodo=2026
[2026-03-06T23:50:08.060Z] OPTIONS /api/entries/279?periodo=2026
[2026-03-06T23:50:08.060Z] OPTIONS /api/entries/282?periodo=2026
[2026-03-06T23:50:08.060Z] OPTIONS /api/entries/281?periodo=2026
[2026-03-06T23:50:08.060Z] OPTIONS /api/entries/284?periodo=2026
[2026-03-06T23:50:08.060Z] OPTIONS /api/entries/283?periodo=2026
[2026-03-06T23:50:08.060Z] OPTIONS /api/entries/286?periodo=2026
[2026-03-06T23:50:08.060Z] OPTIONS /api/entries/285?periodo=2026
[2026-03-06T23:50:08.060Z] OPTIONS /api/entries/288?periodo=2026
[2026-03-06T23:50:08.061Z] OPTIONS /api/entries/289?periodo=2026
[2026-03-06T23:50:08.061Z] OPTIONS /api/entries/290?periodo=2026
[2026-03-06T23:50:08.061Z] OPTIONS /api/entries/293?periodo=2026
[2026-03-06T23:50:08.061Z] OPTIONS /api/entries/291?periodo=2026
[2026-03-06T23:50:08.061Z] OPTIONS /api/entries/292?periodo=2026
[2026-03-06T23:50:08.061Z] OPTIONS /api/entries/294?periodo=2026
[2026-03-06T23:50:08.061Z] OPTIONS /api/entries/295?periodo=2026
[2026-03-06T23:50:08.061Z] OPTIONS /api/entries/296?periodo=2026
[2026-03-06T23:50:08.061Z] OPTIONS /api/entries/297?periodo=2026
[2026-03-06T23:50:08.061Z] GET /api/entries/120?periodo=2026
[2026-03-06T23:50:08.062Z] GET /api/entries/121?periodo=2026
[2026-03-06T23:50:08.062Z] OPTIONS /api/entries/298?periodo=2026
[2026-03-06T23:50:08.062Z] OPTIONS /api/entries/299?periodo=2026
[2026-03-06T23:50:08.062Z] OPTIONS /api/entries/301?periodo=2026
[2026-03-06T23:50:08.062Z] OPTIONS /api/entries/300?periodo=2026
[2026-03-06T23:50:08.062Z] OPTIONS /api/entries/302?periodo=2026
[2026-03-06T23:50:08.063Z] GET /api/entries/122?periodo=2026
[2026-03-06T23:50:08.063Z] GET /api/entries/123?periodo=2026
[2026-03-06T23:50:08.063Z] OPTIONS /api/entries/303?periodo=2026
[2026-03-06T23:50:08.064Z] OPTIONS /api/entries/304?periodo=2026
[2026-03-06T23:50:08.064Z] GET /api/entries/125?periodo=2026
[2026-03-06T23:50:08.065Z] GET /api/entries/124?periodo=2026
[2026-03-06T23:50:08.065Z] GET /api/entries/126?periodo=2026
[2026-03-06T23:50:08.065Z] OPTIONS /api/entries/305?periodo=2026
[2026-03-06T23:50:08.066Z] OPTIONS /api/entries/306?periodo=2026
[2026-03-06T23:50:08.066Z] OPTIONS /api/entries/307?periodo=2026
[2026-03-06T23:50:08.066Z] GET /api/entries/127?periodo=2026
[2026-03-06T23:50:08.066Z] OPTIONS /api/entries/308?periodo=2026
[2026-03-06T23:50:08.066Z] OPTIONS /api/entries/309?periodo=2026
[2026-03-06T23:50:08.066Z] OPTIONS /api/entries/311?periodo=2026
[2026-03-06T23:50:08.066Z] OPTIONS /api/entries/312?periodo=2026
[2026-03-06T23:50:08.067Z] OPTIONS /api/entries/313?periodo=2026
[2026-03-06T23:50:08.067Z] OPTIONS /api/entries/314?periodo=2026
[2026-03-06T23:50:08.067Z] GET /api/entries/128?periodo=2026
[2026-03-06T23:50:08.068Z] OPTIONS /api/entries/315?periodo=2026
[2026-03-06T23:50:08.068Z] OPTIONS /api/entries/316?periodo=2026
[2026-03-06T23:50:08.068Z] OPTIONS /api/entries/318?periodo=2026
[2026-03-06T23:50:08.068Z] OPTIONS /api/entries/317?periodo=2026
[2026-03-06T23:50:08.068Z] OPTIONS /api/entries/322?periodo=2026
[2026-03-06T23:50:08.068Z] GET /api/entries/129?periodo=2026
[2026-03-06T23:50:08.068Z] GET /api/entries/130?periodo=2026
[2026-03-06T23:50:08.069Z] OPTIONS /api/entries/324?periodo=2026
[2026-03-06T23:50:08.069Z] OPTIONS /api/entries/325?periodo=2026
[2026-03-06T23:50:08.069Z] OPTIONS /api/entries/326?periodo=2026
[2026-03-06T23:50:08.069Z] OPTIONS /api/entries/327?periodo=2026
[2026-03-06T23:50:08.069Z] OPTIONS /api/entries/328?periodo=2026
[2026-03-06T23:50:08.070Z] OPTIONS /api/entries/329?periodo=2026
[2026-03-06T23:50:08.070Z] OPTIONS /api/entries/332?periodo=2026
[2026-03-06T23:50:08.070Z] OPTIONS /api/entries/330?periodo=2026
[2026-03-06T23:50:08.070Z] OPTIONS /api/entries/331?periodo=2026
[2026-03-06T23:50:08.070Z] OPTIONS /api/entries/333?periodo=2026
[2026-03-06T23:50:08.070Z] OPTIONS /api/entries/334?periodo=2026
[2026-03-06T23:50:08.070Z] OPTIONS /api/entries/335?periodo=2026
[2026-03-06T23:50:08.070Z] OPTIONS /api/entries/336?periodo=2026
[2026-03-06T23:50:08.070Z] OPTIONS /api/entries/337?periodo=2026
[2026-03-06T23:50:08.072Z] OPTIONS /api/entries/341?periodo=2026
[2026-03-06T23:50:08.072Z] OPTIONS /api/entries/342?periodo=2026
[2026-03-06T23:50:08.072Z] OPTIONS /api/entries/343?periodo=2026
[2026-03-06T23:50:08.073Z] OPTIONS /api/entries/344?periodo=2026
[2026-03-06T23:50:08.073Z] OPTIONS /api/entries/347?periodo=2026
[2026-03-06T23:50:08.073Z] OPTIONS /api/entries/348?periodo=2026
[2026-03-06T23:50:08.073Z] OPTIONS /api/entries/349?periodo=2026
[2026-03-06T23:50:08.073Z] GET /api/entries/132?periodo=2026
[2026-03-06T23:50:08.073Z] OPTIONS /api/entries/350?periodo=2026
[2026-03-06T23:50:08.074Z] GET /api/entries/133?periodo=2026
[2026-03-06T23:50:08.074Z] GET /api/entries/131?periodo=2026
[2026-03-06T23:50:08.074Z] GET /api/entries/135?periodo=2026
[2026-03-06T23:50:08.074Z] GET /api/entries/136?periodo=2026
[2026-03-06T23:50:08.075Z] GET /api/entries/134?periodo=2026
[2026-03-06T23:50:08.076Z] OPTIONS /api/entries/351?periodo=2026
[2026-03-06T23:50:08.076Z] OPTIONS /api/entries/352?periodo=2026
[2026-03-06T23:50:08.076Z] GET /api/entries/137?periodo=2026
[2026-03-06T23:50:08.076Z] OPTIONS /api/entries/353?periodo=2026
[2026-03-06T23:50:08.077Z] OPTIONS /api/entries/357?periodo=2026
[2026-03-06T23:50:08.077Z] OPTIONS /api/entries/354?periodo=2026
[2026-03-06T23:50:08.077Z] OPTIONS /api/entries/355?periodo=2026
[2026-03-06T23:50:08.077Z] OPTIONS /api/entries/356?periodo=2026
[2026-03-06T23:50:08.077Z] OPTIONS /api/entries/359?periodo=2026
[2026-03-06T23:50:08.077Z] OPTIONS /api/entries/360?periodo=2026
[2026-03-06T23:50:08.077Z] OPTIONS /api/entries/361?periodo=2026
[2026-03-06T23:50:08.077Z] OPTIONS /api/entries/358?periodo=2026
[2026-03-06T23:50:08.077Z] OPTIONS /api/entries/363?periodo=2026
[2026-03-06T23:50:08.077Z] OPTIONS /api/entries/364?periodo=2026
[2026-03-06T23:50:08.077Z] OPTIONS /api/entries/365?periodo=2026
[2026-03-06T23:50:08.077Z] OPTIONS /api/entries/362?periodo=2026
[2026-03-06T23:50:08.077Z] OPTIONS /api/entries/367?periodo=2026
[2026-03-06T23:50:08.077Z] OPTIONS /api/entries/368?periodo=2026
[2026-03-06T23:50:08.077Z] OPTIONS /api/entries/369?periodo=2026
[2026-03-06T23:50:08.077Z] OPTIONS /api/entries/366?periodo=2026
[2026-03-06T23:50:08.077Z] OPTIONS /api/entries/371?periodo=2026
[2026-03-06T23:50:08.077Z] OPTIONS /api/entries/372?periodo=2026
[2026-03-06T23:50:08.077Z] OPTIONS /api/entries/373?periodo=2026
[2026-03-06T23:50:08.078Z] OPTIONS /api/entries/370?periodo=2026
[2026-03-06T23:50:08.078Z] OPTIONS /api/entries/375?periodo=2026
[2026-03-06T23:50:08.078Z] OPTIONS /api/entries/376?periodo=2026
[2026-03-06T23:50:08.078Z] GET /api/entries/138?periodo=2026
[2026-03-06T23:50:08.078Z] OPTIONS /api/entries/374?periodo=2026
[2026-03-06T23:50:08.078Z] OPTIONS /api/entries/378?periodo=2026
[2026-03-06T23:50:08.078Z] OPTIONS /api/entries/379?periodo=2026
[2026-03-06T23:50:08.078Z] OPTIONS /api/entries/377?periodo=2026
[2026-03-06T23:50:08.078Z] OPTIONS /api/entries/381?periodo=2026
[2026-03-06T23:50:08.078Z] OPTIONS /api/entries/382?periodo=2026
[2026-03-06T23:50:08.079Z] OPTIONS /api/entries/383?periodo=2026
[2026-03-06T23:50:08.079Z] OPTIONS /api/entries/380?periodo=2026
[2026-03-06T23:50:08.079Z] OPTIONS /api/entries/385?periodo=2026
[2026-03-06T23:50:08.079Z] OPTIONS /api/entries/384?periodo=2026
[2026-03-06T23:50:08.079Z] OPTIONS /api/entries/386?periodo=2026
[2026-03-06T23:50:08.079Z] OPTIONS /api/entries/387?periodo=2026
[2026-03-06T23:50:08.079Z] GET /api/entries/139?periodo=2026
[2026-03-06T23:50:08.079Z] GET /api/entries/140?periodo=2026
[2026-03-06T23:50:08.079Z] GET /api/entries/141?periodo=2026
[2026-03-06T23:50:08.080Z] GET /api/entries/142?periodo=2026
[2026-03-06T23:50:08.080Z] OPTIONS /api/entries/388?periodo=2026
[2026-03-06T23:50:08.081Z] GET /api/entries/143?periodo=2026
[2026-03-06T23:50:08.081Z] OPTIONS /api/entries/389?periodo=2026
[2026-03-06T23:50:08.081Z] GET /api/entries/144?periodo=2026
[2026-03-06T23:50:08.082Z] OPTIONS /api/entries/390?periodo=2026
[2026-03-06T23:50:08.082Z] GET /api/entries/145?periodo=2026
[2026-03-06T23:50:08.082Z] OPTIONS /api/entries/391?periodo=2026
[2026-03-06T23:50:08.082Z] OPTIONS /api/entries/392?periodo=2026
[2026-03-06T23:50:08.082Z] OPTIONS /api/entries/393?periodo=2026
[2026-03-06T23:50:08.082Z] GET /api/entries/146?periodo=2026
[2026-03-06T23:50:08.083Z] OPTIONS /api/entries/395?periodo=2026
[2026-03-06T23:50:08.083Z] OPTIONS /api/entries/394?periodo=2026
[2026-03-06T23:50:08.083Z] OPTIONS /api/entries/397?periodo=2026
[2026-03-06T23:50:08.083Z] OPTIONS /api/entries/396?periodo=2026
[2026-03-06T23:50:08.083Z] OPTIONS /api/entries/398?periodo=2026
[2026-03-06T23:50:08.083Z] OPTIONS /api/entries/400?periodo=2026
[2026-03-06T23:50:08.083Z] OPTIONS /api/entries/401?periodo=2026
[2026-03-06T23:50:08.083Z] OPTIONS /api/entries/399?periodo=2026
[2026-03-06T23:50:08.083Z] OPTIONS /api/entries/403?periodo=2026
[2026-03-06T23:50:08.083Z] OPTIONS /api/entries/404?periodo=2026
[2026-03-06T23:50:08.083Z] OPTIONS /api/entries/402?periodo=2026
[2026-03-06T23:50:08.084Z] OPTIONS /api/entries/406?periodo=2026
[2026-03-06T23:50:08.084Z] OPTIONS /api/entries/407?periodo=2026
[2026-03-06T23:50:08.084Z] OPTIONS /api/entries/405?periodo=2026
[2026-03-06T23:50:08.084Z] OPTIONS /api/entries/408?periodo=2026
[2026-03-06T23:50:08.084Z] OPTIONS /api/entries/411?periodo=2026
[2026-03-06T23:50:08.084Z] OPTIONS /api/entries/412?periodo=2026
[2026-03-06T23:50:08.084Z] OPTIONS /api/entries/413?periodo=2026
[2026-03-06T23:50:08.084Z] OPTIONS /api/entries/409?periodo=2026
[2026-03-06T23:50:08.084Z] OPTIONS /api/entries/410?periodo=2026
[2026-03-06T23:50:08.084Z] OPTIONS /api/entries/415?periodo=2026
[2026-03-06T23:50:08.084Z] OPTIONS /api/entries/416?periodo=2026
[2026-03-06T23:50:08.084Z] OPTIONS /api/entries/417?periodo=2026
[2026-03-06T23:50:08.084Z] GET /api/entries/147?periodo=2026
[2026-03-06T23:50:08.084Z] OPTIONS /api/entries/414?periodo=2026
[2026-03-06T23:50:08.084Z] GET /api/entries/149?periodo=2026
[2026-03-06T23:50:08.085Z] GET /api/entries/150?periodo=2026
[2026-03-06T23:50:08.085Z] GET /api/entries/152?periodo=2026
[2026-03-06T23:50:08.085Z] GET /api/entries/148?periodo=2026
[2026-03-06T23:50:08.086Z] GET /api/entries/153?periodo=2026
[2026-03-06T23:50:08.088Z] GET /api/entries/151?periodo=2026
[2026-03-06T23:50:08.089Z] GET /api/entries/155?periodo=2026
[2026-03-06T23:50:08.089Z] GET /api/entries/154?periodo=2026
[2026-03-06T23:50:08.089Z] GET /api/entries/156?periodo=2026
[2026-03-06T23:50:08.090Z] GET /api/entries/158?periodo=2026
[2026-03-06T23:50:08.090Z] GET /api/entries/159?periodo=2026
[2026-03-06T23:50:08.091Z] GET /api/entries/160?periodo=2026
[2026-03-06T23:50:08.092Z] GET /api/entries/161?periodo=2026
[2026-03-06T23:50:08.092Z] GET /api/entries/163?periodo=2026
[2026-03-06T23:50:08.093Z] GET /api/entries/162?periodo=2026
[2026-03-06T23:50:08.093Z] GET /api/entries/164?periodo=2026
[2026-03-06T23:50:08.093Z] GET /api/entries/166?periodo=2026
[2026-03-06T23:50:08.094Z] GET /api/entries/167?periodo=2026
[2026-03-06T23:50:08.095Z] GET /api/entries/171?periodo=2026
[2026-03-06T23:50:08.095Z] GET /api/entries/168?periodo=2026
[2026-03-06T23:50:08.095Z] GET /api/entries/169?periodo=2026
[2026-03-06T23:50:08.096Z] GET /api/entries/170?periodo=2026
[2026-03-06T23:50:08.096Z] GET /api/entries/173?periodo=2026
[2026-03-06T23:50:08.097Z] GET /api/entries/174?periodo=2026
[2026-03-06T23:50:08.097Z] GET /api/entries/175?periodo=2026
[2026-03-06T23:50:08.097Z] GET /api/entries/172?periodo=2026
[2026-03-06T23:50:08.098Z] GET /api/entries/176?periodo=2026
[2026-03-06T23:50:08.099Z] GET /api/entries/178?periodo=2026
[2026-03-06T23:50:08.100Z] GET /api/entries/179?periodo=2026
[2026-03-06T23:50:08.100Z] GET /api/entries/180?periodo=2026
[2026-03-06T23:50:08.101Z] GET /api/entries/181?periodo=2026
[2026-03-06T23:50:08.101Z] GET /api/entries/177?periodo=2026
[2026-03-06T23:50:08.101Z] GET /api/entries/183?periodo=2026
[2026-03-06T23:50:08.102Z] GET /api/entries/184?periodo=2026
[2026-03-06T23:50:08.102Z] GET /api/entries/185?periodo=2026
[2026-03-06T23:50:08.103Z] GET /api/entries/182?periodo=2026
[2026-03-06T23:50:08.103Z] GET /api/entries/187?periodo=2026
[2026-03-06T23:50:08.104Z] GET /api/entries/186?periodo=2026
[2026-03-06T23:50:08.105Z] GET /api/entries/188?periodo=2026
[2026-03-06T23:50:08.105Z] GET /api/entries/189?periodo=2026
[2026-03-06T23:50:08.105Z] GET /api/entries/190?periodo=2026
[2026-03-06T23:50:08.106Z] GET /api/entries/191?periodo=2026
[2026-03-06T23:50:08.106Z] GET /api/entries/193?periodo=2026
[2026-03-06T23:50:08.107Z] GET /api/entries/192?periodo=2026
[2026-03-06T23:50:08.107Z] GET /api/entries/194?periodo=2026
[2026-03-06T23:50:08.108Z] GET /api/entries/198?periodo=2026
[2026-03-06T23:50:08.109Z] GET /api/entries/195?periodo=2026
[2026-03-06T23:50:08.109Z] GET /api/entries/196?periodo=2026
[2026-03-06T23:50:08.109Z] GET /api/entries/199?periodo=2026
[2026-03-06T23:50:08.110Z] GET /api/entries/197?periodo=2026
[2026-03-06T23:50:08.110Z] GET /api/entries/200?periodo=2026
[2026-03-06T23:50:08.110Z] GET /api/entries/201?periodo=2026
[2026-03-06T23:50:08.111Z] GET /api/entries/202?periodo=2026
[2026-03-06T23:50:08.111Z] GET /api/entries/203?periodo=2026
[2026-03-06T23:50:08.111Z] GET /api/entries/204?periodo=2026
[2026-03-06T23:50:08.112Z] GET /api/entries/205?periodo=2026
[2026-03-06T23:50:08.112Z] GET /api/entries/206?periodo=2026
[2026-03-06T23:50:08.113Z] GET /api/entries/209?periodo=2026
[2026-03-06T23:50:08.114Z] GET /api/entries/207?periodo=2026
[2026-03-06T23:50:08.114Z] GET /api/entries/208?periodo=2026
[2026-03-06T23:50:08.114Z] GET /api/entries/211?periodo=2026
[2026-03-06T23:50:08.115Z] GET /api/entries/212?periodo=2026
[2026-03-06T23:50:08.115Z] GET /api/entries/213?periodo=2026
[2026-03-06T23:50:08.116Z] GET /api/entries/210?periodo=2026
[2026-03-06T23:50:08.116Z] GET /api/entries/214?periodo=2026
[2026-03-06T23:50:08.116Z] GET /api/entries/215?periodo=2026
[2026-03-06T23:50:08.117Z] GET /api/entries/216?periodo=2026
[2026-03-06T23:50:08.117Z] GET /api/entries/218?periodo=2026
[2026-03-06T23:50:08.118Z] GET /api/entries/219?periodo=2026
[2026-03-06T23:50:08.118Z] GET /api/entries/217?periodo=2026
[2026-03-06T23:50:08.119Z] GET /api/entries/220?periodo=2026
[2026-03-06T23:50:08.119Z] GET /api/entries/222?periodo=2026
[2026-03-06T23:50:08.119Z] GET /api/entries/223?periodo=2026
[2026-03-06T23:50:08.120Z] GET /api/entries/221?periodo=2026
[2026-03-06T23:50:08.120Z] GET /api/entries/225?periodo=2026
[2026-03-06T23:50:08.121Z] GET /api/entries/224?periodo=2026
[2026-03-06T23:50:08.121Z] GET /api/entries/229?periodo=2026
[2026-03-06T23:50:08.122Z] GET /api/entries/226?periodo=2026
[2026-03-06T23:50:08.123Z] GET /api/entries/228?periodo=2026
[2026-03-06T23:50:08.123Z] GET /api/entries/230?periodo=2026
[2026-03-06T23:50:08.123Z] GET /api/entries/235?periodo=2026
[2026-03-06T23:50:08.124Z] GET /api/entries/233?periodo=2026
[2026-03-06T23:50:08.124Z] GET /api/entries/236?periodo=2026
[2026-03-06T23:50:08.125Z] GET /api/entries/234?periodo=2026
[2026-03-06T23:50:08.125Z] GET /api/entries/237?periodo=2026
[2026-03-06T23:50:08.125Z] GET /api/entries/238?periodo=2026
[2026-03-06T23:50:08.126Z] GET /api/entries/239?periodo=2026
[2026-03-06T23:50:08.126Z] GET /api/entries/240?periodo=2026
[2026-03-06T23:50:08.127Z] GET /api/entries/244?periodo=2026
[2026-03-06T23:50:08.127Z] GET /api/entries/243?periodo=2026
[2026-03-06T23:50:08.128Z] GET /api/entries/242?periodo=2026
[2026-03-06T23:50:08.128Z] GET /api/entries/245?periodo=2026
[2026-03-06T23:50:08.128Z] GET /api/entries/246?periodo=2026
[2026-03-06T23:50:08.128Z] GET /api/entries/247?periodo=2026
[2026-03-06T23:50:08.130Z] GET /api/entries/250?periodo=2026
[2026-03-06T23:50:08.131Z] GET /api/entries/248?periodo=2026
[2026-03-06T23:50:08.132Z] GET /api/entries/249?periodo=2026
[2026-03-06T23:50:08.132Z] GET /api/entries/251?periodo=2026
[2026-03-06T23:50:08.133Z] GET /api/entries/252?periodo=2026
[2026-03-06T23:50:08.133Z] GET /api/entries/253?periodo=2026
[2026-03-06T23:50:08.133Z] GET /api/entries/254?periodo=2026
[2026-03-06T23:50:08.134Z] GET /api/entries/255?periodo=2026
[2026-03-06T23:50:08.135Z] GET /api/entries/258?periodo=2026
[2026-03-06T23:50:08.135Z] GET /api/entries/257?periodo=2026
[2026-03-06T23:50:08.136Z] GET /api/entries/259?periodo=2026
[2026-03-06T23:50:08.136Z] GET /api/entries/260?periodo=2026
[2026-03-06T23:50:08.136Z] GET /api/entries/261?periodo=2026
[2026-03-06T23:50:08.137Z] GET /api/entries/262?periodo=2026
[2026-03-06T23:50:08.137Z] GET /api/entries/263?periodo=2026
[2026-03-06T23:50:08.137Z] GET /api/entries/264?periodo=2026
[2026-03-06T23:50:08.138Z] GET /api/entries/265?periodo=2026
[2026-03-06T23:50:08.138Z] GET /api/entries/266?periodo=2026
[2026-03-06T23:50:08.139Z] GET /api/entries/267?periodo=2026
[2026-03-06T23:50:08.139Z] GET /api/entries/268?periodo=2026
[2026-03-06T23:50:08.140Z] GET /api/entries/269?periodo=2026
[2026-03-06T23:50:08.140Z] GET /api/entries/270?periodo=2026
[2026-03-06T23:50:08.141Z] GET /api/entries/271?periodo=2026
[2026-03-06T23:50:08.141Z] GET /api/entries/272?periodo=2026
[2026-03-06T23:50:08.141Z] GET /api/entries/273?periodo=2026
[2026-03-06T23:50:08.142Z] GET /api/entries/275?periodo=2026
[2026-03-06T23:50:08.142Z] GET /api/entries/274?periodo=2026
[2026-03-06T23:50:08.143Z] GET /api/entries/276?periodo=2026
[2026-03-06T23:50:08.143Z] GET /api/entries/277?periodo=2026
[2026-03-06T23:50:08.143Z] GET /api/entries/278?periodo=2026
[2026-03-06T23:50:08.144Z] GET /api/entries/280?periodo=2026
[2026-03-06T23:50:08.144Z] GET /api/entries/279?periodo=2026
[2026-03-06T23:50:08.144Z] GET /api/entries/282?periodo=2026
[2026-03-06T23:50:08.146Z] GET /api/entries/281?periodo=2026
[2026-03-06T23:50:08.146Z] GET /api/entries/284?periodo=2026
[2026-03-06T23:50:08.146Z] GET /api/entries/283?periodo=2026
[2026-03-06T23:50:08.147Z] GET /api/entries/286?periodo=2026
[2026-03-06T23:50:08.147Z] GET /api/entries/285?periodo=2026
[2026-03-06T23:50:08.148Z] GET /api/entries/288?periodo=2026
[2026-03-06T23:50:08.149Z] GET /api/entries/289?periodo=2026
[2026-03-06T23:50:08.149Z] GET /api/entries/290?periodo=2026
[2026-03-06T23:50:08.149Z] GET /api/entries/293?periodo=2026
[2026-03-06T23:50:08.150Z] GET /api/entries/291?periodo=2026
[2026-03-06T23:50:08.150Z] GET /api/entries/292?periodo=2026
[2026-03-06T23:50:08.150Z] GET /api/entries/294?periodo=2026
[2026-03-06T23:50:08.151Z] GET /api/entries/295?periodo=2026
[2026-03-06T23:50:08.151Z] GET /api/entries/296?periodo=2026
[2026-03-06T23:50:08.152Z] GET /api/entries/297?periodo=2026
[2026-03-06T23:50:08.152Z] GET /api/entries/298?periodo=2026
[2026-03-06T23:50:08.152Z] GET /api/entries/301?periodo=2026
[2026-03-06T23:50:08.153Z] GET /api/entries/299?periodo=2026
[2026-03-06T23:50:08.154Z] GET /api/entries/300?periodo=2026
[2026-03-06T23:50:08.154Z] GET /api/entries/302?periodo=2026
[2026-03-06T23:50:08.154Z] GET /api/entries/303?periodo=2026
[2026-03-06T23:50:08.155Z] GET /api/entries/304?periodo=2026
[2026-03-06T23:50:08.155Z] GET /api/entries/305?periodo=2026
[2026-03-06T23:50:08.156Z] GET /api/entries/306?periodo=2026
[2026-03-06T23:50:08.156Z] GET /api/entries/307?periodo=2026
[2026-03-06T23:50:08.158Z] GET /api/entries/308?periodo=2026
[2026-03-06T23:50:08.159Z] GET /api/entries/309?periodo=2026
[2026-03-06T23:50:08.160Z] GET /api/entries/311?periodo=2026
[2026-03-06T23:50:08.160Z] GET /api/entries/313?periodo=2026
[2026-03-06T23:50:08.160Z] GET /api/entries/312?periodo=2026
[2026-03-06T23:50:08.161Z] GET /api/entries/314?periodo=2026
[2026-03-06T23:50:08.161Z] GET /api/entries/315?periodo=2026
[2026-03-06T23:50:08.162Z] GET /api/entries/316?periodo=2026
[2026-03-06T23:50:08.162Z] GET /api/entries/317?periodo=2026
[2026-03-06T23:50:08.162Z] GET /api/entries/318?periodo=2026
[2026-03-06T23:50:08.163Z] GET /api/entries/322?periodo=2026
[2026-03-06T23:50:08.164Z] GET /api/entries/324?periodo=2026
[2026-03-06T23:50:08.165Z] GET /api/entries/325?periodo=2026
[2026-03-06T23:50:08.165Z] GET /api/entries/326?periodo=2026
[2026-03-06T23:50:08.166Z] GET /api/entries/328?periodo=2026
[2026-03-06T23:50:08.166Z] GET /api/entries/327?periodo=2026
[2026-03-06T23:50:08.167Z] GET /api/entries/329?periodo=2026
[2026-03-06T23:50:08.167Z] GET /api/entries/332?periodo=2026
[2026-03-06T23:50:08.168Z] GET /api/entries/330?periodo=2026
[2026-03-06T23:50:08.168Z] GET /api/entries/331?periodo=2026
[2026-03-06T23:50:08.168Z] GET /api/entries/333?periodo=2026
[2026-03-06T23:50:08.169Z] GET /api/entries/334?periodo=2026
[2026-03-06T23:50:08.169Z] GET /api/entries/336?periodo=2026
[2026-03-06T23:50:08.169Z] GET /api/entries/337?periodo=2026
[2026-03-06T23:50:08.170Z] GET /api/entries/335?periodo=2026
[2026-03-06T23:50:08.170Z] GET /api/entries/341?periodo=2026
[2026-03-06T23:50:08.171Z] GET /api/entries/342?periodo=2026
[2026-03-06T23:50:08.171Z] GET /api/entries/343?periodo=2026
[2026-03-06T23:50:08.172Z] GET /api/entries/344?periodo=2026
[2026-03-06T23:50:08.172Z] GET /api/entries/347?periodo=2026
[2026-03-06T23:50:08.172Z] GET /api/entries/348?periodo=2026
[2026-03-06T23:50:08.173Z] GET /api/entries/349?periodo=2026
[2026-03-06T23:50:08.173Z] GET /api/entries/350?periodo=2026
[2026-03-06T23:50:08.174Z] GET /api/entries/351?periodo=2026
[2026-03-06T23:50:08.174Z] GET /api/entries/352?periodo=2026
[2026-03-06T23:50:08.174Z] GET /api/entries/353?periodo=2026
[2026-03-06T23:50:08.175Z] GET /api/entries/357?periodo=2026
[2026-03-06T23:50:08.175Z] GET /api/entries/354?periodo=2026
[2026-03-06T23:50:08.176Z] GET /api/entries/355?periodo=2026
[2026-03-06T23:50:08.176Z] GET /api/entries/356?periodo=2026
[2026-03-06T23:50:08.176Z] GET /api/entries/359?periodo=2026
[2026-03-06T23:50:08.177Z] GET /api/entries/360?periodo=2026
[2026-03-06T23:50:08.177Z] GET /api/entries/361?periodo=2026
[2026-03-06T23:50:08.177Z] GET /api/entries/358?periodo=2026
[2026-03-06T23:50:08.178Z] GET /api/entries/363?periodo=2026
[2026-03-06T23:50:08.178Z] GET /api/entries/364?periodo=2026
[2026-03-06T23:50:08.179Z] GET /api/entries/365?periodo=2026
[2026-03-06T23:50:08.179Z] GET /api/entries/362?periodo=2026
[2026-03-06T23:50:08.180Z] GET /api/entries/367?periodo=2026
[2026-03-06T23:50:08.180Z] GET /api/entries/368?periodo=2026
[2026-03-06T23:50:08.180Z] GET /api/entries/369?periodo=2026
[2026-03-06T23:50:08.181Z] GET /api/entries/366?periodo=2026
[2026-03-06T23:50:08.181Z] GET /api/entries/371?periodo=2026
[2026-03-06T23:50:08.182Z] GET /api/entries/372?periodo=2026
[2026-03-06T23:50:08.182Z] GET /api/entries/373?periodo=2026
[2026-03-06T23:50:08.182Z] GET /api/entries/370?periodo=2026
[2026-03-06T23:50:08.183Z] GET /api/entries/375?periodo=2026
[2026-03-06T23:50:08.184Z] GET /api/entries/376?periodo=2026
[2026-03-06T23:50:08.184Z] GET /api/entries/374?periodo=2026
[2026-03-06T23:50:08.184Z] GET /api/entries/378?periodo=2026
[2026-03-06T23:50:08.185Z] GET /api/entries/379?periodo=2026
[2026-03-06T23:50:08.185Z] GET /api/entries/377?periodo=2026
[2026-03-06T23:50:08.186Z] GET /api/entries/381?periodo=2026
[2026-03-06T23:50:08.186Z] GET /api/entries/382?periodo=2026
[2026-03-06T23:50:08.187Z] GET /api/entries/380?periodo=2026
[2026-03-06T23:50:08.187Z] GET /api/entries/383?periodo=2026
[2026-03-06T23:50:08.187Z] GET /api/entries/385?periodo=2026
[2026-03-06T23:50:08.188Z] GET /api/entries/386?periodo=2026
[2026-03-06T23:50:08.189Z] GET /api/entries/384?periodo=2026
[2026-03-06T23:50:08.189Z] GET /api/entries/387?periodo=2026
[2026-03-06T23:50:08.189Z] GET /api/entries/388?periodo=2026
[2026-03-06T23:50:08.189Z] GET /api/entries/389?periodo=2026
[2026-03-06T23:50:08.190Z] GET /api/entries/390?periodo=2026
[2026-03-06T23:50:08.191Z] GET /api/entries/391?periodo=2026
[2026-03-06T23:50:08.192Z] GET /api/entries/392?periodo=2026
[2026-03-06T23:50:08.192Z] GET /api/entries/393?periodo=2026
[2026-03-06T23:50:08.193Z] GET /api/entries/395?periodo=2026
[2026-03-06T23:50:08.193Z] GET /api/entries/394?periodo=2026
[2026-03-06T23:50:08.193Z] GET /api/entries/397?periodo=2026
[2026-03-06T23:50:08.194Z] GET /api/entries/396?periodo=2026
[2026-03-06T23:50:08.194Z] GET /api/entries/398?periodo=2026
[2026-03-06T23:50:08.194Z] GET /api/entries/400?periodo=2026
[2026-03-06T23:50:08.196Z] GET /api/entries/401?periodo=2026
[2026-03-06T23:50:08.196Z] GET /api/entries/399?periodo=2026
[2026-03-06T23:50:08.197Z] GET /api/entries/403?periodo=2026
[2026-03-06T23:50:08.197Z] GET /api/entries/404?periodo=2026
[2026-03-06T23:50:08.197Z] GET /api/entries/402?periodo=2026
[2026-03-06T23:50:08.198Z] GET /api/entries/406?periodo=2026
[2026-03-06T23:50:08.198Z] GET /api/entries/407?periodo=2026
[2026-03-06T23:50:08.198Z] GET /api/entries/405?periodo=2026
[2026-03-06T23:50:08.199Z] GET /api/entries/408?periodo=2026
[2026-03-06T23:50:08.200Z] GET /api/entries/411?periodo=2026
[2026-03-06T23:50:08.200Z] GET /api/entries/412?periodo=2026
[2026-03-06T23:50:08.200Z] GET /api/entries/413?periodo=2026
[2026-03-06T23:50:08.200Z] GET /api/entries/409?periodo=2026
[2026-03-06T23:50:08.201Z] GET /api/entries/410?periodo=2026
[2026-03-06T23:50:08.201Z] GET /api/entries/415?periodo=2026
[2026-03-06T23:50:08.201Z] GET /api/entries/416?periodo=2026
[2026-03-06T23:50:08.202Z] GET /api/entries/417?periodo=2026
[2026-03-06T23:50:08.202Z] GET /api/entries/414?periodo=2026
[2026-03-06T23:50:08.203Z] OPTIONS /api/entries/2?periodo=2026
[2026-03-06T23:50:08.203Z] OPTIONS /api/entries/3?periodo=2026
[2026-03-06T23:50:08.203Z] OPTIONS /api/entries/4?periodo=2026
[2026-03-06T23:50:08.203Z] OPTIONS /api/entries/6?periodo=2026
[2026-03-06T23:50:08.203Z] OPTIONS /api/entries/5?periodo=2026
[2026-03-06T23:50:08.203Z] OPTIONS /api/entries/8?periodo=2026
[2026-03-06T23:50:08.203Z] OPTIONS /api/entries/7?periodo=2026
[2026-03-06T23:50:08.203Z] OPTIONS /api/entries/10?periodo=2026
[2026-03-06T23:50:08.203Z] OPTIONS /api/entries/9?periodo=2026
[2026-03-06T23:50:08.203Z] OPTIONS /api/entries/12?periodo=2026
[2026-03-06T23:50:08.203Z] OPTIONS /api/entries/11?periodo=2026
[2026-03-06T23:50:08.203Z] OPTIONS /api/entries/14?periodo=2026
[2026-03-06T23:50:08.203Z] OPTIONS /api/entries/13?periodo=2026
[2026-03-06T23:50:08.203Z] OPTIONS /api/entries/16?periodo=2026
[2026-03-06T23:50:08.203Z] OPTIONS /api/entries/15?periodo=2026
[2026-03-06T23:50:08.203Z] OPTIONS /api/entries/18?periodo=2026
[2026-03-06T23:50:08.203Z] OPTIONS /api/entries/17?periodo=2026
[2026-03-06T23:50:08.203Z] OPTIONS /api/entries/21?periodo=2026
[2026-03-06T23:50:08.204Z] OPTIONS /api/entries/19?periodo=2026
[2026-03-06T23:50:08.204Z] OPTIONS /api/entries/23?periodo=2026
[2026-03-06T23:50:08.204Z] OPTIONS /api/entries/22?periodo=2026
[2026-03-06T23:50:08.204Z] OPTIONS /api/entries/24?periodo=2026
[2026-03-06T23:50:08.204Z] OPTIONS /api/entries/25?periodo=2026
[2026-03-06T23:50:08.204Z] OPTIONS /api/entries/26?periodo=2026
[2026-03-06T23:50:08.204Z] OPTIONS /api/entries/28?periodo=2026
[2026-03-06T23:50:08.204Z] OPTIONS /api/entries/29?periodo=2026
[2026-03-06T23:50:08.204Z] OPTIONS /api/entries/30?periodo=2026
[2026-03-06T23:50:08.204Z] OPTIONS /api/entries/32?periodo=2026
[2026-03-06T23:50:08.204Z] OPTIONS /api/entries/31?periodo=2026
[2026-03-06T23:50:08.204Z] OPTIONS /api/entries/33?periodo=2026
[2026-03-06T23:50:08.205Z] OPTIONS /api/entries/34?periodo=2026
[2026-03-06T23:50:08.205Z] OPTIONS /api/entries/35?periodo=2026
[2026-03-06T23:50:08.205Z] OPTIONS /api/entries/36?periodo=2026
[2026-03-06T23:50:08.205Z] OPTIONS /api/entries/37?periodo=2026
[2026-03-06T23:50:08.205Z] OPTIONS /api/entries/39?periodo=2026
[2026-03-06T23:50:08.205Z] OPTIONS /api/entries/40?periodo=2026
[2026-03-06T23:50:08.205Z] OPTIONS /api/entries/41?periodo=2026
[2026-03-06T23:50:08.205Z] OPTIONS /api/entries/45?periodo=2026
[2026-03-06T23:50:08.205Z] OPTIONS /api/entries/46?periodo=2026
[2026-03-06T23:50:08.205Z] OPTIONS /api/entries/42?periodo=2026
[2026-03-06T23:50:08.205Z] OPTIONS /api/entries/43?periodo=2026
[2026-03-06T23:50:08.205Z] OPTIONS /api/entries/49?periodo=2026
[2026-03-06T23:50:08.205Z] OPTIONS /api/entries/50?periodo=2026
[2026-03-06T23:50:08.206Z] OPTIONS /api/entries/47?periodo=2026
[2026-03-06T23:50:08.206Z] OPTIONS /api/entries/48?periodo=2026
[2026-03-06T23:50:08.206Z] OPTIONS /api/entries/53?periodo=2026
[2026-03-06T23:50:08.206Z] OPTIONS /api/entries/54?periodo=2026
[2026-03-06T23:50:08.206Z] OPTIONS /api/entries/51?periodo=2026
[2026-03-06T23:50:08.206Z] OPTIONS /api/entries/52?periodo=2026
[2026-03-06T23:50:08.206Z] OPTIONS /api/entries/58?periodo=2026
[2026-03-06T23:50:08.206Z] OPTIONS /api/entries/59?periodo=2026
[2026-03-06T23:50:08.206Z] OPTIONS /api/entries/56?periodo=2026
[2026-03-06T23:50:08.206Z] OPTIONS /api/entries/57?periodo=2026
[2026-03-06T23:50:08.206Z] OPTIONS /api/entries/62?periodo=2026
[2026-03-06T23:50:08.206Z] OPTIONS /api/entries/60?periodo=2026
[2026-03-06T23:50:08.206Z] OPTIONS /api/entries/61?periodo=2026
[2026-03-06T23:50:08.206Z] OPTIONS /api/entries/67?periodo=2026
[2026-03-06T23:50:08.206Z] OPTIONS /api/entries/63?periodo=2026
[2026-03-06T23:50:08.207Z] OPTIONS /api/entries/65?periodo=2026
[2026-03-06T23:50:08.207Z] OPTIONS /api/entries/66?periodo=2026
[2026-03-06T23:50:08.207Z] OPTIONS /api/entries/71?periodo=2026
[2026-03-06T23:50:08.207Z] OPTIONS /api/entries/72?periodo=2026
[2026-03-06T23:50:08.207Z] OPTIONS /api/entries/73?periodo=2026
[2026-03-06T23:50:08.207Z] OPTIONS /api/entries/69?periodo=2026
[2026-03-06T23:50:08.207Z] OPTIONS /api/entries/70?periodo=2026
[2026-03-06T23:50:08.207Z] OPTIONS /api/entries/74?periodo=2026
[2026-03-06T23:50:08.207Z] OPTIONS /api/entries/75?periodo=2026
[2026-03-06T23:50:08.207Z] OPTIONS /api/entries/76?periodo=2026
[2026-03-06T23:50:08.207Z] OPTIONS /api/entries/77?periodo=2026
[2026-03-06T23:50:08.207Z] OPTIONS /api/entries/78?periodo=2026
[2026-03-06T23:50:08.207Z] OPTIONS /api/entries/79?periodo=2026
[2026-03-06T23:50:08.207Z] OPTIONS /api/entries/81?periodo=2026
[2026-03-06T23:50:08.207Z] OPTIONS /api/entries/82?periodo=2026
[2026-03-06T23:50:08.207Z] OPTIONS /api/entries/83?periodo=2026
[2026-03-06T23:50:08.208Z] OPTIONS /api/entries/84?periodo=2026
[2026-03-06T23:50:08.208Z] OPTIONS /api/entries/85?periodo=2026
[2026-03-06T23:50:08.208Z] OPTIONS /api/entries/86?periodo=2026
[2026-03-06T23:50:08.208Z] OPTIONS /api/entries/87?periodo=2026
[2026-03-06T23:50:08.208Z] OPTIONS /api/entries/93?periodo=2026
[2026-03-06T23:50:08.208Z] OPTIONS /api/entries/95?periodo=2026
[2026-03-06T23:50:08.208Z] OPTIONS /api/entries/89?periodo=2026
[2026-03-06T23:50:08.208Z] OPTIONS /api/entries/91?periodo=2026
[2026-03-06T23:50:08.208Z] OPTIONS /api/entries/92?periodo=2026
[2026-03-06T23:50:08.208Z] OPTIONS /api/entries/97?periodo=2026
[2026-03-06T23:50:08.208Z] OPTIONS /api/entries/98?periodo=2026
[2026-03-06T23:50:08.209Z] OPTIONS /api/entries/99?periodo=2026
[2026-03-06T23:50:08.209Z] OPTIONS /api/entries/100?periodo=2026
[2026-03-06T23:50:08.209Z] OPTIONS /api/entries/96?periodo=2026
[2026-03-06T23:50:08.209Z] OPTIONS /api/entries/102?periodo=2026
[2026-03-06T23:50:08.209Z] OPTIONS /api/entries/103?periodo=2026
[2026-03-06T23:50:08.209Z] OPTIONS /api/entries/104?periodo=2026
[2026-03-06T23:50:08.209Z] OPTIONS /api/entries/107?periodo=2026
[2026-03-06T23:50:08.209Z] OPTIONS /api/entries/101?periodo=2026
[2026-03-06T23:50:08.209Z] OPTIONS /api/entries/110?periodo=2026
[2026-03-06T23:50:08.209Z] OPTIONS /api/entries/111?periodo=2026
[2026-03-06T23:50:08.209Z] OPTIONS /api/entries/112?periodo=2026
[2026-03-06T23:50:08.209Z] OPTIONS /api/entries/108?periodo=2026
[2026-03-06T23:50:08.209Z] OPTIONS /api/entries/115?periodo=2026
[2026-03-06T23:50:08.209Z] OPTIONS /api/entries/116?periodo=2026
[2026-03-06T23:50:08.209Z] OPTIONS /api/entries/113?periodo=2026
[2026-03-06T23:50:08.209Z] OPTIONS /api/entries/114?periodo=2026
[2026-03-06T23:50:08.209Z] OPTIONS /api/entries/119?periodo=2026
[2026-03-06T23:50:08.209Z] OPTIONS /api/entries/120?periodo=2026
[2026-03-06T23:50:08.209Z] OPTIONS /api/entries/117?periodo=2026
[2026-03-06T23:50:08.209Z] OPTIONS /api/entries/118?periodo=2026
[2026-03-06T23:50:08.210Z] OPTIONS /api/entries/123?periodo=2026
[2026-03-06T23:50:08.210Z] OPTIONS /api/entries/124?periodo=2026
[2026-03-06T23:50:08.210Z] OPTIONS /api/entries/125?periodo=2026
[2026-03-06T23:50:08.210Z] OPTIONS /api/entries/121?periodo=2026
[2026-03-06T23:50:08.210Z] OPTIONS /api/entries/122?periodo=2026
[2026-03-06T23:50:08.210Z] OPTIONS /api/entries/127?periodo=2026
[2026-03-06T23:50:08.210Z] OPTIONS /api/entries/128?periodo=2026
[2026-03-06T23:50:08.210Z] OPTIONS /api/entries/129?periodo=2026
[2026-03-06T23:50:08.210Z] OPTIONS /api/entries/126?periodo=2026
[2026-03-06T23:50:08.210Z] OPTIONS /api/entries/132?periodo=2026
[2026-03-06T23:50:08.210Z] OPTIONS /api/entries/133?periodo=2026
[2026-03-06T23:50:08.210Z] OPTIONS /api/entries/130?periodo=2026
[2026-03-06T23:50:08.210Z] OPTIONS /api/entries/131?periodo=2026
[2026-03-06T23:50:08.210Z] OPTIONS /api/entries/136?periodo=2026
[2026-03-06T23:50:08.210Z] OPTIONS /api/entries/137?periodo=2026
[2026-03-06T23:50:08.210Z] OPTIONS /api/entries/134?periodo=2026
[2026-03-06T23:50:08.210Z] OPTIONS /api/entries/135?periodo=2026
[2026-03-06T23:50:08.210Z] OPTIONS /api/entries/140?periodo=2026
[2026-03-06T23:50:08.210Z] OPTIONS /api/entries/141?periodo=2026
[2026-03-06T23:50:08.210Z] OPTIONS /api/entries/138?periodo=2026
[2026-03-06T23:50:08.210Z] OPTIONS /api/entries/139?periodo=2026
[2026-03-06T23:50:08.211Z] OPTIONS /api/entries/144?periodo=2026
[2026-03-06T23:50:08.211Z] OPTIONS /api/entries/145?periodo=2026
[2026-03-06T23:50:08.211Z] OPTIONS /api/entries/142?periodo=2026
[2026-03-06T23:50:08.211Z] OPTIONS /api/entries/143?periodo=2026
[2026-03-06T23:50:08.211Z] OPTIONS /api/entries/148?periodo=2026
[2026-03-06T23:50:08.211Z] OPTIONS /api/entries/149?periodo=2026
[2026-03-06T23:50:08.211Z] OPTIONS /api/entries/150?periodo=2026
[2026-03-06T23:50:08.211Z] OPTIONS /api/entries/146?periodo=2026
[2026-03-06T23:50:08.211Z] OPTIONS /api/entries/147?periodo=2026
[2026-03-06T23:50:08.211Z] OPTIONS /api/entries/152?periodo=2026
[2026-03-06T23:50:08.211Z] OPTIONS /api/entries/153?periodo=2026
[2026-03-06T23:50:08.211Z] OPTIONS /api/entries/154?periodo=2026
[2026-03-06T23:50:08.211Z] OPTIONS /api/entries/151?periodo=2026
[2026-03-06T23:50:08.211Z] OPTIONS /api/entries/158?periodo=2026
[2026-03-06T23:50:08.211Z] OPTIONS /api/entries/155?periodo=2026
[2026-03-06T23:50:08.211Z] OPTIONS /api/entries/156?periodo=2026
[2026-03-06T23:50:08.211Z] OPTIONS /api/entries/159?periodo=2026
[2026-03-06T23:50:08.211Z] OPTIONS /api/entries/160?periodo=2026
[2026-03-06T23:50:08.211Z] OPTIONS /api/entries/161?periodo=2026
[2026-03-06T23:50:08.212Z] OPTIONS /api/entries/162?periodo=2026
[2026-03-06T23:50:08.212Z] OPTIONS /api/entries/163?periodo=2026
[2026-03-06T23:50:08.212Z] OPTIONS /api/entries/164?periodo=2026
[2026-03-06T23:50:08.212Z] OPTIONS /api/entries/166?periodo=2026
[2026-03-06T23:50:08.212Z] OPTIONS /api/entries/167?periodo=2026
[2026-03-06T23:50:08.212Z] OPTIONS /api/entries/168?periodo=2026
[2026-03-06T23:50:08.212Z] OPTIONS /api/entries/169?periodo=2026
[2026-03-06T23:50:08.212Z] OPTIONS /api/entries/170?periodo=2026
[2026-03-06T23:50:08.212Z] OPTIONS /api/entries/171?periodo=2026
[2026-03-06T23:50:08.212Z] OPTIONS /api/entries/172?periodo=2026
[2026-03-06T23:50:08.212Z] OPTIONS /api/entries/173?periodo=2026
[2026-03-06T23:50:08.212Z] OPTIONS /api/entries/174?periodo=2026
[2026-03-06T23:50:08.212Z] OPTIONS /api/entries/175?periodo=2026
[2026-03-06T23:50:08.212Z] OPTIONS /api/entries/176?periodo=2026
[2026-03-06T23:50:08.212Z] OPTIONS /api/entries/177?periodo=2026
[2026-03-06T23:50:08.212Z] OPTIONS /api/entries/178?periodo=2026
[2026-03-06T23:50:08.212Z] OPTIONS /api/entries/179?periodo=2026
[2026-03-06T23:50:08.212Z] OPTIONS /api/entries/180?periodo=2026
[2026-03-06T23:50:08.212Z] OPTIONS /api/entries/181?periodo=2026
[2026-03-06T23:50:08.212Z] OPTIONS /api/entries/182?periodo=2026
[2026-03-06T23:50:08.213Z] OPTIONS /api/entries/184?periodo=2026
[2026-03-06T23:50:08.213Z] OPTIONS /api/entries/183?periodo=2026
[2026-03-06T23:50:08.213Z] GET /api/entries/308?periodo=2026
[2026-03-06T23:50:08.213Z] OPTIONS /api/entries/188?periodo=2026
[2026-03-06T23:50:08.213Z] GET /api/entries/309?periodo=2026
[2026-03-06T23:50:08.214Z] OPTIONS /api/entries/185?periodo=2026
[2026-03-06T23:50:08.214Z] OPTIONS /api/entries/186?periodo=2026
[2026-03-06T23:50:08.214Z] OPTIONS /api/entries/187?periodo=2026
[2026-03-06T23:50:08.214Z] GET /api/entries/311?periodo=2026
[2026-03-06T23:50:08.214Z] OPTIONS /api/entries/189?periodo=2026
[2026-03-06T23:50:08.214Z] GET /api/entries/313?periodo=2026
[2026-03-06T23:50:08.215Z] OPTIONS /api/entries/190?periodo=2026
[2026-03-06T23:50:08.215Z] OPTIONS /api/entries/191?periodo=2026
[2026-03-06T23:50:08.215Z] OPTIONS /api/entries/192?periodo=2026
[2026-03-06T23:50:08.215Z] OPTIONS /api/entries/193?periodo=2026
[2026-03-06T23:50:08.215Z] OPTIONS /api/entries/194?periodo=2026
[2026-03-06T23:50:08.215Z] OPTIONS /api/entries/195?periodo=2026
[2026-03-06T23:50:08.215Z] OPTIONS /api/entries/196?periodo=2026
[2026-03-06T23:50:08.215Z] OPTIONS /api/entries/197?periodo=2026
[2026-03-06T23:50:08.216Z] OPTIONS /api/entries/198?periodo=2026
[2026-03-06T23:50:08.216Z] GET /api/entries/312?periodo=2026
[2026-03-06T23:50:08.216Z] OPTIONS /api/entries/199?periodo=2026
[2026-03-06T23:50:08.216Z] GET /api/entries/314?periodo=2026
[2026-03-06T23:50:08.216Z] OPTIONS /api/entries/200?periodo=2026
[2026-03-06T23:50:08.216Z] OPTIONS /api/entries/201?periodo=2026
[2026-03-06T23:50:08.216Z] GET /api/entries/315?periodo=2026
[2026-03-06T23:50:08.217Z] OPTIONS /api/entries/202?periodo=2026
[2026-03-06T23:50:08.217Z] OPTIONS /api/entries/203?periodo=2026
[2026-03-06T23:50:08.217Z] OPTIONS /api/entries/204?periodo=2026
[2026-03-06T23:50:08.217Z] GET /api/entries/316?periodo=2026
[2026-03-06T23:50:08.217Z] OPTIONS /api/entries/206?periodo=2026
[2026-03-06T23:50:08.217Z] GET /api/entries/317?periodo=2026
[2026-03-06T23:50:08.218Z] OPTIONS /api/entries/205?periodo=2026
[2026-03-06T23:50:08.218Z] GET /api/entries/322?periodo=2026
[2026-03-06T23:50:08.218Z] GET /api/entries/318?periodo=2026
[2026-03-06T23:50:08.219Z] GET /api/entries/324?periodo=2026
[2026-03-06T23:50:08.219Z] OPTIONS /api/entries/209?periodo=2026
[2026-03-06T23:50:08.219Z] OPTIONS /api/entries/208?periodo=2026
[2026-03-06T23:50:08.219Z] OPTIONS /api/entries/207?periodo=2026
[2026-03-06T23:50:08.219Z] OPTIONS /api/entries/211?periodo=2026
[2026-03-06T23:50:08.219Z] GET /api/entries/325?periodo=2026
[2026-03-06T23:50:08.220Z] GET /api/entries/326?periodo=2026
[2026-03-06T23:50:08.220Z] GET /api/entries/328?periodo=2026
[2026-03-06T23:50:08.221Z] OPTIONS /api/entries/212?periodo=2026
[2026-03-06T23:50:08.221Z] OPTIONS /api/entries/213?periodo=2026
[2026-03-06T23:50:08.222Z] GET /api/entries/327?periodo=2026
[2026-03-06T23:50:08.222Z] GET /api/entries/329?periodo=2026
[2026-03-06T23:50:08.223Z] GET /api/entries/332?periodo=2026
[2026-03-06T23:50:08.223Z] OPTIONS /api/entries/214?periodo=2026
[2026-03-06T23:50:08.223Z] OPTIONS /api/entries/215?periodo=2026
[2026-03-06T23:50:08.223Z] GET /api/entries/330?periodo=2026
[2026-03-06T23:50:08.224Z] GET /api/entries/331?periodo=2026
[2026-03-06T23:50:08.224Z] GET /api/entries/333?periodo=2026
[2026-03-06T23:50:08.225Z] GET /api/entries/334?periodo=2026
[2026-03-06T23:50:08.225Z] GET /api/entries/336?periodo=2026
[2026-03-06T23:50:08.225Z] OPTIONS /api/entries/210?periodo=2026
[2026-03-06T23:50:08.225Z] OPTIONS /api/entries/218?periodo=2026
[2026-03-06T23:50:08.225Z] OPTIONS /api/entries/216?periodo=2026
[2026-03-06T23:50:08.226Z] GET /api/entries/337?periodo=2026
[2026-03-06T23:50:08.226Z] GET /api/entries/335?periodo=2026
[2026-03-06T23:50:08.226Z] OPTIONS /api/entries/219?periodo=2026
[2026-03-06T23:50:08.226Z] OPTIONS /api/entries/217?periodo=2026
[2026-03-06T23:50:08.226Z] GET /api/entries/341?periodo=2026
[2026-03-06T23:50:08.227Z] OPTIONS /api/entries/222?periodo=2026
[2026-03-06T23:50:08.227Z] GET /api/entries/342?periodo=2026
[2026-03-06T23:50:08.227Z] GET /api/entries/344?periodo=2026
[2026-03-06T23:50:08.227Z] GET /api/entries/343?periodo=2026
[2026-03-06T23:50:08.228Z] GET /api/entries/347?periodo=2026
[2026-03-06T23:50:08.228Z] OPTIONS /api/entries/220?periodo=2026
[2026-03-06T23:50:08.228Z] OPTIONS /api/entries/223?periodo=2026
[2026-03-06T23:50:08.228Z] OPTIONS /api/entries/221?periodo=2026
[2026-03-06T23:50:08.228Z] GET /api/entries/348?periodo=2026
[2026-03-06T23:50:08.229Z] OPTIONS /api/entries/225?periodo=2026
[2026-03-06T23:50:08.229Z] GET /api/entries/349?periodo=2026
[2026-03-06T23:50:08.229Z] GET /api/entries/350?periodo=2026
[2026-03-06T23:50:08.230Z] GET /api/entries/351?periodo=2026
[2026-03-06T23:50:08.230Z] OPTIONS /api/entries/224?periodo=2026
[2026-03-06T23:50:08.230Z] GET /api/entries/352?periodo=2026
[2026-03-06T23:50:08.230Z] OPTIONS /api/entries/229?periodo=2026
[2026-03-06T23:50:08.231Z] GET /api/entries/353?periodo=2026
[2026-03-06T23:50:08.231Z] OPTIONS /api/entries/228?periodo=2026
[2026-03-06T23:50:08.231Z] GET /api/entries/357?periodo=2026
[2026-03-06T23:50:08.232Z] OPTIONS /api/entries/230?periodo=2026
[2026-03-06T23:50:08.232Z] OPTIONS /api/entries/226?periodo=2026
[2026-03-06T23:50:08.232Z] OPTIONS /api/entries/233?periodo=2026
[2026-03-06T23:50:08.232Z] GET /api/entries/354?periodo=2026
[2026-03-06T23:50:08.232Z] OPTIONS /api/entries/235?periodo=2026
[2026-03-06T23:50:08.233Z] OPTIONS /api/entries/237?periodo=2026
[2026-03-06T23:50:08.233Z] GET /api/entries/355?periodo=2026
[2026-03-06T23:50:08.234Z] GET /api/entries/356?periodo=2026
[2026-03-06T23:50:08.234Z] OPTIONS /api/entries/234?periodo=2026
[2026-03-06T23:50:08.234Z] OPTIONS /api/entries/238?periodo=2026
[2026-03-06T23:50:08.234Z] OPTIONS /api/entries/239?periodo=2026
[2026-03-06T23:50:08.234Z] OPTIONS /api/entries/236?periodo=2026
[2026-03-06T23:50:08.234Z] GET /api/entries/359?periodo=2026
[2026-03-06T23:50:08.234Z] OPTIONS /api/entries/240?periodo=2026
[2026-03-06T23:50:08.234Z] GET /api/entries/360?periodo=2026
[2026-03-06T23:50:08.235Z] GET /api/entries/361?periodo=2026
[2026-03-06T23:50:08.235Z] GET /api/entries/358?periodo=2026
[2026-03-06T23:50:08.235Z] GET /api/entries/363?periodo=2026
[2026-03-06T23:50:08.236Z] OPTIONS /api/entries/244?periodo=2026
[2026-03-06T23:50:08.236Z] GET /api/entries/364?periodo=2026
[2026-03-06T23:50:08.237Z] GET /api/entries/365?periodo=2026
[2026-03-06T23:50:08.237Z] GET /api/entries/362?periodo=2026
[2026-03-06T23:50:08.238Z] OPTIONS /api/entries/243?periodo=2026
[2026-03-06T23:50:08.238Z] OPTIONS /api/entries/242?periodo=2026
[2026-03-06T23:50:08.238Z] OPTIONS /api/entries/247?periodo=2026
[2026-03-06T23:50:08.238Z] GET /api/entries/368?periodo=2026
[2026-03-06T23:50:08.239Z] OPTIONS /api/entries/245?periodo=2026
[2026-03-06T23:50:08.239Z] GET /api/entries/367?periodo=2026
[2026-03-06T23:50:08.239Z] GET /api/entries/369?periodo=2026
[2026-03-06T23:50:08.240Z] OPTIONS /api/entries/246?periodo=2026
[2026-03-06T23:50:08.240Z] GET /api/entries/366?periodo=2026
[2026-03-06T23:50:08.240Z] GET /api/entries/371?periodo=2026
[2026-03-06T23:50:08.240Z] OPTIONS /api/entries/250?periodo=2026
[2026-03-06T23:50:08.241Z] GET /api/entries/372?periodo=2026
[2026-03-06T23:50:08.241Z] OPTIONS /api/entries/248?periodo=2026
[2026-03-06T23:50:08.241Z] GET /api/entries/373?periodo=2026
[2026-03-06T23:50:08.241Z] OPTIONS /api/entries/249?periodo=2026
[2026-03-06T23:50:08.241Z] OPTIONS /api/entries/252?periodo=2026
[2026-03-06T23:50:08.241Z] GET /api/entries/370?periodo=2026
[2026-03-06T23:50:08.242Z] OPTIONS /api/entries/254?periodo=2026
[2026-03-06T23:50:08.242Z] OPTIONS /api/entries/251?periodo=2026
[2026-03-06T23:50:08.242Z] OPTIONS /api/entries/253?periodo=2026
[2026-03-06T23:50:08.242Z] GET /api/entries/375?periodo=2026
[2026-03-06T23:50:08.242Z] GET /api/entries/376?periodo=2026
[2026-03-06T23:50:08.243Z] OPTIONS /api/entries/255?periodo=2026
[2026-03-06T23:50:08.243Z] GET /api/entries/378?periodo=2026
[2026-03-06T23:50:08.243Z] OPTIONS /api/entries/257?periodo=2026
[2026-03-06T23:50:08.243Z] OPTIONS /api/entries/258?periodo=2026
[2026-03-06T23:50:08.243Z] OPTIONS /api/entries/259?periodo=2026
[2026-03-06T23:50:08.243Z] GET /api/entries/374?periodo=2026
[2026-03-06T23:50:08.244Z] GET /api/entries/379?periodo=2026
[2026-03-06T23:50:08.244Z] OPTIONS /api/entries/260?periodo=2026
[2026-03-06T23:50:08.244Z] OPTIONS /api/entries/261?periodo=2026
[2026-03-06T23:50:08.244Z] GET /api/entries/377?periodo=2026
[2026-03-06T23:50:08.245Z] GET /api/entries/382?periodo=2026
[2026-03-06T23:50:08.245Z] GET /api/entries/381?periodo=2026
[2026-03-06T23:50:08.245Z] OPTIONS /api/entries/262?periodo=2026
[2026-03-06T23:50:08.245Z] GET /api/entries/380?periodo=2026
[2026-03-06T23:50:08.246Z] GET /api/entries/383?periodo=2026
[2026-03-06T23:50:08.246Z] OPTIONS /api/entries/263?periodo=2026
[2026-03-06T23:50:08.246Z] OPTIONS /api/entries/266?periodo=2026
[2026-03-06T23:50:08.246Z] OPTIONS /api/entries/267?periodo=2026
[2026-03-06T23:50:08.246Z] OPTIONS /api/entries/264?periodo=2026
[2026-03-06T23:50:08.246Z] OPTIONS /api/entries/265?periodo=2026
[2026-03-06T23:50:08.247Z] GET /api/entries/385?periodo=2026
[2026-03-06T23:50:08.247Z] OPTIONS /api/entries/268?periodo=2026
[2026-03-06T23:50:08.247Z] OPTIONS /api/entries/269?periodo=2026
[2026-03-06T23:50:08.247Z] GET /api/entries/386?periodo=2026
[2026-03-06T23:50:08.248Z] GET /api/entries/384?periodo=2026
[2026-03-06T23:50:08.248Z] GET /api/entries/387?periodo=2026
[2026-03-06T23:50:08.248Z] GET /api/entries/388?periodo=2026
[2026-03-06T23:50:08.248Z] OPTIONS /api/entries/273?periodo=2026
[2026-03-06T23:50:08.249Z] OPTIONS /api/entries/271?periodo=2026
[2026-03-06T23:50:08.249Z] OPTIONS /api/entries/272?periodo=2026
[2026-03-06T23:50:08.249Z] OPTIONS /api/entries/270?periodo=2026
[2026-03-06T23:50:08.249Z] OPTIONS /api/entries/275?periodo=2026
[2026-03-06T23:50:08.249Z] GET /api/entries/389?periodo=2026
[2026-03-06T23:50:08.249Z] GET /api/entries/390?periodo=2026
[2026-03-06T23:50:08.250Z] OPTIONS /api/entries/274?periodo=2026
[2026-03-06T23:50:08.250Z] GET /api/entries/391?periodo=2026
[2026-03-06T23:50:08.250Z] OPTIONS /api/entries/276?periodo=2026
[2026-03-06T23:50:08.250Z] GET /api/entries/392?periodo=2026
[2026-03-06T23:50:08.250Z] GET /api/entries/393?periodo=2026
[2026-03-06T23:50:08.251Z] OPTIONS /api/entries/277?periodo=2026
[2026-03-06T23:50:08.251Z] OPTIONS /api/entries/278?periodo=2026
[2026-03-06T23:50:08.251Z] OPTIONS /api/entries/280?periodo=2026
[2026-03-06T23:50:08.251Z] OPTIONS /api/entries/279?periodo=2026
[2026-03-06T23:50:08.252Z] OPTIONS /api/entries/282?periodo=2026
[2026-03-06T23:50:08.252Z] GET /api/entries/395?periodo=2026
[2026-03-06T23:50:08.252Z] OPTIONS /api/entries/281?periodo=2026
[2026-03-06T23:50:08.252Z] GET /api/entries/394?periodo=2026
[2026-03-06T23:50:08.252Z] OPTIONS /api/entries/284?periodo=2026
[2026-03-06T23:50:08.252Z] OPTIONS /api/entries/285?periodo=2026
[2026-03-06T23:50:08.252Z] OPTIONS /api/entries/286?periodo=2026
[2026-03-06T23:50:08.252Z] OPTIONS /api/entries/283?periodo=2026
[2026-03-06T23:50:08.252Z] GET /api/entries/397?periodo=2026
[2026-03-06T23:50:08.253Z] GET /api/entries/398?periodo=2026
[2026-03-06T23:50:08.253Z] GET /api/entries/396?periodo=2026
[2026-03-06T23:50:08.253Z] GET /api/entries/400?periodo=2026
[2026-03-06T23:50:08.254Z] OPTIONS /api/entries/288?periodo=2026
[2026-03-06T23:50:08.254Z] OPTIONS /api/entries/289?periodo=2026
[2026-03-06T23:50:08.254Z] OPTIONS /api/entries/293?periodo=2026
[2026-03-06T23:50:08.254Z] GET /api/entries/401?periodo=2026
[2026-03-06T23:50:08.255Z] GET /api/entries/399?periodo=2026
[2026-03-06T23:50:08.255Z] OPTIONS /api/entries/290?periodo=2026
[2026-03-06T23:50:08.255Z] OPTIONS /api/entries/291?periodo=2026
[2026-03-06T23:50:08.255Z] GET /api/entries/403?periodo=2026
[2026-03-06T23:50:08.256Z] GET /api/entries/402?periodo=2026
[2026-03-06T23:50:08.256Z] GET /api/entries/406?periodo=2026
[2026-03-06T23:50:08.256Z] GET /api/entries/404?periodo=2026
[2026-03-06T23:50:08.257Z] OPTIONS /api/entries/292?periodo=2026
[2026-03-06T23:50:08.257Z] GET /api/entries/407?periodo=2026
[2026-03-06T23:50:08.258Z] GET /api/entries/405?periodo=2026
[2026-03-06T23:50:08.258Z] OPTIONS /api/entries/294?periodo=2026
[2026-03-06T23:50:08.258Z] OPTIONS /api/entries/296?periodo=2026
[2026-03-06T23:50:08.258Z] OPTIONS /api/entries/297?periodo=2026
[2026-03-06T23:50:08.258Z] OPTIONS /api/entries/298?periodo=2026
[2026-03-06T23:50:08.258Z] OPTIONS /api/entries/301?periodo=2026
[2026-03-06T23:50:08.258Z] OPTIONS /api/entries/295?periodo=2026
[2026-03-06T23:50:08.258Z] GET /api/entries/408?periodo=2026
[2026-03-06T23:50:08.259Z] OPTIONS /api/entries/299?periodo=2026
[2026-03-06T23:50:08.259Z] GET /api/entries/411?periodo=2026
[2026-03-06T23:50:08.259Z] GET /api/entries/412?periodo=2026
[2026-03-06T23:50:08.259Z] GET /api/entries/413?periodo=2026
[2026-03-06T23:50:08.260Z] GET /api/entries/409?periodo=2026
[2026-03-06T23:50:08.260Z] OPTIONS /api/entries/300?periodo=2026
[2026-03-06T23:50:08.260Z] GET /api/entries/410?periodo=2026
[2026-03-06T23:50:08.261Z] GET /api/entries/415?periodo=2026
[2026-03-06T23:50:08.261Z] GET /api/entries/2?periodo=2026
[2026-03-06T23:50:08.261Z] GET /api/entries/3?periodo=2026
[2026-03-06T23:50:08.262Z] GET /api/entries/4?periodo=2026
[2026-03-06T23:50:08.262Z] GET /api/entries/6?periodo=2026
[2026-03-06T23:50:08.263Z] GET /api/entries/5?periodo=2026
[2026-03-06T23:50:08.263Z] GET /api/entries/8?periodo=2026
[2026-03-06T23:50:08.264Z] GET /api/entries/7?periodo=2026
[2026-03-06T23:50:08.264Z] GET /api/entries/10?periodo=2026
[2026-03-06T23:50:08.265Z] GET /api/entries/9?periodo=2026
[2026-03-06T23:50:08.265Z] GET /api/entries/12?periodo=2026
[2026-03-06T23:50:08.266Z] GET /api/entries/11?periodo=2026
[2026-03-06T23:50:08.266Z] GET /api/entries/14?periodo=2026
[2026-03-06T23:50:08.266Z] GET /api/entries/13?periodo=2026
[2026-03-06T23:50:08.267Z] GET /api/entries/16?periodo=2026
[2026-03-06T23:50:08.268Z] GET /api/entries/15?periodo=2026
[2026-03-06T23:50:08.268Z] GET /api/entries/18?periodo=2026
[2026-03-06T23:50:08.268Z] GET /api/entries/17?periodo=2026
[2026-03-06T23:50:08.269Z] GET /api/entries/21?periodo=2026
[2026-03-06T23:50:08.269Z] GET /api/entries/19?periodo=2026
[2026-03-06T23:50:08.269Z] GET /api/entries/23?periodo=2026
[2026-03-06T23:50:08.270Z] GET /api/entries/22?periodo=2026
[2026-03-06T23:50:08.270Z] GET /api/entries/24?periodo=2026
[2026-03-06T23:50:08.271Z] GET /api/entries/25?periodo=2026
[2026-03-06T23:50:08.271Z] GET /api/entries/26?periodo=2026
[2026-03-06T23:50:08.272Z] GET /api/entries/28?periodo=2026
[2026-03-06T23:50:08.272Z] OPTIONS /api/entries/302?periodo=2026
[2026-03-06T23:50:08.272Z] GET /api/entries/29?periodo=2026
[2026-03-06T23:50:08.273Z] GET /api/entries/30?periodo=2026
[2026-03-06T23:50:08.273Z] GET /api/entries/32?periodo=2026
[2026-03-06T23:50:08.273Z] OPTIONS /api/entries/303?periodo=2026
[2026-03-06T23:50:08.274Z] GET /api/entries/31?periodo=2026
[2026-03-06T23:50:08.274Z] GET /api/entries/34?periodo=2026
[2026-03-06T23:50:08.274Z] GET /api/entries/33?periodo=2026
[2026-03-06T23:50:08.275Z] GET /api/entries/35?periodo=2026
[2026-03-06T23:50:08.275Z] GET /api/entries/36?periodo=2026
[2026-03-06T23:50:08.275Z] GET /api/entries/37?periodo=2026
[2026-03-06T23:50:08.276Z] GET /api/entries/39?periodo=2026
[2026-03-06T23:50:08.276Z] OPTIONS /api/entries/306?periodo=2026
[2026-03-06T23:50:08.276Z] GET /api/entries/40?periodo=2026
[2026-03-06T23:50:08.277Z] GET /api/entries/41?periodo=2026
[2026-03-06T23:50:08.277Z] GET /api/entries/45?periodo=2026
[2026-03-06T23:50:08.277Z] GET /api/entries/46?periodo=2026
[2026-03-06T23:50:08.278Z] GET /api/entries/42?periodo=2026
[2026-03-06T23:50:08.278Z] GET /api/entries/43?periodo=2026
[2026-03-06T23:50:08.279Z] OPTIONS /api/entries/307?periodo=2026
[2026-03-06T23:50:08.279Z] GET /api/entries/49?periodo=2026
[2026-03-06T23:50:08.279Z] GET /api/entries/50?periodo=2026
[2026-03-06T23:50:08.280Z] GET /api/entries/47?periodo=2026
[2026-03-06T23:50:08.280Z] OPTIONS /api/entries/305?periodo=2026
[2026-03-06T23:50:08.280Z] GET /api/entries/48?periodo=2026
[2026-03-06T23:50:08.280Z] GET /api/entries/53?periodo=2026
[2026-03-06T23:50:08.281Z] GET /api/entries/54?periodo=2026
[2026-03-06T23:50:08.281Z] GET /api/entries/51?periodo=2026
[2026-03-06T23:50:08.281Z] GET /api/entries/52?periodo=2026
[2026-03-06T23:50:08.282Z] GET /api/entries/58?periodo=2026
[2026-03-06T23:50:08.283Z] GET /api/entries/59?periodo=2026
[2026-03-06T23:50:08.283Z] GET /api/entries/56?periodo=2026
[2026-03-06T23:50:08.284Z] GET /api/entries/57?periodo=2026
[2026-03-06T23:50:08.284Z] GET /api/entries/62?periodo=2026
[2026-03-06T23:50:08.285Z] GET /api/entries/60?periodo=2026
[2026-03-06T23:50:08.285Z] GET /api/entries/61?periodo=2026
[2026-03-06T23:50:08.286Z] GET /api/entries/67?periodo=2026
[2026-03-06T23:50:08.286Z] GET /api/entries/63?periodo=2026
[2026-03-06T23:50:08.288Z] GET /api/entries/65?periodo=2026
[2026-03-06T23:50:08.289Z] OPTIONS /api/entries/304?periodo=2026
[2026-03-06T23:50:08.289Z] GET /api/entries/66?periodo=2026
[2026-03-06T23:50:08.290Z] GET /api/entries/71?periodo=2026
[2026-03-06T23:50:08.290Z] GET /api/entries/72?periodo=2026
[2026-03-06T23:50:08.290Z] GET /api/entries/69?periodo=2026
[2026-03-06T23:50:08.291Z] GET /api/entries/73?periodo=2026
[2026-03-06T23:50:08.291Z] GET /api/entries/70?periodo=2026
[2026-03-06T23:50:08.292Z] GET /api/entries/74?periodo=2026
[2026-03-06T23:50:08.292Z] GET /api/entries/75?periodo=2026
[2026-03-06T23:50:08.293Z] GET /api/entries/76?periodo=2026
[2026-03-06T23:50:08.294Z] GET /api/entries/77?periodo=2026
[2026-03-06T23:50:08.294Z] GET /api/entries/78?periodo=2026
[2026-03-06T23:50:08.294Z] GET /api/entries/79?periodo=2026
[2026-03-06T23:50:08.295Z] GET /api/entries/81?periodo=2026
[2026-03-06T23:50:08.295Z] GET /api/entries/82?periodo=2026
[2026-03-06T23:50:08.295Z] GET /api/entries/83?periodo=2026
[2026-03-06T23:50:08.296Z] GET /api/entries/84?periodo=2026
[2026-03-06T23:50:08.296Z] GET /api/entries/85?periodo=2026
[2026-03-06T23:50:08.297Z] GET /api/entries/86?periodo=2026
[2026-03-06T23:50:08.297Z] GET /api/entries/87?periodo=2026
[2026-03-06T23:50:08.298Z] GET /api/entries/93?periodo=2026
[2026-03-06T23:50:08.298Z] GET /api/entries/95?periodo=2026
[2026-03-06T23:50:08.298Z] GET /api/entries/89?periodo=2026
[2026-03-06T23:50:08.299Z] GET /api/entries/91?periodo=2026
[2026-03-06T23:50:08.299Z] GET /api/entries/92?periodo=2026
[2026-03-06T23:50:08.299Z] GET /api/entries/97?periodo=2026
[2026-03-06T23:50:08.300Z] GET /api/entries/98?periodo=2026
[2026-03-06T23:50:08.300Z] GET /api/entries/99?periodo=2026
[2026-03-06T23:50:08.300Z] GET /api/entries/100?periodo=2026
[2026-03-06T23:50:08.301Z] GET /api/entries/96?periodo=2026
[2026-03-06T23:50:08.301Z] GET /api/entries/102?periodo=2026
[2026-03-06T23:50:08.302Z] GET /api/entries/103?periodo=2026
[2026-03-06T23:50:08.302Z] GET /api/entries/104?periodo=2026
[2026-03-06T23:50:08.302Z] GET /api/entries/107?periodo=2026
[2026-03-06T23:50:08.303Z] GET /api/entries/101?periodo=2026
[2026-03-06T23:50:08.303Z] GET /api/entries/110?periodo=2026
[2026-03-06T23:50:08.304Z] GET /api/entries/111?periodo=2026
[2026-03-06T23:50:08.304Z] GET /api/entries/112?periodo=2026
[2026-03-06T23:50:08.305Z] GET /api/entries/108?periodo=2026
[2026-03-06T23:50:08.305Z] GET /api/entries/115?periodo=2026
[2026-03-06T23:50:08.306Z] GET /api/entries/116?periodo=2026
[2026-03-06T23:50:08.306Z] GET /api/entries/113?periodo=2026
[2026-03-06T23:50:08.306Z] GET /api/entries/114?periodo=2026
[2026-03-06T23:50:08.307Z] GET /api/entries/119?periodo=2026
[2026-03-06T23:50:08.307Z] GET /api/entries/120?periodo=2026
[2026-03-06T23:50:08.308Z] GET /api/entries/117?periodo=2026
[2026-03-06T23:50:08.308Z] GET /api/entries/118?periodo=2026
[2026-03-06T23:50:08.308Z] GET /api/entries/123?periodo=2026
[2026-03-06T23:50:08.309Z] GET /api/entries/124?periodo=2026
[2026-03-06T23:50:08.311Z] GET /api/entries/125?periodo=2026
[2026-03-06T23:50:08.312Z] GET /api/entries/121?periodo=2026
[2026-03-06T23:50:08.312Z] GET /api/entries/122?periodo=2026
[2026-03-06T23:50:08.312Z] GET /api/entries/127?periodo=2026
[2026-03-06T23:50:08.313Z] GET /api/entries/128?periodo=2026
[2026-03-06T23:50:08.313Z] GET /api/entries/129?periodo=2026
[2026-03-06T23:50:08.314Z] GET /api/entries/126?periodo=2026
[2026-03-06T23:50:08.315Z] GET /api/entries/132?periodo=2026
[2026-03-06T23:50:08.315Z] GET /api/entries/133?periodo=2026
[2026-03-06T23:50:08.316Z] GET /api/entries/130?periodo=2026
[2026-03-06T23:50:08.316Z] GET /api/entries/131?periodo=2026
[2026-03-06T23:50:08.317Z] GET /api/entries/136?periodo=2026
[2026-03-06T23:50:08.318Z] GET /api/entries/137?periodo=2026
[2026-03-06T23:50:08.318Z] GET /api/entries/134?periodo=2026
[2026-03-06T23:50:08.319Z] GET /api/entries/135?periodo=2026
[2026-03-06T23:50:08.319Z] GET /api/entries/140?periodo=2026
[2026-03-06T23:50:08.323Z] GET /api/entries/141?periodo=2026
[2026-03-06T23:50:08.324Z] GET /api/entries/138?periodo=2026
[2026-03-06T23:50:08.324Z] GET /api/entries/139?periodo=2026
[2026-03-06T23:50:08.325Z] GET /api/entries/144?periodo=2026
[2026-03-06T23:50:08.325Z] GET /api/entries/145?periodo=2026
[2026-03-06T23:50:08.325Z] GET /api/entries/142?periodo=2026
[2026-03-06T23:50:08.326Z] GET /api/entries/143?periodo=2026
[2026-03-06T23:50:08.327Z] GET /api/entries/148?periodo=2026
[2026-03-06T23:50:08.327Z] GET /api/entries/149?periodo=2026
[2026-03-06T23:50:08.328Z] GET /api/entries/150?periodo=2026
[2026-03-06T23:50:08.328Z] GET /api/entries/146?periodo=2026
[2026-03-06T23:50:08.328Z] GET /api/entries/147?periodo=2026
[2026-03-06T23:50:08.329Z] GET /api/entries/152?periodo=2026
[2026-03-06T23:50:08.329Z] GET /api/entries/153?periodo=2026
[2026-03-06T23:50:08.330Z] GET /api/entries/154?periodo=2026
[2026-03-06T23:50:08.330Z] GET /api/entries/151?periodo=2026
[2026-03-06T23:50:08.330Z] GET /api/entries/155?periodo=2026
[2026-03-06T23:50:08.333Z] GET /api/entries/158?periodo=2026
[2026-03-06T23:50:08.334Z] GET /api/entries/156?periodo=2026
[2026-03-06T23:50:08.334Z] GET /api/entries/159?periodo=2026
[2026-03-06T23:50:08.335Z] GET /api/entries/160?periodo=2026
[2026-03-06T23:50:08.335Z] GET /api/entries/161?periodo=2026
[2026-03-06T23:50:08.338Z] GET /api/entries/164?periodo=2026
[2026-03-06T23:50:08.339Z] GET /api/entries/162?periodo=2026
[2026-03-06T23:50:08.341Z] GET /api/entries/163?periodo=2026
[2026-03-06T23:50:08.341Z] GET /api/entries/167?periodo=2026
[2026-03-06T23:50:08.341Z] GET /api/entries/166?periodo=2026
[2026-03-06T23:50:08.342Z] GET /api/entries/169?periodo=2026
[2026-03-06T23:50:08.342Z] GET /api/entries/170?periodo=2026
[2026-03-06T23:50:08.342Z] GET /api/entries/168?periodo=2026
[2026-03-06T23:50:08.344Z] GET /api/entries/172?periodo=2026
[2026-03-06T23:50:08.344Z] GET /api/entries/171?periodo=2026
[2026-03-06T23:50:08.345Z] GET /api/entries/173?periodo=2026
[2026-03-06T23:50:08.345Z] GET /api/entries/174?periodo=2026
[2026-03-06T23:50:08.346Z] GET /api/entries/175?periodo=2026
[2026-03-06T23:50:08.346Z] GET /api/entries/176?periodo=2026
[2026-03-06T23:50:08.347Z] GET /api/entries/177?periodo=2026
[2026-03-06T23:50:08.348Z] GET /api/entries/178?periodo=2026
[2026-03-06T23:50:08.349Z] GET /api/entries/180?periodo=2026
[2026-03-06T23:50:08.350Z] GET /api/entries/179?periodo=2026
[2026-03-06T23:50:08.350Z] GET /api/entries/181?periodo=2026
[2026-03-06T23:50:08.350Z] GET /api/entries/182?periodo=2026
[2026-03-06T23:50:08.351Z] GET /api/entries/184?periodo=2026
[2026-03-06T23:50:08.353Z] GET /api/entries/183?periodo=2026
[2026-03-06T23:50:08.353Z] GET /api/entries/188?periodo=2026
[2026-03-06T23:50:08.353Z] GET /api/entries/185?periodo=2026
[2026-03-06T23:50:08.354Z] GET /api/entries/186?periodo=2026
[2026-03-06T23:50:08.354Z] GET /api/entries/187?periodo=2026
[2026-03-06T23:50:08.356Z] GET /api/entries/189?periodo=2026
[2026-03-06T23:50:08.356Z] GET /api/entries/190?periodo=2026
[2026-03-06T23:50:08.357Z] GET /api/entries/191?periodo=2026
[2026-03-06T23:50:08.357Z] GET /api/entries/192?periodo=2026
[2026-03-06T23:50:08.358Z] GET /api/entries/193?periodo=2026
[2026-03-06T23:50:08.358Z] GET /api/entries/194?periodo=2026
[2026-03-06T23:50:08.359Z] GET /api/entries/195?periodo=2026
[2026-03-06T23:50:08.359Z] GET /api/entries/196?periodo=2026
[2026-03-06T23:50:08.360Z] GET /api/entries/198?periodo=2026
[2026-03-06T23:50:08.360Z] GET /api/entries/197?periodo=2026
[2026-03-06T23:50:08.361Z] GET /api/entries/199?periodo=2026
[2026-03-06T23:50:08.361Z] GET /api/entries/200?periodo=2026
[2026-03-06T23:50:08.361Z] GET /api/entries/201?periodo=2026
[2026-03-06T23:50:08.362Z] GET /api/entries/202?periodo=2026
[2026-03-06T23:50:08.362Z] GET /api/entries/203?periodo=2026
[2026-03-06T23:50:08.362Z] GET /api/entries/204?periodo=2026
[2026-03-06T23:50:08.363Z] GET /api/entries/206?periodo=2026
[2026-03-06T23:50:08.363Z] GET /api/entries/205?periodo=2026
[2026-03-06T23:50:08.363Z] GET /api/entries/209?periodo=2026
[2026-03-06T23:50:08.364Z] GET /api/entries/208?periodo=2026
[2026-03-06T23:50:08.365Z] GET /api/entries/207?periodo=2026
[2026-03-06T23:50:08.365Z] GET /api/entries/211?periodo=2026
[2026-03-06T23:50:08.365Z] GET /api/entries/212?periodo=2026
[2026-03-06T23:50:08.366Z] GET /api/entries/213?periodo=2026
[2026-03-06T23:50:08.366Z] GET /api/entries/214?periodo=2026
[2026-03-06T23:50:08.367Z] GET /api/entries/215?periodo=2026
[2026-03-06T23:50:08.367Z] GET /api/entries/210?periodo=2026
[2026-03-06T23:50:08.368Z] GET /api/entries/218?periodo=2026
[2026-03-06T23:50:08.368Z] GET /api/entries/216?periodo=2026
[2026-03-06T23:50:08.369Z] GET /api/entries/219?periodo=2026
[2026-03-06T23:50:08.369Z] GET /api/entries/217?periodo=2026
[2026-03-06T23:50:08.369Z] GET /api/entries/222?periodo=2026
[2026-03-06T23:50:08.369Z] GET /api/entries/220?periodo=2026
[2026-03-06T23:50:08.370Z] GET /api/entries/223?periodo=2026
[2026-03-06T23:50:08.371Z] GET /api/entries/221?periodo=2026
[2026-03-06T23:50:08.371Z] GET /api/entries/225?periodo=2026
[2026-03-06T23:50:08.372Z] GET /api/entries/224?periodo=2026
[2026-03-06T23:50:08.373Z] GET /api/entries/229?periodo=2026
[2026-03-06T23:50:08.373Z] GET /api/entries/228?periodo=2026
[2026-03-06T23:50:08.373Z] GET /api/entries/230?periodo=2026
[2026-03-06T23:50:08.374Z] GET /api/entries/226?periodo=2026
[2026-03-06T23:50:08.374Z] GET /api/entries/233?periodo=2026
[2026-03-06T23:50:08.375Z] GET /api/entries/235?periodo=2026
[2026-03-06T23:50:08.375Z] GET /api/entries/237?periodo=2026
[2026-03-06T23:50:08.375Z] GET /api/entries/234?periodo=2026
[2026-03-06T23:50:08.376Z] GET /api/entries/238?periodo=2026
[2026-03-06T23:50:08.376Z] GET /api/entries/236?periodo=2026
[2026-03-06T23:50:08.377Z] GET /api/entries/239?periodo=2026
[2026-03-06T23:50:08.377Z] GET /api/entries/240?periodo=2026
[2026-03-06T23:50:08.377Z] GET /api/entries/244?periodo=2026
[2026-03-06T23:50:08.378Z] OPTIONS /api/entries/416?periodo=2026
[2026-03-06T23:50:08.378Z] GET /api/entries/243?periodo=2026
[2026-03-06T23:50:08.379Z] GET /api/entries/242?periodo=2026
[2026-03-06T23:50:08.379Z] GET /api/entries/247?periodo=2026
[2026-03-06T23:50:08.380Z] OPTIONS /api/entries/417?periodo=2026
[2026-03-06T23:50:08.380Z] OPTIONS /api/entries/414?periodo=2026
[2026-03-06T23:50:08.380Z] GET /api/entries/245?periodo=2026
[2026-03-06T23:50:08.380Z] GET /api/entries/246?periodo=2026
[2026-03-06T23:50:08.380Z] GET /api/entries/250?periodo=2026
[2026-03-06T23:50:08.381Z] GET /api/entries/248?periodo=2026
[2026-03-06T23:50:08.381Z] GET /api/entries/249?periodo=2026
[2026-03-06T23:50:08.382Z] GET /api/entries/252?periodo=2026
[2026-03-06T23:50:08.382Z] GET /api/entries/254?periodo=2026
[2026-03-06T23:50:08.383Z] GET /api/entries/251?periodo=2026
[2026-03-06T23:50:08.383Z] GET /api/entries/253?periodo=2026
[2026-03-06T23:50:08.383Z] GET /api/entries/255?periodo=2026
[2026-03-06T23:50:08.384Z] GET /api/entries/257?periodo=2026
[2026-03-06T23:50:08.384Z] GET /api/entries/258?periodo=2026
[2026-03-06T23:50:08.385Z] GET /api/entries/259?periodo=2026
[2026-03-06T23:50:08.385Z] GET /api/entries/260?periodo=2026
[2026-03-06T23:50:08.386Z] GET /api/entries/261?periodo=2026
[2026-03-06T23:50:08.386Z] GET /api/entries/262?periodo=2026
[2026-03-06T23:50:08.386Z] GET /api/entries/263?periodo=2026
[2026-03-06T23:50:08.388Z] GET /api/entries/266?periodo=2026
[2026-03-06T23:50:08.388Z] GET /api/entries/264?periodo=2026
[2026-03-06T23:50:08.389Z] GET /api/entries/267?periodo=2026
[2026-03-06T23:50:08.389Z] GET /api/entries/265?periodo=2026
[2026-03-06T23:50:08.391Z] GET /api/entries/268?periodo=2026
[2026-03-06T23:50:08.391Z] GET /api/entries/269?periodo=2026
[2026-03-06T23:50:08.391Z] GET /api/entries/273?periodo=2026
[2026-03-06T23:50:08.392Z] GET /api/entries/271?periodo=2026
[2026-03-06T23:50:08.392Z] GET /api/entries/272?periodo=2026
[2026-03-06T23:50:08.393Z] GET /api/entries/270?periodo=2026
[2026-03-06T23:50:08.393Z] GET /api/entries/275?periodo=2026
[2026-03-06T23:50:08.393Z] GET /api/entries/274?periodo=2026
[2026-03-06T23:50:08.394Z] GET /api/entries/276?periodo=2026
[2026-03-06T23:50:08.394Z] GET /api/entries/277?periodo=2026
[2026-03-06T23:50:08.394Z] GET /api/entries/278?periodo=2026
[2026-03-06T23:50:08.395Z] GET /api/entries/280?periodo=2026
[2026-03-06T23:50:08.395Z] GET /api/entries/279?periodo=2026
[2026-03-06T23:50:08.396Z] GET /api/entries/282?periodo=2026
[2026-03-06T23:50:08.396Z] GET /api/entries/281?periodo=2026
[2026-03-06T23:50:08.396Z] GET /api/entries/284?periodo=2026
[2026-03-06T23:50:08.397Z] GET /api/entries/286?periodo=2026
[2026-03-06T23:50:08.397Z] GET /api/entries/285?periodo=2026
[2026-03-06T23:50:08.398Z] GET /api/entries/283?periodo=2026
[2026-03-06T23:50:08.398Z] GET /api/entries/288?periodo=2026
[2026-03-06T23:50:08.398Z] GET /api/entries/289?periodo=2026
[2026-03-06T23:50:08.399Z] GET /api/entries/293?periodo=2026
[2026-03-06T23:50:08.399Z] GET /api/entries/290?periodo=2026
[2026-03-06T23:50:08.400Z] GET /api/entries/291?periodo=2026
[2026-03-06T23:50:08.400Z] GET /api/entries/292?periodo=2026
[2026-03-06T23:50:08.400Z] GET /api/entries/294?periodo=2026
[2026-03-06T23:50:08.401Z] GET /api/entries/296?periodo=2026
[2026-03-06T23:50:08.401Z] GET /api/entries/297?periodo=2026
[2026-03-06T23:50:08.402Z] GET /api/entries/298?periodo=2026
[2026-03-06T23:50:08.402Z] GET /api/entries/295?periodo=2026
[2026-03-06T23:50:08.403Z] GET /api/entries/301?periodo=2026
[2026-03-06T23:50:08.403Z] GET /api/entries/299?periodo=2026
[2026-03-06T23:50:08.404Z] GET /api/entries/300?periodo=2026
[2026-03-06T23:50:08.404Z] GET /api/entries/302?periodo=2026
[2026-03-06T23:50:08.404Z] GET /api/entries/303?periodo=2026
[2026-03-06T23:50:08.405Z] GET /api/entries/306?periodo=2026
[2026-03-06T23:50:08.405Z] GET /api/entries/307?periodo=2026
[2026-03-06T23:50:08.406Z] GET /api/entries/305?periodo=2026
[2026-03-06T23:50:08.406Z] GET /api/entries/304?periodo=2026
[2026-03-06T23:50:08.406Z] GET /api/entries/416?periodo=2026
[2026-03-06T23:50:08.407Z] GET /api/entries/417?periodo=2026
[2026-03-06T23:50:08.407Z] GET /api/entries/414?periodo=2026
[2026-03-06T23:50:09.796Z] OPTIONS /api/tracking/all
[2026-03-06T23:50:09.797Z] GET /api/tracking/all
[2026-03-06T23:50:09.812Z] GET /api/tracking/all
[2026-03-06T23:50:10.776Z] OPTIONS /api/narratives/inbox?periodo=2026
[2026-03-06T23:50:10.776Z] GET /api/narratives/inbox?periodo=2026
[2026-03-06T23:50:10.780Z] GET /api/narratives/inbox?periodo=2026
[2026-03-06T23:50:17.065Z] OPTIONS /api/tracking/narrativa/2473
[2026-03-06T23:50:17.066Z] GET /api/tracking/narrativa/2473
[2026-03-06T23:50:17.070Z] GET /api/tracking/narrativa/2473
[2026-03-06T23:50:21.039Z] OPTIONS /api/export/word/narrative/2473
[2026-03-06T23:50:21.039Z] GET /api/export/word/narrative/2473
[2026-03-06T23:51:30.248Z] OPTIONS /api/auth/login
[2026-03-06T23:51:30.250Z] POST /api/auth/login
Login Successful: saluddemo@seplan.gob.mx | Roles: Capturista | Mission: 3
[2026-03-06T23:51:30.347Z] OPTIONS /api/tracking/observations/count?periodo=2026
[2026-03-06T23:51:30.347Z] OPTIONS /api/tracking/observations/count?periodo=2026
[2026-03-06T23:51:30.348Z] OPTIONS /api/dashboard/stats?periodo=2026
[2026-03-06T23:51:30.348Z] OPTIONS /api/activities?periodo=2026
[2026-03-06T23:51:30.348Z] GET /api/tracking/observations/count?periodo=2026
[2026-03-06T23:51:30.349Z] GET /api/tracking/observations/count?periodo=2026
[2026-03-06T23:51:30.349Z] GET /api/dashboard/stats?periodo=2026
[2026-03-06T23:51:30.350Z] GET /api/activities?periodo=2026
[2026-03-06T23:51:30.359Z] GET /api/activities?periodo=2026
[2026-03-06T23:51:30.361Z] GET /api/dashboard/stats?periodo=2026
[2026-03-06T23:51:31.943Z] OPTIONS /api/narratives/my-captures?periodo=2026
[2026-03-06T23:51:31.944Z] GET /api/narratives/my-captures?periodo=2026
[2026-03-06T23:51:31.946Z] GET /api/narratives/my-captures?periodo=2026
[2026-03-06T23:51:32.893Z] OPTIONS /api/catalogs/ods?periodo=2026
[2026-03-06T23:51:32.893Z] OPTIONS /api/catalogs/narrative-titles?periodo=2026
[2026-03-06T23:51:32.894Z] OPTIONS /api/catalogs/ped/missions?periodo=2026
[2026-03-06T23:51:32.894Z] OPTIONS /api/catalogs/ped/objectives
[2026-03-06T23:51:32.894Z] OPTIONS /api/catalogs/ped/strategies
[2026-03-06T23:51:32.894Z] GET /api/catalogs/ods?periodo=2026
[2026-03-06T23:51:32.895Z] OPTIONS /api/catalogs/ped/action-lines
[2026-03-06T23:51:32.895Z] GET /api/catalogs/narrative-titles?periodo=2026
[2026-03-06T23:51:32.896Z] GET /api/catalogs/ped/missions?periodo=2026
[2026-03-06T23:51:32.896Z] GET /api/catalogs/ped/strategies
[2026-03-06T23:51:32.896Z] GET /api/catalogs/ped/objectives
[2026-03-06T23:51:32.897Z] OPTIONS /api/catalogs/ppas-types
[2026-03-06T23:51:32.897Z] OPTIONS /api/catalogs/budget-programs?periodo=2026
[2026-03-06T23:51:32.897Z] GET /api/catalogs/ped/action-lines
[2026-03-06T23:51:32.898Z] GET /api/catalogs/ped/missions?periodo=2026
[2026-03-06T23:51:32.898Z] GET /api/catalogs/ods?periodo=2026
[2026-03-06T23:51:32.899Z] GET /api/catalogs/ppas-types
[2026-03-06T23:51:32.902Z] GET /api/catalogs/budget-programs?periodo=2026
[2026-03-06T23:51:32.908Z] GET /api/catalogs/ped/strategies
[2026-03-06T23:51:32.908Z] GET /api/catalogs/ped/objectives
[2026-03-06T23:51:32.908Z] GET /api/catalogs/ppas-types
[2026-03-06T23:51:32.910Z] GET /api/catalogs/narrative-titles?periodo=2026
[2026-03-06T23:51:32.911Z] GET /api/catalogs/ped/action-lines
[2026-03-06T23:51:32.912Z] OPTIONS /api/catalogs/default-classification
[2026-03-06T23:51:32.912Z] GET /api/catalogs/budget-programs?periodo=2026
[2026-03-06T23:51:32.913Z] GET /api/catalogs/default-classification
[default-classification] JWT user.id=156 type=string
[default-classification] depRaw=[{"name":"Secretaría de Salud"}]
Default classification for "Secretaría de Salud": titulo="SISTEMA DE SALUD PARA EL BIENESTAR"(14), tema="PROMOCIÓN, PREVENCIÓN Y ATENCIÓN TEMPRANA"(26), subtema="Cuidado de la salud mental y prevención de las adicciones"(14) | allowed: 1 titulos
[2026-03-06T23:51:32.920Z] GET /api/catalogs/default-classification
[default-classification] JWT user.id=156 type=string
[2026-03-06T23:51:32.921Z] OPTIONS /api/catalogs/narrative-themes?periodo=2026&title_id=14
[default-classification] depRaw=[{"name":"Secretaría de Salud"}]
[2026-03-06T23:51:32.923Z] GET /api/catalogs/narrative-themes?periodo=2026&title_id=14
Default classification for "Secretaría de Salud": titulo="SISTEMA DE SALUD PARA EL BIENESTAR"(14), tema="PROMOCIÓN, PREVENCIÓN Y ATENCIÓN TEMPRANA"(26), subtema="Cuidado de la salud mental y prevención de las adicciones"(14) | allowed: 1 titulos
[2026-03-06T23:51:32.927Z] OPTIONS /api/catalogs/narrative-subthemes?periodo=2026&theme_id=26
[2026-03-06T23:51:32.927Z] GET /api/catalogs/narrative-subthemes?periodo=2026&theme_id=26
[2026-03-06T23:51:32.927Z] GET /api/catalogs/narrative-themes?periodo=2026&title_id=14
[2026-03-06T23:51:32.929Z] GET /api/catalogs/narrative-subthemes?periodo=2026&theme_id=26
[2026-03-06T23:51:52.729Z] OPTIONS /api/auth/login
[2026-03-06T23:51:52.730Z] POST /api/auth/login
Login Successful: admin@seplan.gob.mx | Roles: SuperAdministrador | Mission: undefined
[2026-03-06T23:51:52.776Z] OPTIONS /api/dashboard/stats?periodo=2026
[2026-03-06T23:51:52.776Z] OPTIONS /api/activities?periodo=2026
[2026-03-06T23:51:52.777Z] GET /api/activities?periodo=2026
[2026-03-06T23:51:52.778Z] GET /api/dashboard/stats?periodo=2026
[2026-03-06T23:51:52.785Z] GET /api/activities?periodo=2026
[2026-03-06T23:51:52.791Z] GET /api/dashboard/stats?periodo=2026
[2026-03-07T00:12:25.680Z] OPTIONS /api/stats/global?periodo=2026
[2026-03-07T00:12:25.681Z] GET /api/stats/global?periodo=2026
[2026-03-07T00:12:25.715Z] GET /api/stats/global?periodo=2026
